date,gold_open,gold_high,gold_low,gold_close,gold_volume,dxy,gld,silver,vix,spx,DFII10,DGS10,DGS2,DGS5,T10YIE,T5YIFR,etf_flow_proxy,is_fomc_day,is_cpi_day,is_nfp_day,is_pce_day,event_any,pre_event_day,post_event_day
2008-01-02,848.7000122070312,857.7999877929688,846.4000244140625,857.0,130,75.97000122070312,84.86000061035156,15.166999816894531,23.170000076293945,1447.1600341796875,,,,,,,,0,0,0,0,0,0,0
2008-01-03,863.0,865.5,856.2999877929688,866.4000244140625,181,75.88999938964844,85.56999969482422,15.381999969482422,22.489999771118164,1447.1600341796875,,,,,,,,0,0,0,0,0,0,0
2008-01-04,861.4000244140625,865.5,860.2000122070312,863.0999755859375,28,75.79000091552734,85.12999725341797,15.345999717712402,23.940000534057617,1411.6300048828125,,,,,,,,0,0,0,0,0,0,0
2008-01-07,860.9000244140625,860.9000244140625,857.4000244140625,859.5999755859375,4,76.16999816894531,84.7699966430664,15.180000305175781,23.790000915527344,1416.1800537109375,,,,,,,,0,0,0,0,0,0,0
2008-01-08,861.5999755859375,879.4000244140625,861.5999755859375,878.0,21,76.11000061035156,86.77999877929688,15.706999778747559,25.43000030517578,1390.18994140625,,,,,,,,0,0,0,0,0,0,0
2008-01-09,885.0,885.0,876.0,879.5,48,76.41999816894531,86.55000305175781,15.734000205993652,24.1200008392334,1409.1300048828125,,,,,,,,0,0,0,0,0,0,0
2008-01-10,882.0,891.4000244140625,881.2000122070312,891.7000122070312,6,75.93000030517578,88.25,16.17300033569336,23.450000762939453,1420.3299560546875,,,,,,,,0,0,0,0,0,0,0
2008-01-11,889.7999877929688,899.7000122070312,889.7000122070312,896.0999755859375,183,75.9800033569336,88.58000183105469,16.273000717163086,23.68000030517578,1401.02001953125,,,,,,,,0,0,0,0,0,0,0
2008-01-14,907.2999877929688,907.2999877929688,905.0,901.5999755859375,89,75.61000061035156,89.54000091552734,16.325000762939453,22.899999618530273,1416.25,,,,,,,,0,0,0,0,0,0,0
2008-01-15,887.5999755859375,887.5999755859375,887.5999755859375,901.0,101,75.56999969482422,87.98999786376953,16.204999923706055,23.34000015258789,1380.949951171875,,,,,,,,0,0,0,0,0,0,0
2008-01-16,880.5,885.7999877929688,880.5,880.5999755859375,102,76.26000213623047,86.69999694824219,15.807000160217285,24.3799991607666,1373.199951171875,,,,,,,,0,0,0,0,0,0,0
2008-01-17,888.2000122070312,888.2000122070312,876.7999877929688,879.5,11,76.16999816894531,86.5,15.930000305175781,28.459999084472656,1333.25,,,,,,,,0,0,0,0,0,0,0
2008-01-18,871.7999877929688,886.7999877929688,871.0,880.7999877929688,30,76.37999725341797,87.41999816894531,16.13800048828125,27.18000030517578,1325.18994140625,,,,,,,,0,0,0,0,0,0,0
2008-01-22,878.7000122070312,891.0,863.2000122070312,889.5999755859375,30,76.3499984741211,88.16999816894531,16.030000686645508,31.010000228881836,1310.5,,,,,,,,0,0,0,0,0,0,0
2008-01-23,885.0,895.7000122070312,880.0,882.5,49,76.4000015258789,87.88999938964844,15.902000427246094,29.020000457763672,1338.5999755859375,,,,,,,,0,0,0,0,0,0,0
2008-01-24,890.9000244140625,906.5999755859375,890.9000244140625,905.5,6,75.69000244140625,90.08000183105469,16.273000717163086,27.780000686645508,1352.0699462890625,,,,,,,,0,0,0,0,0,0,0
2008-01-25,910.5,910.5,910.5,910.5,6,75.97000122070312,90.30000305175781,16.42799949645996,29.079999923706055,1330.6099853515625,,,,,,,,0,0,0,0,0,0,0
2008-01-28,916.5999755859375,922.0,914.5,927.0999755859375,25,75.58000183105469,91.75,16.690000534057617,27.780000686645508,1353.9599609375,,,,,,,,0,0,0,0,0,0,0
2008-01-29,925.0,925.0,925.0,925.0999755859375,157692,75.54000091552734,91.1500015258789,16.7450008392334,27.31999969482422,1362.300048828125,,,,,,,,0,0,0,0,0,0,0
2008-01-30,924.4000244140625,936.2999877929688,915.2999877929688,920.5999755859375,68820,75.02999877929688,92.05999755859375,16.711000442504883,27.6200008392334,1355.81005859375,,,,,,,,0,0,0,0,0,0,0
2008-01-31,928.2000122070312,928.5999755859375,918.2999877929688,922.7000122070312,4289,75.18000030517578,91.4000015258789,16.947999954223633,26.200000762939453,1378.550048828125,,,,,,,0.29845047556937493,0,0,0,0,0,0,0
2008-02-01,924.7999877929688,936.2000122070312,903.7000122070312,908.7000122070312,2152,75.44999694824219,89.3499984741211,16.823999404907227,24.020000457763672,1395.4200439453125,,,,,,,-1.090151615402249,0,0,0,0,0,0,0
2008-02-04,903.7000122070312,912.0,892.5,904.9000244140625,1493,75.37000274658203,89.0999984741211,16.739999771118164,25.989999771118164,1380.8199462890625,,,,,,,-0.7915441975214839,0,0,0,0,0,0,0
2008-02-05,905.0999755859375,905.2000122070312,884.7000122070312,885.9000244140625,476,76.12000274658203,87.68000030517578,16.30299949645996,28.239999771118164,1336.6400146484375,,,,,,,0.21513149459000241,0,0,0,0,0,0,0
2008-02-06,887.9000244140625,910.0,887.5,900.7000122070312,430,76.13999938964844,88.94999694824219,16.507999420166016,28.969999313354492,1326.449951171875,,,,,,,-0.2193222036266646,0,0,0,0,0,0,0
2008-02-07,900.5999755859375,909.2999877929688,896.4000244140625,906.0999755859375,463,76.94000244140625,89.8499984741211,16.735000610351562,27.65999984741211,1336.9100341796875,,,,,,,0.6028703225362568,0,0,0,0,0,0,0
2008-02-08,915.2999877929688,920.0,911.5,918.4000244140625,339,76.66999816894531,91.0,17.075000762939453,28.010000228881836,1331.2900390625,,,,,,,0.43405997109949085,0,0,0,0,0,0,0
2008-02-11,920.7000122070312,926.9000244140625,917.5,922.9000244140625,181,76.58000183105469,91.33000183105469,17.433000564575195,27.600000381469727,1339.1300048828125,,,,,,,0.1634468614511821,0,0,0,0,0,0,0
2008-02-12,921.0,924.7999877929688,904.2000122070312,907.4000244140625,278,76.31999969482422,89.33000183105469,17.218000411987305,26.329999923706055,1348.8599853515625,,,,,,,-0.9210329467827553,0,0,0,0,0,0,0
2008-02-13,903.0,909.4000244140625,897.2000122070312,906.5,89,76.4000015258789,89.44000244140625,17.326000213623047,24.8799991607666,1367.2099609375,,,,,,,-0.43562591258742195,0,0,0,0,0,0,0
2008-02-14,904.0,911.0,904.0,907.4000244140625,128,76.1500015258789,89.70999908447266,17.229999542236328,25.540000915527344,1348.8599853515625,,,,,,,0.00498438457919247,0,0,0,0,0,0,0
2008-02-15,910.0999755859375,913.5999755859375,898.7000122070312,902.7999877929688,128,76.0999984741211,89.1500015258789,17.097999572753906,25.020000457763672,1349.989990234375,,,,,,,-0.25243510355013116,0,0,0,0,0,0,0
2008-02-19,904.2999877929688,928.7999877929688,900.5,926.5999755859375,174,76.0,91.58000183105469,17.489999771118164,25.59000015258789,1348.780029296875,,,,,,,-0.05532637712452,0,0,0,0,0,0,0
2008-02-20,926.5,945.0,919.5999755859375,934.5999755859375,73,76.12000274658203,93.23999786376953,17.7450008392334,24.399999618530273,1360.030029296875,,,,,,,1.9427684683688602,0,0,0,0,0,0,0
2008-02-21,940.0999755859375,953.4000244140625,940.0999755859375,946.0999755859375,138,75.5999984741211,93.25,17.940000534057617,25.1200008392334,1342.530029296875,,,,,,,-0.6971194019277069,0,0,0,0,0,0,0
2008-02-22,944.9000244140625,948.5,942.5,944.7000122070312,79,75.5199966430664,93.38999938964844,18.024999618530273,24.059999465942383,1353.1099853515625,,,,,,,-0.04172427514458967,0,0,0,0,0,0,0
2008-02-25,946.5,948.9000244140625,933.0,937.5999755859375,312,75.52999877929688,92.73999786376953,18.079999923706055,23.030000686645508,1371.800048828125,,,,,,,0.08210862685946446,0,0,0,0,0,0,0
2008-02-26,931.2999877929688,949.0,931.2999877929688,946.0999755859375,224,74.76000213623047,93.70999908447266,18.711999893188477,21.899999618530273,1381.2900390625,,,,,,,0.38898406507852756,0,0,0,0,0,0,0
2008-02-27,960.0,960.0,955.0,958.2000122070312,215,74.20999908447266,94.77999877929688,19.20199966430664,22.690000534057617,1380.02001953125,,,,,,,0.07738256110261044,0,0,0,0,0,0,0
2008-02-28,957.4000244140625,972.0999755859375,954.4000244140625,964.5,238,73.72000122070312,95.98999786376953,19.6299991607666,23.530000686645508,1367.6800537109375,,,,,,,1.4456087018184094,0,0,0,0,0,0,0
2008-02-29,971.4000244140625,973.0999755859375,963.5,972.0999755859375,39,73.70999908447266,96.18000030517578,19.808000564575195,26.540000915527344,1330.6300048828125,,,,,,,0.09761576169875501,0,0,0,0,0,0,0
2008-03-03,984.2000122070312,986.9000244140625,979.7000122070312,981.5,26,73.69999694824219,97.23999786376953,20.072999954223633,26.280000686645508,1331.3399658203125,,,,,,,0.40196858441216515,0,0,0,0,0,0,0
2008-03-04,982.4000244140625,984.5,963.7999877929688,963.9000244140625,41,73.66000366210938,95.18000030517578,19.738000869750977,25.520000457763672,1326.75,,,,,,,-0.36927233196458265,0,0,0,0,0,0,0
2008-03-05,965.0,992.7000122070312,963.9000244140625,986.2000122070312,45,73.4800033569336,97.72000122070312,20.684999465942383,24.600000381469727,1333.699951171875,,,,,,,0.4436900683115304,0,0,0,0,0,0,0
2008-03-06,984.2999877929688,987.7000122070312,973.4000244140625,975.0,46,73.0,96.5,20.131000518798828,27.549999237060547,1304.3399658203125,,,,,,,0.1690571662384113,0,0,0,0,0,0,0
2008-03-07,982.7999877929688,984.9000244140625,972.4000244140625,972.2000122070312,96,73.02999877929688,96.08999633789062,20.158000946044922,27.489999771118164,1293.3699951171875,,,,,,,-0.16255042344712295,0,0,0,0,0,0,0
2008-03-10,975.5,976.7999877929688,964.7000122070312,969.9000244140625,92,72.98999786376953,95.87000274658203,19.697999954223633,29.3799991607666,1273.3699951171875,,,,,,,-0.14236941063380085,0,0,0,0,0,0,0
2008-03-11,975.7000122070312,976.7000122070312,971.5,974.2000122070312,12,73.27999877929688,95.98999786376953,19.676000595092773,26.360000610351562,1320.6500244140625,,,,,,,-0.9053239712301703,0,0,0,0,0,0,0
2008-03-12,973.5999755859375,979.2999877929688,973.5,978.7999877929688,6,72.4000015258789,97.01000213623047,19.910999298095703,27.219999313354492,1308.77001953125,,,,,,,0.5336796527445928,0,0,0,0,0,0,0
2008-03-13,983.7000122070312,998.5,983.7000122070312,992.2999877929688,10,72.06999969482422,98.33999633789062,20.339000701904297,27.290000915527344,1315.47998046875,,,,,,,0.5069620421927076,0,0,0,0,0,0,0
2008-03-14,993.9000244140625,1004.5999755859375,993.0,998.2000122070312,27,71.66000366210938,98.70999908447266,20.573999404907227,31.15999984741211,1288.1400146484375,,,,,,,-0.03801769208682974,0,0,0,0,0,0,0
2008-03-17,1005.0,1014.5999755859375,996.4000244140625,1001.4000244140625,82,71.45999908447266,99.16999816894531,20.222000122070312,32.2400016784668,1276.5999755859375,,,,,,,0.325666746234238,0,0,0,0,0,0,0
2008-03-18,1003.5999755859375,1010.0,978.2000122070312,1003.2000122070312,30,71.56999969482422,96.5,19.889999389648438,25.790000915527344,1330.739990234375,,,,,,,-4.979343241316482,0,0,0,0,0,0,0
2008-03-19,979.2999877929688,979.2999877929688,938.4000244140625,944.7000122070312,84,72.13999938964844,93.04000091552734,18.395000457763672,29.84000015258789,1298.4200439453125,,,,,,,-0.6787458102256428,0,0,0,0,0,0,0
2008-03-20,939.9000244140625,943.2000122070312,917.7000122070312,919.5999755859375,34,72.75,89.91000366210938,16.80500030517578,26.6200008392334,1329.510009765625,,,,,,,-1.9338053875186247,0,0,0,0,0,0,0
2008-03-24,915.5,922.0,915.2000122070312,918.2999877929688,71,72.94999694824219,90.0999984741211,17.066999435424805,25.729999542236328,1349.8800048828125,,,,,,,-1.2711214919891571,0,0,0,0,0,0,0
2008-03-25,931.5,933.9000244140625,927.2000122070312,934.5999755859375,102,72.27999877929688,92.7300033569336,17.761999130249023,25.719999313354492,1352.989990234375,,,,,,,0.72469749842273,0,0,0,0,0,0,0
2008-03-26,949.5999755859375,949.5999755859375,949.5999755859375,949.0,1,71.51000213623047,93.80000305175781,18.34600067138672,26.079999923706055,1341.1300048828125,,,,,,,0.033996387232967974,0,0,0,0,0,0,0
2008-03-27,947.4000244140625,951.7000122070312,945.7000122070312,948.7999877929688,145634,71.66000366210938,93.45999908447266,18.51300048828125,25.8799991607666,1325.760009765625,,,,,,,-0.5812378132723048,0,0,0,0,0,0,0
2008-03-28,947.5,951.0999755859375,921.7999877929688,930.5999755859375,64013,71.68000030517578,91.87999725341797,17.899999618530273,25.709999084472656,1315.219970703125,,,,,,,-0.15623849725379446,0,0,0,0,0,0,0
2008-03-31,931.0,940.0999755859375,912.0,916.2000122070312,5980,71.80000305175781,90.41000366210938,17.274999618530273,25.610000610351562,1322.699951171875,,,,,,,-0.2524614736442918,0,0,0,0,0,0,0
2008-04-01,915.0,919.7999877929688,871.7999877929688,882.9000244140625,3204,72.55999755859375,86.86000061035156,16.854999542236328,22.68000030517578,1370.1800537109375,,,,,,,-0.8047067657132582,0,0,0,0,0,0,0
2008-04-02,884.0,906.5,881.2000122070312,895.2000122070312,2367,72.26000213623047,89.2699966430664,17.14699935913086,23.43000030517578,1367.530029296875,,,,,,,1.6735993624347438,0,0,0,0,0,0,0
2008-04-03,901.2000122070312,907.5,889.5999755859375,905.0,984,72.22000122070312,89.41999816894531,17.44700050354004,23.209999084472656,1369.31005859375,,,,,,,-0.020286249000241247,0,0,0,0,0,0,0
2008-04-04,904.7000122070312,914.9000244140625,898.7999877929688,909.0,279,72.0199966430664,90.25,17.722000122070312,22.450000762939453,1370.4000244140625,,,,,,,0.8499375908657816,0,0,0,0,0,0,0
2008-04-07,915.2999877929688,927.2000122070312,912.2999877929688,922.7000122070312,2086,72.19999694824219,91.16999816894531,18.086999893188477,22.420000076293945,1372.5400390625,,,,,,,-0.03837612127210155,0,0,0,0,0,0,0
2008-04-08,924.2000122070312,925.2999877929688,909.2999877929688,914.0,405,72.2300033569336,90.3499984741211,17.674999237060547,22.360000610351562,1365.5400390625,,,,,,,0.03508364685439375,0,0,0,0,0,0,0
2008-04-09,916.0,935.5,904.0999755859375,933.5999755859375,390,71.83000183105469,92.29000091552734,18.170000076293945,22.809999465942383,1354.489990234375,,,,,,,0.03963335363982796,0,0,0,0,0,0,0
2008-04-10,931.2999877929688,939.2000122070312,922.4000244140625,928.2999877929688,409,72.12000274658203,91.7699966430664,18.01300048828125,21.979999542236328,1360.550048828125,,,,,,,0.0343927198544069,0,0,0,0,0,0,0
2008-04-11,919.5999755859375,931.2000122070312,919.5999755859375,923.5999755859375,141,71.80999755859375,91.30000305175781,17.667999267578125,23.459999084472656,1332.8299560546875,,,,,,,0.027016476413774488,0,0,0,0,0,0,0
2008-04-14,917.0,929.4000244140625,915.5999755859375,925.4000244140625,153,71.87999725341797,91.11000061035156,17.76799964904785,23.81999969482422,1328.3199462890625,,,,,,,-0.7002356621585618,0,0,0,0,0,0,0
2008-04-15,924.2999877929688,936.0,924.2999877929688,928.7000122070312,168,72.0199966430664,91.66000366210938,17.829999923706055,22.780000686645508,1334.4300537109375,,,,,,,-0.23311815384756646,0,0,0,0,0,0,0
2008-04-16,927.2000122070312,948.7000122070312,927.2000122070312,945.0999755859375,161,71.41000366210938,93.2699966430664,18.30500030517578,20.530000686645508,1364.7099609375,,,,,,,-0.2921260141487874,0,0,0,0,0,0,0
2008-04-17,927.2000122070312,947.9000244140625,938.7000122070312,939.7999877929688,209,71.68000030517578,92.55999755859375,18.28700065612793,20.3700008392334,1365.56005859375,,,,,,,-0.6806432550513021,0,0,0,0,0,0,0
2008-04-18,936.0,936.0,907.2000122070312,912.2000122070312,145,72.01000213623047,90.62000274658203,17.802000045776367,20.1299991607666,1390.3299560546875,,,,,,,0.9497090904725046,0,0,0,0,0,0,0
2008-04-21,922.5,924.5999755859375,914.0999755859375,914.7000122070312,449,71.6500015258789,90.25,17.341999053955078,20.5,1388.1700439453125,,,,,,,-0.34961580450457125,0,0,0,0,0,0,0
2008-04-22,920.5999755859375,922.7999877929688,916.2000122070312,922.2999877929688,625,71.33000183105469,90.2699966430664,17.697999954223633,20.8700008392334,1375.93994140625,,,,,,,-1.8112043720292563,0,0,0,0,0,0,0
2008-04-23,916.7999877929688,921.5,898.7999877929688,906.2000122070312,111,71.81999969482422,89.22000122070312,17.155000686645508,20.260000228881836,1379.9300537109375,,,,,,,-0.6807898230958789,0,0,0,0,0,0,0
2008-04-24,902.4000244140625,904.7999877929688,885.0999755859375,886.7999877929688,80,72.54000091552734,87.22000122070312,16.652000427246094,20.059999465942383,1388.8199462890625,,,,,,,-0.8491130465044116,0,0,0,0,0,0,0
2008-04-25,878.2000122070312,893.5999755859375,878.0999755859375,887.2000122070312,77,72.79000091552734,87.2699966430664,16.84600067138672,19.59000015258789,1397.8399658203125,,,,,,,-0.800180309104901,0,0,0,0,0,0,0
2008-04-28,887.0,893.7999877929688,887.0,892.9000244140625,339,72.79000091552734,87.69000244140625,17.01099967956543,19.639999389648438,1396.3699951171875,,,,,,,-1.0744004376168441,0,0,0,0,0,0,0
2008-04-29,890.5999755859375,890.5999755859375,869.5999755859375,874.2000122070312,136,72.88999938964844,85.80999755859375,16.540000915527344,20.239999771118164,1390.93994140625,,,,,,,-1.1484349585554772,0,0,0,0,0,0,0
2008-04-30,868.7000122070312,875.2000122070312,863.0,862.7999877929688,88,72.51000213623047,86.6500015258789,16.50200080871582,20.790000915527344,1385.5899658203125,,,,,,,3.0703206484280936,0,0,0,0,0,0,0
2008-05-01,855.0,873.5,849.5999755859375,848.9000244140625,28,73.27999877929688,83.98999786376953,16.121000289916992,18.8799991607666,1409.3399658203125,,,,,,,0.3255323828837285,0,0,0,0,0,0,0
2008-05-02,853.2999877929688,857.7000122070312,853.2999877929688,856.0999755859375,6,73.5,84.58000183105469,16.381000518798828,18.18000030517578,1413.9000244140625,,,,,,,0.04777408294638099,0,0,0,0,0,0,0
2008-05-05,861.2000122070312,872.7999877929688,861.2000122070312,872.2999877929688,35,73.19000244140625,86.2699966430664,16.746000289916992,18.899999618530273,1407.489990234375,,,,,,,0.22610445028705875,0,0,0,0,0,0,0
2008-05-06,872.2999877929688,881.4000244140625,872.2999877929688,876.0,47,73.0,86.62999725341797,16.780000686645508,18.209999084472656,1418.260009765625,,,,,,,0.21601596452986763,0,0,0,0,0,0,0
2008-05-07,868.0,869.4000244140625,864.7999877929688,869.5999755859375,43,73.51000213623047,85.81999969482422,16.617000579833984,19.729999542236328,1392.5699462890625,,,,,,,-0.16156683679637357,0,0,0,0,0,0,0
2008-05-08,871.0,883.2999877929688,867.0999755859375,880.5999755859375,71,73.4800033569336,87.23999786376953,16.79400062561035,19.399999618530273,1397.6800537109375,,,,,,,0.5499336815737651,0,0,0,0,0,0,0
2008-05-09,883.9000244140625,884.7000122070312,883.9000244140625,884.5,25,73.05000305175781,87.41999816894531,16.843000411987305,19.40999984741211,1388.280029296875,,,,,,,0.122036640858739,0,0,0,0,0,0,0
2008-05-12,879.2000122070312,886.5,879.2000122070312,883.7000122070312,56,72.94999694824219,86.98999786376953,17.158000946044922,17.790000915527344,1403.5799560546875,,,,,,,-0.6046938832790512,0,0,0,0,0,0,0
2008-05-13,862.9000244140625,870.4000244140625,862.9000244140625,868.5,17,73.2699966430664,85.38999938964844,16.76300048828125,17.979999542236328,1403.0400390625,,,,,,,-0.821853992341809,0,0,0,0,0,0,0
2008-05-14,862.7999877929688,868.5999755859375,862.7999877929688,865.4000244140625,41,73.4000015258789,85.19999694824219,16.549999237060547,17.65999984741211,1408.6600341796875,,,,,,,-0.5670388906054601,0,0,0,0,0,0,0
2008-05-15,865.7999877929688,886.2999877929688,865.7999877929688,879.0,121,73.3499984741211,87.0,16.62700080871582,16.299999237060547,1423.5699462890625,,,,,,,0.4043044507011716,0,0,0,0,0,0,0
2008-05-16,892.0,904.2000122070312,892.0,899.0,85,72.83999633789062,89.0999984741211,16.90399932861328,16.469999313354492,1425.3499755859375,,,,,,,0.6403374922348773,0,0,0,0,0,0,0
2008-05-19,905.0,905.0,905.0,905.0,2,73.04000091552734,89.38999938964844,16.974000930786133,17.010000228881836,1426.6300048828125,,,,,,,0.019096290722363168,0,0,0,0,0,0,0
2008-05-20,919.5,919.5,919.5,919.5,2,72.4000015258789,90.9000015258789,17.67099952697754,17.579999923706055,1413.4000244140625,,,,,,,0.20819403637478065,0,0,0,0,0,0,0
2008-05-21,923.5,924.0,923.2000122070312,928.0,3,71.94000244140625,91.95999908447266,17.99799919128418,18.59000015258789,1390.7099609375,,,,,,,0.6415380497890277,0,0,0,0,0,0,0
2008-05-22,917.5999755859375,917.5999755859375,917.5999755859375,917.9000244140625,1,72.27999877929688,90.9800033569336,17.975000381469727,18.049999237060547,1394.3499755859375,,,,,,,0.6745261712086069,0,0,0,0,0,0,0
2008-05-23,916.9000244140625,925.5999755859375,916.0,925.5999755859375,1,71.88999938964844,91.2300033569336,18.240999221801758,19.549999237060547,1375.9300537109375,,,,,,,-0.36480863310919126,0,0,0,0,0,0,0
2008-05-27,912.0,912.0,906.5,907.7000122070312,25,72.33999633789062,89.36000061035156,17.424999237060547,19.639999389648438,1385.3499755859375,,,,,,,-0.5671348512072949,0,0,0,0,0,0,0
2008-05-28,900.5,900.5,900.5,900.5,149889,72.55000305175781,89.13999938964844,17.3799991607666,19.06999969482422,1390.8399658203125,,,,,,,0.45762263197698755,0,0,0,0,0,0,0
2008-05-29,903.0,903.2000122070312,872.0999755859375,877.2000122070312,64624,73.0199966430664,86.51000213623047,16.476999282836914,18.139999389648438,1398.260009765625,,,,,,,-0.21654084713723082,0,0,0,0,0,0,0
2008-05-30,880.2000122070312,888.5,868.5999755859375,887.2999877929688,6671,72.87999725341797,87.44999694824219,16.82699966430664,17.829999923706055,1400.3800048828125,,,,,,,-0.32659764340425684,0,0,0,0,0,0,0
2008-06-02,887.2999877929688,898.0,881.7999877929688,892.9000244140625,2132,72.93000030517578,87.95999908447266,16.874000549316406,19.829999923706055,1385.6700439453125,,,,,,,-0.40074116718426267,0,0,0,0,0,0,0
2008-06-03,889.7999877929688,896.0999755859375,874.5999755859375,881.5999755859375,2079,73.23999786376953,86.87999725341797,16.798999786376953,20.239999771118164,1377.6500244140625,,,,,,,-0.3218396902900273,0,0,0,0,0,0,0
2008-06-04,879.5,886.0999755859375,876.0,879.9000244140625,612,73.41999816894531,86.6500015258789,16.9060001373291,20.799999237060547,1377.199951171875,,,,,,,-0.4412225801931213,0,0,0,0,0,0,0
2008-06-05,876.0999755859375,878.7999877929688,865.4000244140625,871.7999877929688,340,73.04000091552734,86.44999694824219,17.136999130249023,18.6299991607666,1404.050048828125,,,,,,,0.8748322912300235,0,0,0,0,0,0,0
2008-06-06,878.5,901.0,877.7000122070312,895.4000244140625,230,72.38999938964844,89.05999755859375,17.39699935913086,23.559999465942383,1360.6800537109375,,,,,,,1.412820437968406,0,0,0,0,0,0,0
2008-06-09,900.7000122070312,908.9000244140625,890.5,894.7000122070312,1930,72.8499984741211,87.98999786376953,17.18000030517578,23.1200008392334,1361.760009765625,,,,,,,-0.6882603862745836,0,0,0,0,0,0,0
2008-06-10,886.5999755859375,886.5999755859375,866.0,867.9000244140625,457,73.69999694824219,85.55000305175781,16.60700035095215,23.18000030517578,1358.43994140625,,,,,,,-0.26382400198965655,0,0,0,0,0,0,0
2008-06-11,869.5,882.0,869.5,879.7000122070312,146,73.20999908447266,87.0199966430664,16.82900047302246,24.1200008392334,1335.489990234375,,,,,,,0.4021341049381161,0,0,0,0,0,0,0
2008-06-12,873.5999755859375,873.5999755859375,858.2000122070312,869.2000122070312,135,73.86000061035156,85.5999984741211,16.46299934387207,23.329999923706055,1339.8699951171875,,,,,,,-0.4119869607008864,0,0,0,0,0,0,0
2008-06-13,870.2999877929688,870.2999877929688,860.5,870.2999877929688,361,74.1500015258789,85.83000183105469,16.540000915527344,21.219999313354492,1360.030029296875,,,,,,,-0.13822670955478478,0,0,0,0,0,0,0
2008-06-16,872.5,893.0,871.2999877929688,883.5999755859375,70,73.61000061035156,87.01000213623047,17.214000701904297,20.950000762939453,1360.1400146484375,,,,,,,-0.40573717854695396,0,0,0,0,0,0,0
2008-06-17,883.4000244140625,887.0,876.2999877929688,884.2999877929688,62,73.51000213623047,87.25,17.05900001525879,21.1299991607666,1350.9300537109375,,,,,,,-0.14074371637547323,0,0,0,0,0,0,0
2008-06-18,888.0,891.9000244140625,885.0999755859375,890.9000244140625,135,73.44000244140625,88.27999877929688,17.325000762939453,22.239999771118164,1337.81005859375,,,,,,,0.8550361781578177,0,0,0,0,0,0,0
2008-06-19,888.5999755859375,906.5,888.5999755859375,901.7000122070312,44,73.4800033569336,88.41999816894531,17.457000732421875,21.579999923706055,1342.8299560546875,,,,,,,-1.6633261473048355,0,0,0,0,0,0,0
2008-06-20,903.7999877929688,907.2999877929688,901.0,901.2999877929688,21,73.02999877929688,88.94999694824219,17.386999130249023,22.8700008392334,1317.9300537109375,,,,,,,-0.14157182182102732,0,0,0,0,0,0,0
2008-06-23,903.4000244140625,903.4000244140625,879.2000122070312,884.7999877929688,54,73.43000030517578,87.08999633789062,16.781999588012695,22.639999389648438,1318.0,,,,,,,-0.768879019521455,0,0,0,0,0,0,0
2008-06-24,889.5999755859375,891.2000122070312,885.5,889.2000122070312,64,73.23999786376953,87.47000122070312,16.62700080871582,22.420000076293945,1314.2900390625,,,,,,,-0.8947074300743943,0,0,0,0,0,0,0
2008-06-25,883.5999755859375,883.7999877929688,876.4000244140625,880.0,97,72.93000030517578,87.41999816894531,16.499000549316406,21.139999389648438,1321.969970703125,,,,,,,1.4761092155473985,0,0,0,0,0,0,0
2008-06-26,909.5999755859375,912.5999755859375,909.5999755859375,913.0999755859375,182,72.48999786376953,90.61000061035156,17.12299919128418,23.93000030517578,1283.1500244140625,,,,,,,1.1784383233356621,0,0,0,0,0,0,0
2008-06-27,913.0999755859375,927.5999755859375,910.7000122070312,929.2999877929688,167,72.36000061035156,91.47000122070312,17.6200008392334,23.440000534057617,1278.3800048828125,,,,,,,-0.7643485126171802,0,0,0,0,0,0,0
2008-06-30,927.7000122070312,933.7000122070312,922.2999877929688,926.2000122070312,144,72.45999908447266,91.4000015258789,17.420000076293945,23.950000762939453,1280.0,,,,,,,-0.16254914035963156,0,0,0,0,0,0,0
2008-07-01,943.5999755859375,945.7999877929688,938.0,942.5,32,72.37000274658203,92.66000366210938,18.200000762939453,23.649999618530273,1284.9100341796875,,,,,,,-1.0487967925788484,0,0,0,0,0,0,0
2008-07-02,938.7999877929688,944.7999877929688,933.0999755859375,944.7999877929688,58,72.02999877929688,93.16999816894531,18.336999893188477,25.920000076293945,1261.52001953125,,,,,,,-0.28012831523375514,0,0,0,0,0,0,0
2008-07-03,944.7999877929688,944.7999877929688,928.0,931.9000244140625,58,72.73999786376953,92.05999755859375,18.28499984741211,24.780000686645508,1262.9000244140625,,,,,,,0.1832107282114185,0,0,0,0,0,0,0
2008-07-07,931.4000244140625,931.4000244140625,915.4000244140625,927.2999877929688,141,72.66999816894531,91.2300033569336,17.83799934387207,25.780000686645508,1252.31005859375,,,,,,,-0.8372575578412351,0,0,0,0,0,0,0
2008-07-08,922.7999877929688,922.7999877929688,919.2000122070312,921.9000244140625,37,73.01000213623047,90.86000061035156,17.8799991607666,23.149999618530273,1273.699951171875,,,,,,,-0.37750960807754236,0,0,0,0,0,0,0
2008-07-09,919.7999877929688,928.2000122070312,919.7999877929688,927.2999877929688,31,72.58000183105469,91.5,18.100000381469727,25.229999542236328,1244.68994140625,,,,,,,-0.0727218816088747,0,0,0,0,0,0,0
2008-07-10,928.0999755859375,942.0999755859375,928.0999755859375,940.9000244140625,18,72.48999786376953,93.52999877929688,18.2450008392334,25.59000015258789,1253.3900146484375,,,,,,,1.7366985747892572,0,0,0,0,0,0,0
2008-07-11,948.2000122070312,965.7000122070312,948.2000122070312,959.5,58,72.0999984741211,95.16000366210938,18.7450008392334,27.489999771118164,1239.489990234375,,,,,,,1.1418059224512471,0,0,0,0,0,0,0
2008-07-14,964.7000122070312,974.5999755859375,955.0,972.7000122070312,55,71.91999816894531,95.91000366210938,19.174999237060547,28.479999542236328,1228.300048828125,,,,,,,-0.28886073423858205,0,0,0,0,0,0,0
2008-07-15,983.5,986.2000122070312,976.0,977.7000122070312,12,71.87000274658203,96.16999816894531,18.94099998474121,28.540000915527344,1214.9100341796875,,,,,,,-0.8624907948763573,0,0,0,0,0,0,0
2008-07-16,960.0,960.0,960.0,961.7999877929688,1,72.05999755859375,94.44000244140625,18.735000610351562,25.100000381469727,1245.3599853515625,,,,,,,-1.252806175109696,0,0,0,0,0,0,0
2008-07-17,957.2999877929688,976.2000122070312,957.2999877929688,970.0,37,72.23999786376953,94.22000122070312,18.66699981689453,25.010000228881836,1260.3199462890625,,,,,,,-3.4060639133926918,0,0,0,0,0,0,0
2008-07-18,956.7999877929688,957.0,956.7999877929688,957.2999877929688,2,72.19000244140625,94.16999816894531,18.135000228881836,24.049999237060547,1260.6800537109375,,,,,,,-0.663300360043899,0,0,0,0,0,0,0
2008-07-21,964.5,964.5,963.5,963.0999755859375,2,71.98999786376953,95.12000274658203,18.36199951171875,23.049999237060547,1260.0,,,,,,,0.21137753506344714,0,0,0,0,0,0,0
2008-07-22,973.0,974.9000244140625,973.0,948.0,3,72.44999694824219,93.05999755859375,17.94499969482422,21.18000030517578,1277.0,,,,,,,-1.1530572131957821,0,0,0,0,0,0,0
2008-07-23,935.0,935.0,924.2000122070312,922.4000244140625,203,72.80999755859375,90.56999969482422,17.399999618530273,21.309999465942383,1282.18994140625,,,,,,,-1.0788241955411324,0,0,0,0,0,0,0
2008-07-24,920.9000244140625,926.4000244140625,920.9000244140625,922.0,47,72.93000030517578,91.33000183105469,17.246000289916992,23.440000534057617,1252.5400390625,,,,,,,0.8413721574934181,0,0,0,0,0,0,0
2008-07-25,928.4000244140625,929.2000122070312,921.2000122070312,926.5999755859375,35,72.86000061035156,91.69000244140625,17.325000762939453,22.90999984741211,1257.760009765625,,,,,,,0.5897796088332451,0,0,0,0,0,0,0
2008-07-28,928.7999877929688,931.0999755859375,927.0,927.5999755859375,28,72.6500015258789,91.7300033569336,17.41699981689453,24.229999542236328,1234.3699951171875,,,,,,,0.4263306031527375,0,0,0,0,0,0,0
2008-07-29,916.2000122070312,917.7000122070312,916.2000122070312,916.4000244140625,147310,73.30999755859375,90.58999633789062,17.329999923706055,22.030000686645508,1263.199951171875,,,,,,,0.324967891082116,0,0,0,0,0,0,0
2008-07-30,917.9000244140625,919.0999755859375,893.2999877929688,902.9000244140625,93759,73.31999969482422,89.5199966430664,17.422000885009766,21.209999084472656,1284.260009765625,,,,,,,1.1920398128814675,0,0,0,0,0,0,0
2008-07-31,906.9000244140625,925.5999755859375,906.0999755859375,913.9000244140625,8550,73.2300033569336,90.08000183105469,17.75,22.940000534057617,1267.3800048828125,,,,,,,-0.3135352119596786,0,0,0,0,0,0,0
2008-08-01,904.9000244140625,916.0999755859375,902.0999755859375,909.0,1834,73.41999816894531,89.56999969482422,17.481000900268555,22.56999969482422,1260.31005859375,,,,,,,-0.38056072681678144,0,0,0,0,0,0,0
2008-08-04,912.7000122070312,915.2999877929688,894.4000244140625,900.0999755859375,2415,73.45999908447266,88.13999938964844,17.10300064086914,23.489999771118164,1249.010009765625,,,,,,,-1.8986299646557954,0,0,0,0,0,0,0
2008-08-05,895.4000244140625,895.4000244140625,873.2999877929688,878.5999755859375,790,73.87999725341797,86.08000183105469,16.53700065612793,21.139999389648438,1284.8800048828125,,,,,,,-1.6932309327818866,0,0,0,0,0,0,0
2008-08-06,880.7000122070312,885.5999755859375,875.0,875.5999755859375,1330,74.23999786376953,86.63999938964844,16.472000122070312,20.229999542236328,1289.18994140625,,,,,,,0.7297976554533478,0,0,0,0,0,0,0
2008-08-07,882.2000122070312,883.7999877929688,870.2999877929688,870.7000122070312,335,74.55000305175781,86.08999633789062,16.226999282836914,21.149999618530273,1266.0699462890625,,,,,,,0.5547466911861586,0,0,0,0,0,0,0
2008-08-08,868.7999877929688,869.5,851.0999755859375,857.7999877929688,303,75.8499984741211,84.43000030517578,15.303000450134277,20.65999984741211,1296.3199462890625,,,,,,,-0.5505763087506845,0,0,0,0,0,0,0
2008-08-11,858.2999877929688,863.4000244140625,818.0,821.5,286,76.12999725341797,81.12999725341797,14.595000267028809,20.1200008392334,1305.3199462890625,,,,,,,0.26792478460388097,0,0,0,0,0,0,0
2008-08-12,826.4000244140625,826.4000244140625,803.5999755859375,808.2000122070312,99,76.1500015258789,80.5199966430664,14.461999893188477,21.170000076293945,1289.5899658203125,,,,,,,2.303062887751293,0,0,0,0,0,0,0
2008-08-13,810.9000244140625,829.0999755859375,810.9000244140625,825.0,155,76.20999908447266,81.55999755859375,14.824000358581543,21.549999237060547,1285.8299560546875,,,,,,,0.43826438575966814,0,0,0,0,0,0,0
2008-08-14,831.4000244140625,831.9000244140625,805.0,808.2000122070312,67,76.66999816894531,79.3499984741211,14.21399974822998,20.34000015258789,1292.9300537109375,,,,,,,-1.160336162119316,0,0,0,0,0,0,0
2008-08-15,796.9000244140625,799.2000122070312,780.9000244140625,786.0,134,77.18000030517578,77.62999725341797,12.800999641418457,19.579999923706055,1298.199951171875,,,,,,,0.25413311683159473,0,0,0,0,0,0,0
2008-08-18,792.0,801.7000122070312,792.0,799.7000122070312,22,77.12000274658203,78.80000305175781,13.086999893188477,20.979999542236328,1278.5999755859375,,,,,,,-0.2894318208863347,0,0,0,0,0,0,0
2008-08-19,789.5999755859375,814.5,789.5999755859375,811.0999755859375,48,76.83999633789062,80.43000030517578,13.093000411987305,21.280000686645508,1266.68994140625,,,,,,,1.194842718601512,0,0,0,0,0,0,0
2008-08-20,814.9000244140625,814.9000244140625,804.7000122070312,810.2999877929688,87,76.95999908447266,80.05999755859375,13.029000282287598,20.420000076293945,1274.5400390625,,,,,,,0.351340187450686,0,0,0,0,0,0,0
2008-08-21,825.7999877929688,835.5999755859375,825.7999877929688,833.0,99,76.19999694824219,82.30000305175781,13.718999862670898,19.81999969482422,1277.719970703125,,,,,,,0.358599428644642,0,0,0,0,0,0,0
2008-08-22,832.2999877929688,836.5999755859375,823.0999755859375,827.4000244140625,21,76.80999755859375,81.08000183105469,13.470000267028809,18.809999465942383,1292.199951171875,,,,,,,-1.5475320212858137,0,0,0,0,0,0,0
2008-08-25,819.7999877929688,819.7999877929688,819.7999877929688,819.7999877929688,44,76.79000091552734,80.93000030517578,13.364999771118164,20.969999313354492,1266.8399658203125,,,,,,,0.17167006768681012,0,0,0,0,0,0,0
2008-08-26,826.0,826.0,826.0,822.2000122070312,142,77.25,81.2300033569336,13.571999549865723,20.489999771118164,1271.510009765625,,,,,,,0.3637438488291689,0,0,0,0,0,0,0
2008-08-27,830.2999877929688,830.2999877929688,825.2999877929688,828.0999755859375,423,77.05000305175781,81.36000061035156,13.468000411987305,19.760000228881836,1281.6600341796875,,,,,,,-0.9269388490826385,0,0,0,0,0,0,0
2008-08-28,828.0,842.5999755859375,824.5,830.9000244140625,503,77.1500015258789,82.18000030517578,13.604000091552734,19.43000030517578,1300.6800537109375,,,,,,,0.6195763067194361,0,0,0,0,0,0,0
2008-08-29,831.7000122070312,833.0,831.7000122070312,829.2999877929688,116,77.37999725341797,81.70999908447266,13.607000350952148,20.649999618530273,1282.8299560546875,,,,,,,-0.2736738320909014,0,0,0,0,0,0,0
2008-09-02,829.9000244140625,840.7000122070312,790.7999877929688,805.0,185,78.05999755859375,79.19999694824219,13.050000190734863,21.989999771118164,1277.5799560546875,,,,,,,-0.6074004797005352,0,0,0,0,0,0,0
2008-09-03,805.5999755859375,805.5999755859375,791.5999755859375,802.7000122070312,28,78.08999633789062,78.88999938964844,12.859999656677246,21.43000030517578,1274.97998046875,,,,,,,-0.843129083374147,0,0,0,0,0,0,0
2008-09-04,801.4000244140625,809.0999755859375,794.9000244140625,797.9000244140625,76,78.61000061035156,78.38999938964844,12.855999946594238,24.030000686645508,1236.8299560546875,,,,,,,-0.897680413511449,0,0,0,0,0,0,0
2008-09-05,794.7000122070312,809.0,794.0,797.5999755859375,85,78.93000030517578,78.9800033569336,12.244999885559082,23.059999465942383,1242.31005859375,,,,,,,0.986053976243033,0,0,0,0,0,0,0
2008-09-08,811.0,813.2000122070312,796.4000244140625,797.5,88,79.58999633789062,78.86000061035156,11.989999771118164,22.639999389648438,1267.7900390625,,,,,,,0.6295165008216401,0,0,0,0,0,0,0
2008-09-09,802.0,802.0,780.0,787.0999755859375,29,79.25,76.48999786376953,11.640000343322754,25.469999313354492,1224.510009765625,,,,,,,-3.1682614858587197,0,0,0,0,0,0,0
2008-09-10,776.5999755859375,781.0,752.7999877929688,757.9000244140625,56,79.8499984741211,74.22000122070312,10.817000389099121,24.520000457763672,1232.0400390625,,,,,,,-1.447124643033249,0,0,0,0,0,0,0
2008-09-11,756.5999755859375,756.5999755859375,739.0,741.2999877929688,25,80.1500015258789,73.08000183105469,10.489999771118164,24.389999389648438,1249.050048828125,,,,,,,-0.012327266861862387,0,0,0,0,0,0,0
2008-09-12,750.5,756.0,750.5,760.2999877929688,12,78.97000122070312,75.55000305175781,10.734999656677246,25.65999984741211,1251.699951171875,,,,,,,1.6483072335118418,0,0,0,0,0,0,0
2008-09-15,778.0999755859375,778.5999755859375,764.0,783.0999755859375,19,78.91000366210938,77.55999755859375,11.074999809265137,31.700000762939453,1192.699951171875,,,,,,,0.922077016344928,0,0,0,0,0,0,0
2008-09-16,777.7000122070312,777.7000122070312,777.0,776.5,2,79.06999969482422,76.79000091552734,10.461999893188477,30.299999237060547,1213.5999755859375,,,,,,,0.5931297518511901,0,0,0,0,0,0,0
2008-09-17,782.9000244140625,808.0,782.9000244140625,846.5999755859375,26,78.0999984741211,85.45999908447266,11.619999885559082,36.220001220703125,1156.3900146484375,,,,,,,4.174806986540301,0,0,0,0,0,0,0
2008-09-18,869.9000244140625,910.9000244140625,836.0,892.7000122070312,59,78.0199966430664,82.80000305175781,12.64799976348877,33.099998474121094,1206.510009765625,,,,,,,-6.294433851412161,0,0,0,0,0,0,0
2008-09-19,860.5999755859375,860.5999755859375,860.5999755859375,860.5999755859375,112,77.68000030517578,85.9800033569336,12.425000190734863,32.06999969482422,1255.0799560546875,,,,,,,1.416839087476412,0,0,0,0,0,0,0
2008-09-22,888.7999877929688,908.0999755859375,888.7999877929688,903.9000244140625,20,76.1500015258789,89.18000030517578,13.399999618530273,33.849998474121094,1207.0899658203125,,,,,,,0.08473949322248574,0,0,0,0,0,0,0
2008-09-23,892.4000244140625,898.9000244140625,886.0,885.5,184,76.47000122070312,88.31999969482422,13.119999885559082,35.720001220703125,1188.219970703125,,,,,,,1.1982118935893333,0,0,0,0,0,0,0
2008-09-24,879.5,891.2999877929688,879.5,889.0,185,76.79000091552734,86.70999908447266,13.383999824523926,35.189998626708984,1185.8699951171875,,,,,,,-1.0894415832347135,0,0,0,0,0,0,0
2008-09-25,891.5,891.5,884.5,877.7000122070312,92,76.98999786376953,86.44999694824219,13.222000122070312,32.81999969482422,1209.1800537109375,,,,,,,-0.07081768535508422,0,0,0,0,0,0,0
2008-09-26,884.2000122070312,890.2000122070312,884.2000122070312,882.9000244140625,13695,76.94999694824219,86.63999938964844,13.458000183105469,34.7400016784668,1213.27001953125,,,,,,,-0.44948383978857037,0,0,0,0,0,0,0
2008-09-29,871.2999877929688,919.0,866.4000244140625,888.2000122070312,2943,77.47000122070312,89.56999969482422,12.980999946594238,46.720001220703125,1106.4200439453125,,,,,,,2.266196932011231,0,0,0,0,0,0,0
2008-09-30,904.7999877929688,912.5,855.0,874.2000122070312,879,79.44999694824219,85.06999969482422,12.230999946594238,39.38999938964844,1166.3599853515625,,,,,,,-1.2576298123012342,0,0,0,0,0,0,0
2008-10-01,878.0,889.0999755859375,869.2000122070312,880.7000122070312,304,79.45999908447266,85.97000122070312,12.720000267028809,39.810001373291016,1161.06005859375,,,,,,,-0.9332648463044563,0,0,0,0,0,0,0
2008-10-02,870.4000244140625,870.4000244140625,829.2999877929688,839.0,462,80.44000244140625,82.33000183105469,11.0649995803833,45.2599983215332,1114.280029296875,,,,,,,-0.4160396091214064,0,0,0,0,0,0,0
2008-10-03,832.5,844.2999877929688,823.0,828.9000244140625,228,80.30999755859375,82.58999633789062,11.270000457763672,45.13999938964844,1099.22998046875,,,,,,,1.0432216346165475,0,0,0,0,0,0,0
2008-10-06,828.7999877929688,868.7999877929688,826.0,862.7000122070312,510,81.68000030517578,84.27999877929688,11.229999542236328,52.04999923706055,1056.8900146484375,,,,,,,-0.8391619621213046,0,0,0,0,0,0,0
2008-10-07,862.0999755859375,883.0,858.2000122070312,878.4000244140625,41,80.97000122070312,87.2699966430664,11.324999809265137,53.68000030517578,996.22998046875,,,,,,,0.7577035273996953,0,0,0,0,0,0,0
2008-10-08,879.7000122070312,915.5,877.7000122070312,903.0999755859375,310,80.91000366210938,89.41999816894531,11.717000007629395,57.529998779296875,984.9400024414062,,,,,,,0.4398350658562519,0,0,0,0,0,0,0
2008-10-09,902.7000122070312,919.7000122070312,883.0,883.0999755859375,76,81.16000366210938,89.9000015258789,11.819999694824219,63.91999816894531,909.9199829101562,,,,,,,2.8921010656580703,0,0,0,0,0,0,0
2008-10-10,925.7000122070312,925.7000122070312,843.0,855.4000244140625,104,83.0,83.22000122070312,10.545000076293945,69.94999694824219,899.219970703125,,,,,,,-1.157933775856896,0,0,0,0,0,0,0
2008-10-13,861.0999755859375,861.0999755859375,830.2999877929688,838.9000244140625,186,81.87999725341797,81.98999786376953,10.737000465393066,54.9900016784668,1003.3499755859375,,,,,,,-0.7456933058145676,0,0,0,0,0,0,0
2008-10-14,848.0999755859375,848.0999755859375,833.5,836.2999877929688,48,81.36000061035156,82.19999694824219,11.017999649047852,55.130001068115234,998.010009765625,,,,,,,-0.25288188115283877,0,0,0,0,0,0,0
2008-10-15,839.5,848.7000122070312,831.5999755859375,835.5,120,82.05000305175781,83.30999755859375,10.142000198364258,69.25,907.8400268554688,,,,,,,0.9839549379458397,0,0,0,0,0,0,0
2008-10-16,846.0,846.0,790.0,801.5,34,82.45999908447266,79.29000091552734,9.607000350952148,67.61000061035156,946.4299926757812,,,,,,,0.2718226149862448,0,0,0,0,0,0,0
2008-10-17,798.0,807.0,773.7999877929688,785.0999755859375,55,82.41000366210938,77.20999908447266,9.3100004196167,70.33000183105469,940.5499877929688,,,,,,,-0.24434166541398983,0,0,0,0,0,0,0
2008-10-20,803.7999877929688,803.7999877929688,787.5,787.5999755859375,19,83.0999984741211,78.5,9.664999961853027,52.970001220703125,985.4000244140625,,,,,,,0.9165341678445408,0,0,0,0,0,0,0
2008-10-21,793.7000122070312,793.7000122070312,767.7000122070312,766.0999755859375,83,83.98999786376953,76.02999877929688,10.050000190734863,53.11000061035156,955.0499877929688,,,,,,,0.5208806121103775,0,0,0,0,0,0,0
2008-10-22,771.7000122070312,771.7000122070312,721.0,733.2999877929688,244,85.37000274658203,71.70999908447266,9.45199966430664,69.6500015258789,896.780029296875,,,,,,,-0.7507315317367365,0,0,0,0,0,0,0
2008-10-23,705.0,719.7999877929688,705.0,713.2999877929688,37,85.36000061035156,70.6500015258789,9.5,67.80000305175781,908.1099853515625,,,,,,,0.3613525481016046,0,0,0,0,0,0,0
2008-10-24,715.2999877929688,734.2000122070312,681.0,729.0999755859375,99,86.44000244140625,72.20999908447266,9.295000076293945,79.12999725341797,876.77001953125,,,,,,,0.35301622810663025,0,0,0,0,0,0,0
2008-10-27,742.7999877929688,744.5,712.0,741.7000122070312,268,86.93000030517578,72.18000030517578,9.194999694824219,80.05999755859375,848.9199829101562,,,,,,,-1.1394746279002865,0,0,0,0,0,0,0
2008-10-28,731.0,748.7999877929688,730.5999755859375,739.2999877929688,6,87.02999877929688,73.79000091552734,8.789999961853027,66.95999908447266,940.510009765625,,,,,,,1.0298279979829326,0,0,0,0,0,0,0
2008-10-29,750.7999877929688,750.7999877929688,750.7999877929688,752.7999877929688,90,85.06999969482422,74.0,9.805000305175781,69.95999908447266,930.0900268554688,,,,,,,-0.2814674616305324,0,0,0,0,0,0,0
2008-10-30,760.5,774.0,739.0999755859375,737.2000122070312,24,84.55999755859375,72.70999908447266,9.78499984741211,62.900001525878906,954.0900268554688,,,,,,,0.0045362623895493165,0,0,0,0,0,0,0
2008-10-31,731.4000244140625,736.0,718.4000244140625,716.7999877929688,17,85.62999725341797,71.33999633789062,9.729999542236328,59.88999938964844,968.75,,,,,,,0.7603079740182903,0,0,0,0,0,0,0
2008-11-03,728.7999877929688,731.5,728.7000122070312,725.4000244140625,16,86.3499984741211,71.0999984741211,9.75,53.68000030517578,966.2999877929688,,,,,,,-0.5524629516490117,0,0,0,0,0,0,0
2008-11-04,726.0,760.0,726.0,756.0,30,84.77999877929688,75.4800033569336,10.130000114440918,47.72999954223633,1005.75,,,,,,,1.0137856055269971,0,0,0,0,0,0,0
2008-11-05,757.4000244140625,757.4000244140625,739.0,741.2999877929688,22,84.61000061035156,72.80000305175781,10.454999923706055,54.560001373291016,952.77001953125,,,,,,,-0.3861842557105005,0,0,0,0,0,0,0
2008-11-06,743.4000244140625,759.0,731.9000244140625,731.2000122070312,30,85.88999938964844,72.22000122070312,10.055000305175781,63.68000030517578,904.8800048828125,,,,,,,0.09415746018652951,0,0,0,0,0,0,0
2008-11-07,731.5,743.0,727.2000122070312,733.2000122070312,17,85.91000366210938,72.5,9.963000297546387,56.099998474121094,930.989990234375,,,,,,,0.18928873954752115,0,0,0,0,0,0,0
2008-11-10,749.0,753.5999755859375,747.9000244140625,745.5999755859375,42,85.91000366210938,73.58000183105469,10.220000267028809,59.97999954223633,919.2100219726562,,,,,,,0.033620110652461885,0,0,0,0,0,0,0
2008-11-11,734.2000122070312,735.5999755859375,729.7999877929688,732.0,39,87.06999969482422,72.05000305175781,9.805000305175781,61.439998626708984,898.9500122070312,,,,,,,-0.18270792069502717,0,0,0,0,0,0,0
2008-11-12,730.4000244140625,734.7000122070312,722.5,717.7000122070312,71,87.47000122070312,70.0,9.479999542236328,66.45999908447266,852.2999877929688,,,,,,,-0.9432828998368022,0,0,0,0,0,0,0
2008-11-13,714.2999877929688,715.5,707.0,704.9000244140625,922,86.94000244140625,72.1500015258789,8.800000190734863,59.83000183105469,911.2899780273438,,,,,,,2.9276419232760023,0,0,0,0,0,0,0
2008-11-14,726.5,747.0999755859375,726.5,742.4000244140625,9,86.36000061035156,73.30000305175781,9.489999771118164,66.30999755859375,873.2899780273438,,,,,,,0.035172375173466046,0,0,0,0,0,0,0
2008-11-17,741.9000244140625,741.9000244140625,741.9000244140625,741.9000244140625,9,86.80999755859375,72.6500015258789,9.329999923706055,69.1500015258789,850.75,,,,,,,-0.5943130440394403,0,0,0,0,0,0,0
2008-11-18,738.0,744.9000244140625,734.0,732.5999755859375,13,87.37000274658203,72.51000213623047,9.550000190734863,67.63999938964844,859.1199951171875,,,,,,,0.24163191650974045,0,0,0,0,0,0,0
2008-11-19,736.0,758.7999877929688,735.0,735.9000244140625,55,87.30999755859375,72.26000213623047,9.3100004196167,74.26000213623047,806.5800170898438,,,,,,,-0.37439400932383277,0,0,0,0,0,0,0
2008-11-20,740.5,750.0,739.5,748.5999755859375,62,87.97000122070312,73.44999694824219,9.024999618530273,80.86000061035156,752.4400024414062,,,,,,,-0.436910003834486,0,0,0,0,0,0,0
2008-11-21,771.2999877929688,784.0999755859375,771.2000122070312,791.7000122070312,20,88.19000244140625,78.8499984741211,9.479999542236328,72.66999816894531,800.030029296875,,,,,,,0.7267529076449111,0,0,0,0,0,0,0
2008-11-24,819.9000244140625,824.0,819.9000244140625,819.4000244140625,3,86.08000183105469,80.91000366210938,10.354999542236328,64.69999694824219,851.8099975585938,,,,,,,0.05130620734612523,0,0,0,0,0,0,0
2008-11-25,818.4000244140625,818.4000244140625,818.4000244140625,818.4000244140625,158862,85.0,80.87000274658203,10.270000457763672,60.900001525878906,857.3900146484375,,,,,,,0.10118134303785516,0,0,0,0,0,0,0
2008-11-26,819.0999755859375,822.0,806.7999877929688,808.5,158862,85.66999816894531,80.37999725341797,10.220000267028809,54.91999816894531,887.6799926757812,,,,,,,0.572525148559999,0,0,0,0,0,0,0
2008-11-28,811.0999755859375,819.0,808.2000122070312,816.2000122070312,6325,86.5199966430664,80.30999755859375,10.1850004196167,55.279998779296875,896.239990234375,,,,,,,-0.23604557599278805,0,0,0,0,0,0,0
2008-12-01,817.2000122070312,817.2999877929688,766.0,774.5999755859375,2791,86.72000122070312,75.6500015258789,9.350000381469727,68.51000213623047,816.2100219726562,,,,,,,-0.8021161711128596,0,0,0,0,0,0,0
2008-12-02,765.2999877929688,786.0,759.7000122070312,781.2999877929688,1393,86.69999694824219,76.94999694824219,9.59000015258789,62.97999954223633,848.8099975585938,,,,,,,-0.15401918779732274,0,0,0,0,0,0,0
2008-12-03,780.0,781.9000244140625,762.9000244140625,768.7999877929688,439,87.02999877929688,76.18000030517578,9.564000129699707,60.720001220703125,870.739990234375,,,,,,,0.3081437579039497,0,0,0,0,0,0,0
2008-12-04,770.0,780.4000244140625,761.7000122070312,763.7999877929688,606,86.44000244140625,75.5,9.491000175476074,63.63999938964844,845.219970703125,,,,,,,0.1199267085705672,0,0,0,0,0,0,0
2008-12-05,764.5,769.5999755859375,740.0,750.5,888,87.12000274658203,74.5199966430664,9.401000022888184,59.93000030517578,876.0700073242188,,,,,,,0.4656779656562583,0,0,0,0,0,0,0
2008-12-08,755.0,780.2000122070312,754.2000122070312,767.4000244140625,573,85.55999755859375,76.19999694824219,9.9399995803833,58.4900016784668,909.7000122070312,,,,,,,0.4457707686780694,0,0,0,0,0,0,0
2008-12-09,775.0,776.5,762.2999877929688,772.4000244140625,101,85.83999633789062,76.33000183105469,9.8149995803833,58.90999984741211,888.6699829101562,,,,,,,0.05729559129356936,0,0,0,0,0,0,0
2008-12-10,784.0999755859375,811.0,783.0999755859375,807.0999755859375,235,85.4800033569336,79.75,10.164999961853027,55.72999954223633,899.239990234375,,,,,,,0.045412533167890755,0,0,0,0,0,0,0
2008-12-11,803.4000244140625,832.0999755859375,801.0,824.9000244140625,260,83.83000183105469,80.6500015258789,10.390000343322754,55.779998779296875,873.5900268554688,,,,,,,-0.7631852439796449,0,0,0,0,0,0,0
2008-12-12,821.5,827.0,813.7999877929688,818.9000244140625,182,83.63999938964844,80.80999755859375,10.199000358581543,54.279998779296875,879.72998046875,,,,,,,-0.03296477331019547,0,0,0,0,0,0,0
2008-12-15,828.0,842.0,824.0,835.4000244140625,470,82.2699966430664,82.5999984741211,10.58899974822998,56.7599983215332,868.5700073242188,,,,,,,0.12145996969111489,0,0,0,0,0,0,0
2008-12-16,839.0,859.0,831.5999755859375,841.7000122070312,73,80.68000030517578,84.45999908447266,10.673999786376953,52.369998931884766,913.1799926757812,,,,,,,1.3151598789178016,0,0,0,0,0,0,0
2008-12-17,854.4000244140625,880.7999877929688,849.2999877929688,867.5,122,78.91000366210938,85.43000030517578,11.388999938964844,49.84000015258789,904.4199829101562,,,,,,,-0.33212311745494894,0,0,0,0,0,0,0
2008-12-18,862.4000244140625,873.0,852.0,859.5999755859375,242,79.47000122070312,83.87000274658203,11.08899974822998,47.34000015258789,885.280029296875,,,,,,,-1.220953015442509,0,0,0,0,0,0,0
2008-12-19,846.5999755859375,852.0999755859375,833.2999877929688,836.4000244140625,106,81.30000305175781,82.62999725341797,10.819000244140625,44.93000030517578,887.8800048828125,,,,,,,0.024310299544197805,0,0,0,0,0,0,0
2008-12-22,848.5,851.0,844.0,846.2000122070312,235,81.08999633789062,83.45999908447266,10.829000473022461,44.560001373291016,871.6300048828125,,,,,,,-0.12514214175926033,0,0,0,0,0,0,0
2008-12-23,848.0,848.0,835.0,837.2000122070312,176,81.23999786376953,82.62999725341797,10.232999801635742,45.02000045776367,863.1599731445312,,,,,,,-0.07426712998413701,0,0,0,0,0,0,0
2008-12-24,838.9000244140625,848.9000244140625,838.5,847.0999755859375,19,81.20999908447266,83.45999908447266,10.322999954223633,44.209999084472656,868.1500244140625,,,,,,,-0.25551860629833806,0,0,0,0,0,0,0
2008-12-26,847.0,872.4000244140625,845.7999877929688,870.4000244140625,88,80.88999938964844,85.5999984741211,10.503000259399414,43.380001068115234,872.7999877929688,,,,,,,-0.44607661822085587,0,0,0,0,0,0,0
2008-12-29,882.9000244140625,882.9000244140625,875.0,874.5999755859375,426,80.68000030517578,86.3499984741211,10.782999992370605,43.900001525878906,869.4199829101562,,,,,,,-0.009599416855817354,0,0,0,0,0,0,0
2008-12-30,878.0999755859375,878.0999755859375,866.5,869.2999877929688,139,80.9000015258789,85.9000015258789,10.954999923706055,41.630001068115234,890.6400146484375,,,,,,,0.05712601009754982,0,0,0,0,0,0,0
2008-12-31,860.0,883.5999755859375,858.4000244140625,883.5999755859375,35,81.30999755859375,86.5199966430664,11.270000457763672,40.0,903.25,,,,,,,-0.9477802246283267,0,0,0,0,0,0,0
2009-01-02,881.5,881.5,868.9000244140625,878.7999877929688,46,81.83999633789062,86.2300033569336,11.46500015258789,39.189998626708984,931.7999877929688,,,,,,,-0.7194105123936075,0,0,0,0,0,0,0
2009-01-05,882.0,883.5,847.0,857.2000122070312,35,82.63999938964844,84.4800033569336,11.244999885559082,39.08000183105469,927.4500122070312,,,,,,,-0.22174736102493997,0,0,0,0,0,0,0
2009-01-06,855.0999755859375,867.5999755859375,840.0,865.4000244140625,113,82.8499984741211,85.12999725341797,11.420000076293945,38.560001373291016,934.7000122070312,,,,,,,-0.44332692343042907,0,0,0,0,0,0,0
2009-01-07,862.0,867.0,837.7000122070312,841.0999755859375,101,82.27999877929688,82.75,11.079999923706055,43.38999938964844,906.6500244140625,,,,,,,-0.41280965927691043,0,0,0,0,0,0,0
2009-01-08,837.9000244140625,861.0,837.9000244140625,853.9000244140625,255,81.54000091552734,84.45999908447266,11.071999549865723,42.560001373291016,909.72998046875,,,,,,,0.18879768289020576,0,0,0,0,0,0,0
2009-01-09,855.9000244140625,862.0999755859375,855.9000244140625,854.2999877929688,123,82.66000366210938,83.91999816894531,11.295000076293945,42.81999969482422,890.3499755859375,,,,,,,-0.5766734508866234,0,0,0,0,0,0,0
2009-01-12,844.4000244140625,844.4000244140625,815.4000244140625,820.2999877929688,72,83.0199966430664,80.76000213623047,10.725000381469727,45.84000015258789,870.260009765625,,,,,,,-0.33083335809002956,0,0,0,0,0,0,0
2009-01-13,825.5999755859375,825.5999755859375,815.7000122070312,820.0999755859375,20,84.2699966430664,80.87999725341797,10.654999732971191,43.27000045776367,871.7899780273438,,,,,,,-0.12966377455005956,0,0,0,0,0,0,0
2009-01-14,825.9000244140625,827.0999755859375,814.0,808.2000122070312,5,84.41999816894531,79.79000091552734,10.45199966430664,49.13999938964844,842.6199951171875,,,,,,,-0.0026986327537759608,0,0,0,0,0,0,0
2009-01-15,805.5999755859375,808.7999877929688,805.5999755859375,806.7000122070312,16,84.44000244140625,80.38999938964844,10.420000076293945,51.0,843.739990234375,,,,,,,1.2235134425440006,0,0,0,0,0,0,0
2009-01-16,834.0,842.5,834.0,839.2999877929688,64,84.20999908447266,82.70999908447266,11.194999694824219,46.11000061035156,850.1199951171875,,,,,,,-0.23015243258603416,0,0,0,0,0,0,0
2009-01-20,838.7000122070312,862.7000122070312,824.0,854.5999755859375,20,86.22000122070312,84.5199966430664,11.157999992370605,56.650001525878906,805.219970703125,,,,,,,0.2257839053163982,0,0,0,0,0,0,0
2009-01-21,850.5,852.5999755859375,843.7999877929688,849.5999755859375,37,85.81999969482422,84.1500015258789,11.3149995803833,46.41999816894531,840.239990234375,,,,,,,0.43770308956991566,0,0,0,0,0,0,0
2009-01-22,856.7999877929688,860.9000244140625,846.2000122070312,858.2000122070312,57,85.5199966430664,84.58000183105469,11.357000350952148,47.290000915527344,827.5,,,,,,,-0.20620326715275075,0,0,0,0,0,0,0
2009-01-23,875.0,899.0999755859375,875.0,895.2999877929688,52,85.61000061035156,88.52999877929688,11.932000160217285,47.27000045776367,831.9500122070312,,,,,,,0.21360077323023793,0,0,0,0,0,0,0
2009-01-26,907.2999877929688,911.5999755859375,901.2000122070312,908.5,18,84.7300033569336,88.94999694824219,12.10200023651123,45.689998626708984,836.5700073242188,,,,,,,-1.0780866227353507,0,0,0,0,0,0,0
2009-01-27,902.7999877929688,903.0,895.2000122070312,899.2000122070312,48,84.43000030517578,88.37999725341797,12.166999816894531,42.25,845.7100219726562,,,,,,,-0.5506676972450145,0,0,0,0,0,0,0
2009-01-28,886.0999755859375,894.5999755859375,883.7000122070312,888.0999755859375,137271,84.66999816894531,87.41999816894531,11.963000297546387,39.65999984741211,874.0900268554688,,,,,,,-0.38643240507412707,0,0,0,0,0,0,0
2009-01-29,888.0999755859375,909.7000122070312,874.2000122070312,905.0999755859375,66607,85.27999877929688,89.5,12.140000343322754,42.630001068115234,845.1400146484375,,,,,,,0.26138599684911107,0,0,0,0,0,0,0
2009-01-30,909.7999877929688,930.2999877929688,902.0,927.2999877929688,10460,86.0,91.30999755859375,12.5600004196167,44.84000015258789,825.8800048828125,,,,,,,-0.32959018270221907,0,0,0,0,0,0,0
2009-02-02,924.2999877929688,928.7999877929688,902.2000122070312,906.7000122070312,3220,86.06999969482422,88.83999633789062,12.40999984741211,45.52000045776367,825.4400024414062,,,,,,,-0.9957716890326389,0,0,0,0,0,0,0
2009-02-03,903.2000122070312,913.2999877929688,889.7999877929688,892.0,1451,85.05000305175781,88.47000122070312,12.295000076293945,43.060001373291016,838.510009765625,,,,,,,0.7006007006527988,0,0,0,0,0,0,0
2009-02-04,900.0999755859375,909.2000122070312,897.0,901.5999755859375,465,85.69999694824219,89.18000030517578,12.46500015258789,43.849998474121094,832.22998046875,,,,,,,0.3028723730749379,0,0,0,0,0,0,0
2009-02-05,906.2999877929688,924.4000244140625,904.4000244140625,913.5999755859375,770,86.05999755859375,90.12000274658203,12.744999885559082,43.72999954223633,845.8499755859375,,,,,,,-0.055887880067441,0,0,0,0,0,0,0
2009-02-06,914.5,918.5,909.5,913.9000244140625,334,85.3499984741211,89.58999633789062,13.154999732971191,43.369998931884766,868.5999755859375,,,,,,,-0.9393633075618733,0,0,0,0,0,0,0
2009-02-09,910.0,911.0,891.7999877929688,892.4000244140625,984,84.79000091552734,88.31999969482422,12.824999809265137,43.63999938964844,869.8900146484375,,,,,,,0.4162916040745062,0,0,0,0,0,0,0
2009-02-10,898.0,917.5,892.0,913.7000122070312,252,85.80999755859375,90.20999908447266,13.125,46.66999816894531,827.1599731445312,,,,,,,0.07430294049574282,0,0,0,0,0,0,0
2009-02-11,913.7000122070312,947.2000122070312,912.2000122070312,943.7999877929688,892,85.77999877929688,92.29000091552734,13.515000343322754,44.529998779296875,833.739990234375,,,,,,,-1.2573315235479083,0,0,0,0,0,0,0
2009-02-12,938.7999877929688,952.7999877929688,936.4000244140625,948.5,335,86.55000305175781,93.16999816894531,13.505000114440918,41.25,835.1900024414062,,,,,,,-0.6176487476951994,0,0,0,0,0,0,0
2009-02-13,947.2999877929688,947.2999877929688,934.2000122070312,941.5,137,86.04000091552734,92.55000305175781,13.619999885559082,42.93000030517578,826.8400268554688,,,,,,,-0.5429214532752725,0,0,0,0,0,0,0
2009-02-17,939.5,973.7999877929688,937.2999877929688,967.0,1639,87.58000183105469,95.44999694824219,14.008000373840332,48.65999984741211,789.1699829101562,,,,,,,0.18249586369635468,0,0,0,0,0,0,0
2009-02-18,968.4000244140625,988.0,962.2000122070312,977.7000122070312,422,88.01000213623047,96.91000366210938,14.288000106811523,48.459999084472656,788.4199829101562,,,,,,,0.9875866999410997,0,0,0,0,0,0,0
2009-02-19,982.7000122070312,986.2000122070312,972.0,976.0999755859375,202,87.44000244140625,95.7699966430664,13.932999610900879,47.08000183105469,778.9400024414062,,,,,,,-1.0185900710236815,0,0,0,0,0,0,0
2009-02-20,974.0,1004.9000244140625,971.5999755859375,1001.7999877929688,219,86.48999786376953,97.80000305175781,14.48799991607666,49.29999923706055,770.0499877929688,,,,,,,-1.9040867093575655,0,0,0,0,0,0,0
2009-02-23,995.5999755859375,996.5,980.0,994.5999755859375,215,87.23999786376953,97.7300033569336,14.447999954223633,52.619998931884766,743.3300170898438,,,,,,,-0.6700879229920864,0,0,0,0,0,0,0
2009-02-24,988.0,991.5999755859375,963.2000122070312,969.0999755859375,243,86.88999938964844,94.7300033569336,13.993000030517578,45.4900016784668,773.1400146484375,,,,,,,-1.6279153374125597,0,0,0,0,0,0,0
2009-02-25,963.2999877929688,977.5,953.0999755859375,965.7000122070312,1019,87.91000366210938,93.1500015258789,13.873000144958496,44.66999816894531,764.9000244140625,,,,,,,-3.6560974650598013,0,0,0,0,0,0,0
2009-02-26,953.0,956.0,933.0,941.7999877929688,687,87.7300033569336,93.05999755859375,12.949999809265137,44.65999984741211,752.8300170898438,,,,,,,0.4553626472465967,0,0,0,0,0,0,0
2009-02-27,943.4000244140625,963.2000122070312,928.0999755859375,941.5,730,88.01000213623047,92.62999725341797,13.085000038146973,46.349998474121094,735.0900268554688,,,,,,,-0.276139682444065,0,0,0,0,0,0,0
2009-03-02,945.0,963.2000122070312,924.5,939.0,474,88.94000244140625,90.93000030517578,13.050000190734863,52.650001525878906,700.8200073242188,,,,,,,-2.7770352511199627,0,0,0,0,0,0,0
2009-03-03,927.0,931.7999877929688,906.4000244140625,912.9000244140625,362,88.91000366210938,90.04000091552734,12.694999694824219,50.93000030517578,696.3300170898438,,,,,,,0.20771893153525695,0,0,0,0,0,0,0
2009-03-04,914.9000244140625,923.2000122070312,900.0999755859375,906.0,155,88.58000183105469,88.98999786376953,12.899999618530273,47.560001373291016,712.8699951171875,,,,,,,-0.49410488749684933,0,0,0,0,0,0,0
2009-03-05,912.0,932.5999755859375,908.9000244140625,927.0,141,89.11000061035156,91.98999786376953,13.104999542236328,50.16999816894531,682.5499877929688,,,,,,,1.1826092550464078,0,0,0,0,0,0,0
2009-03-06,933.5,944.5,931.7999877929688,942.0999755859375,308,88.51000213623047,92.29000091552734,13.322999954223633,49.33000183105469,683.3800048828125,,,,,,,-0.914970389867798,0,0,0,0,0,0,0
2009-03-09,940.5,940.5,914.5,917.7000122070312,838,89.01000213623047,90.56999969482422,12.949999809265137,49.68000030517578,676.530029296875,,,,,,,0.3115374202299329,0,0,0,0,0,0,0
2009-03-10,921.5999755859375,921.7999877929688,892.0999755859375,895.5999755859375,120,88.93000030517578,88.13999938964844,12.5600004196167,44.369998931884766,719.5999755859375,,,,,,,-0.13271391692098616,0,0,0,0,0,0,0
2009-03-11,894.7000122070312,912.4000244140625,894.0999755859375,910.4000244140625,221,87.87000274658203,89.22000122070312,12.8149995803833,43.61000061035156,721.3599853515625,,,,,,,-0.809084751802307,0,0,0,0,0,0,0
2009-03-12,909.2000122070312,927.5,908.0,923.7000122070312,118,87.66000366210938,91.0999984741211,12.958000183105469,41.18000030517578,750.739990234375,,,,,,,0.26897891128328794,0,0,0,0,0,0,0
2009-03-13,924.4000244140625,937.0,924.4000244140625,929.7999877929688,69,87.43000030517578,91.30000305175781,13.229999542236328,42.36000061035156,756.5499877929688,,,,,,,-0.45824376397340877,0,0,0,0,0,0,0
2009-03-16,926.4000244140625,929.5999755859375,916.7000122070312,921.5999755859375,139,86.94999694824219,90.80000305175781,12.904999732971191,43.7400016784668,753.8900146484375,,,,,,,0.09290248031331112,0,0,0,0,0,0,0
2009-03-17,923.2000122070312,924.4000244140625,912.4000244140625,916.4000244140625,48,86.93000030517578,90.04000091552734,12.6850004196167,40.79999923706055,778.1199951171875,,,,,,,-0.3665421450466469,0,0,0,0,0,0,0
2009-03-18,915.4000244140625,944.0,885.0,888.7000122070312,120,84.5999984741211,93.08999633789062,11.949999809265137,40.060001373291016,794.3499755859375,,,,,,,6.337433567125398,0,0,0,0,0,0,0
2009-03-19,938.0,960.7999877929688,933.7999877929688,958.2999877929688,360,83.12999725341797,94.3499984741211,13.5,43.68000030517578,784.0399780273438,,,,,,,-0.0757061020368284,0,0,0,0,0,0,0
2009-03-20,960.5999755859375,960.5999755859375,954.0,955.7999877929688,23,83.83999633789062,93.58999633789062,13.82699966430664,45.88999938964844,768.5399780273438,,,,,,,-0.6303480841973781,0,0,0,0,0,0,0
2009-03-23,950.7000122070312,952.5999755859375,937.9000244140625,952.0999755859375,30,83.43000030517578,92.08000183105469,13.862000465393066,43.22999954223633,822.9199829101562,,,,,,,-1.8431141433976554,0,0,0,0,0,0,0
2009-03-24,923.2999877929688,923.2999877929688,923.2999877929688,923.2999877929688,1494,83.86000061035156,90.94999694824219,13.343999862670898,42.93000030517578,806.1199951171875,,,,,,,0.005040595755004482,0,0,0,0,0,0,0
2009-03-25,921.2000122070312,936.5,920.7999877929688,935.4000244140625,97,83.80999755859375,91.9800033569336,13.423999786376953,42.25,813.8800048828125,,,,,,,-0.1682060152942635,0,0,0,0,0,0,0
2009-03-26,939.5999755859375,943.0,937.5999755859375,939.5999755859375,66,84.16999816894531,91.93000030517578,13.607000350952148,40.36000061035156,832.8599853515625,,,,,,,-0.6590544277815763,0,0,0,0,0,0,0
2009-03-27,923.0,923.0,923.0,923.0,106869,85.11000061035156,90.69000244140625,13.25100040435791,41.040000915527344,815.9400024414062,,,,,,,-0.22775631382211453,0,0,0,0,0,0,0
2009-03-30,924.5999755859375,932.5,908.5999755859375,915.5,58837,85.87000274658203,89.9800033569336,13.02299976348877,45.540000915527344,787.530029296875,,,,,,,-0.1965961646008603,0,0,0,0,0,0,0
2009-03-31,918.0,924.5,911.5999755859375,922.5999755859375,7403,85.43000030517578,90.27999877929688,12.975000381469727,44.13999938964844,797.8699951171875,,,,,,,-0.6226675428382303,0,0,0,0,0,0,0
2009-04-01,918.5999755859375,932.5,916.9000244140625,926.0999755859375,3659,85.5,91.02999877929688,12.96500015258789,42.279998779296875,811.0800170898438,,,,,,,-0.16450442462218715,0,0,0,0,0,0,0
2009-04-02,926.9000244140625,930.2999877929688,894.9000244140625,907.4000244140625,3389,84.44999694824219,88.80000305175781,13.015000343322754,42.040000915527344,834.3800048828125,,,,,,,-0.6051834876124066,0,0,0,0,0,0,0
2009-04-03,904.5999755859375,910.2999877929688,891.2999877929688,895.5999755859375,1616,84.16999816894531,87.58999633789062,12.725000381469727,39.70000076293945,842.5,,,,,,,-0.6612611300927378,0,0,0,0,0,0,0
2009-04-06,895.0,895.0,865.0999755859375,871.5,1078,84.56999969482422,85.2699966430664,12.104999542236328,40.93000030517578,835.47998046875,,,,,,,-0.6047079963305789,0,0,0,0,0,0,0
2009-04-07,872.2000122070312,884.7000122070312,872.2000122070312,882.2000122070312,395,85.29000091552734,86.73999786376953,12.204999923706055,40.38999938964844,815.5499877929688,,,,,,,-0.11621659289779498,0,0,0,0,0,0,0
2009-04-08,884.0,889.0999755859375,879.0,884.7999877929688,119,85.36000061035156,86.61000061035156,12.335000038146973,38.849998474121094,825.1599731445312,,,,,,,-0.5500420194732111,0,0,0,0,0,0,0
2009-04-09,882.4000244140625,886.0999755859375,874.7000122070312,882.2000122070312,360,85.79000091552734,86.30999755859375,12.324999809265137,36.529998779296875,856.5599975585938,,,,,,,-0.5845420886610075,0,0,0,0,0,0,0
2009-04-13,882.5,899.4000244140625,882.5,894.7000122070312,418,84.63999938964844,87.87999725341797,12.762999534606934,37.810001373291016,858.72998046875,,,,,,,-0.19122929632622523,0,0,0,0,0,0,0
2009-04-14,896.0999755859375,897.7999877929688,887.4000244140625,890.9000244140625,362,84.63999938964844,87.37000274658203,12.760000228881836,37.66999816894531,841.5,,,,,,,-0.34032365846783,0,0,0,0,0,0,0
2009-04-15,890.0,895.2999877929688,888.9000244140625,892.7999877929688,665,85.08000183105469,87.5,12.795000076293945,36.16999816894531,852.0599975585938,,,,,,,-0.39396509537670826,0,0,0,0,0,0,0
2009-04-16,890.9000244140625,893.4000244140625,872.7999877929688,879.2999877929688,632,85.2300033569336,85.80999755859375,12.25,35.790000915527344,865.2999877929688,,,,,,,-0.7944466615599654,0,0,0,0,0,0,0
2009-04-17,874.0,875.7000122070312,865.0,867.4000244140625,212,85.9800033569336,85.22000122070312,11.78499984741211,33.939998626708984,869.5999755859375,,,,,,,-0.10999631981057345,0,0,0,0,0,0,0
2009-04-20,868.7999877929688,889.0,866.0999755859375,887.0,655,86.63999938964844,86.94999694824219,12.100000381469727,39.18000030517578,832.3900146484375,,,,,,,-0.32663538132376485,0,0,0,0,0,0,0
2009-04-21,886.9000244140625,895.0999755859375,880.7000122070312,882.0999755859375,230,86.58000183105469,86.88999938964844,12.055000305175781,37.13999938964844,850.0800170898438,,,,,,,0.16649623818542753,0,0,0,0,0,0,0
2009-04-22,883.0999755859375,893.0,883.0,891.7999877929688,330,86.19000244140625,87.37999725341797,12.300000190734863,38.099998474121094,843.5499877929688,,,,,,,-0.3513250381879829,0,0,0,0,0,0,0
2009-04-23,893.5999755859375,909.0,892.5999755859375,905.9000244140625,234,85.5199966430664,88.80000305175781,12.75,37.150001525878906,851.9199829101562,,,,,,,-0.29901689633079576,0,0,0,0,0,0,0
2009-04-24,911.2000122070312,913.5999755859375,906.7000122070312,913.5999755859375,438,84.70999908447266,89.72000122070312,12.914999961853027,36.81999969482422,866.22998046875,,,,,,,-0.1026917486073694,0,0,0,0,0,0,0
2009-04-27,918.0,918.0,906.2999877929688,907.4000244140625,1179,85.69999694824219,89.01000213623047,12.949999809265137,38.31999969482422,857.510009765625,,,,,,,-0.2205915370006857,0,0,0,0,0,0,0
2009-04-28,899.7000122070312,899.7000122070312,890.0999755859375,892.7999877929688,308,85.16000366210938,87.75,12.395000457763672,37.95000076293945,855.1599731445312,,,,,,,-0.021982032640245317,0,0,0,0,0,0,0
2009-04-29,890.0999755859375,902.5,887.7999877929688,899.7999877929688,809,84.47000122070312,88.33000183105469,12.753999710083008,36.08000183105469,873.6400146484375,,,,,,,-0.1411986294372588,0,0,0,0,0,0,0
2009-04-30,898.2000122070312,898.9000244140625,881.2999877929688,890.7000122070312,212,84.61000061035156,87.2699966430664,12.305000305175781,36.5,872.8099975585938,,,,,,,-0.3198063091830947,0,0,0,0,0,0,0
2009-05-01,884.0,889.2000122070312,881.5,887.5999755859375,506,84.55000305175781,86.94999694824219,12.479999542236328,35.29999923706055,877.52001953125,,,,,,,-0.3301905487917403,0,0,0,0,0,0,0
2009-05-04,885.7999877929688,907.5,885.7999877929688,901.5999755859375,83,83.97000122070312,88.63999938964844,13.093000411987305,34.529998779296875,907.239990234375,,,,,,,0.028783315491219756,0,0,0,0,0,0,0
2009-05-05,903.5,912.2999877929688,902.0,903.7000122070312,69,84.16000366210938,88.25,13.402000427246094,33.36000061035156,903.7999877929688,,,,,,,-0.6298119966075916,0,0,0,0,0,0,0
2009-05-06,901.2999877929688,911.0999755859375,901.2999877929688,910.5,30,83.80000305175781,89.54000091552734,13.692000389099121,32.45000076293945,919.530029296875,,,,,,,0.09220129922561154,0,0,0,0,0,0,0
2009-05-07,922.4000244140625,924.0,910.4000244140625,915.0,64,83.94000244140625,89.44000244140625,14.01200008392334,33.439998626708984,907.3900146484375,,,,,,,-0.5092215932227643,0,0,0,0,0,0,0
2009-05-08,910.0999755859375,915.2999877929688,910.0999755859375,914.4000244140625,156,82.52999877929688,89.9800033569336,13.9350004196167,32.04999923706055,929.22998046875,,,,,,,0.1649182909617814,0,0,0,0,0,0,0
2009-05-11,913.0999755859375,914.4000244140625,913.0999755859375,913.0,2,82.68000030517578,89.69000244140625,13.890000343322754,32.869998931884766,909.239990234375,,,,,,,0.003736843305483219,0,0,0,0,0,0,0
2009-05-12,918.5,923.5,916.0999755859375,923.5,24,82.30999755859375,90.69999694824219,14.194999694824219,31.799999237060547,908.3499755859375,,,,,,,-0.012015366212824372,0,0,0,0,0,0,0
2009-05-13,922.0,929.7000122070312,921.2000122070312,925.5,71,82.5,91.08999633789062,14.0,33.650001525878906,883.9199829101562,,,,,,,0.19654491654094372,0,0,0,0,0,0,0
2009-05-14,922.5999755859375,922.5999755859375,922.5999755859375,928.0,1,82.27999877929688,91.02999877929688,14.020000457763672,31.3700008392334,893.0700073242188,,,,,,,-0.14675886530499288,0,0,0,0,0,0,0
2009-05-15,925.2000122070312,931.5999755859375,925.2000122070312,930.9000244140625,45,83.0199966430664,91.55000305175781,13.989999771118164,33.119998931884766,882.8800048828125,,,,,,,0.11756963291484947,0,0,0,0,0,0,0
2009-05-18,929.5999755859375,932.9000244140625,918.7000122070312,921.2999877929688,71,82.66999816894531,90.36000061035156,13.8100004196167,30.239999771118164,909.7100219726562,,,,,,,-0.15185264915864194,0,0,0,0,0,0,0
2009-05-19,926.2999877929688,926.2999877929688,926.2999877929688,926.2999877929688,71,81.9800033569336,90.95999908447266,14.109999656677246,28.799999237060547,908.1300048828125,,,,,,,-0.012373141715653383,0,0,0,0,0,0,0
2009-05-20,933.0,940.5,931.0,937.0,67,80.98999786376953,92.25,14.270000457763672,29.030000686645508,903.469970703125,,,,,,,0.2518532740242659,0,0,0,0,0,0,0
2009-05-21,939.0999755859375,943.9000244140625,937.4000244140625,950.7999877929688,71,80.55999755859375,93.8499984741211,14.4350004196167,31.350000381469727,888.3300170898438,,,,,,,0.50252629171855,0,0,0,0,0,0,0
2009-05-22,956.9000244140625,958.7000122070312,956.9000244140625,958.5,12,79.95999908447266,94.1500015258789,14.682999610900879,32.630001068115234,887.0,,,,,,,-0.004682081237018635,0,0,0,0,0,0,0
2009-05-26,953.0,953.5,944.0,953.0999755859375,20,80.12999725341797,93.76000213623047,14.588000297546387,30.6200008392334,910.3300170898438,,,,,,,0.14100669447835154,0,0,0,0,0,0,0
2009-05-27,947.2000122070312,956.0,947.2000122070312,953.2000122070312,151332,80.33000183105469,93.44999694824219,14.852999687194824,32.36000061035156,893.0599975585938,,,,,,,-0.24853307290605656,0,0,0,0,0,0,0
2009-05-28,948.5999755859375,964.9000244140625,944.0,961.5,74257,80.43000030517578,94.23999786376953,15.149999618530273,31.670000076293945,906.8300170898438,,,,,,,-0.2622612864224904,0,0,0,0,0,0,0
2009-05-29,959.2000122070312,980.4000244140625,959.0,978.7999877929688,7607,80.43000030517578,96.19999694824219,15.600000381469727,28.920000076293945,919.1400146484375,,,,,,,0.03513379860491732,0,0,0,0,0,0,0
2009-06-01,978.7999877929688,988.0999755859375,973.0,978.5999755859375,2883,79.16999816894531,95.7300033569336,15.725000381469727,30.040000915527344,942.8699951171875,,,,,,,-0.4946014555432569,0,0,0,0,0,0,0
2009-06-02,974.7000122070312,986.5,969.7999877929688,983.2000122070312,2345,78.4000015258789,96.36000061035156,15.944999694824219,29.6299991607666,944.739990234375,,,,,,,-0.27969089221100996,0,0,0,0,0,0,0
2009-06-03,981.7000122070312,990.2999877929688,961.0,964.5,1187,79.5,94.41000366210938,15.300000190734863,31.020000457763672,931.760009765625,,,,,,,-0.40877137865748037,0,0,0,0,0,0,0
2009-06-04,963.5999755859375,982.0,960.9000244140625,981.2000122070312,600,79.41000366210938,96.2300033569336,15.883000373840332,30.18000030517578,942.4600219726562,,,,,,,-0.17960033065310083,0,0,0,0,0,0,0
2009-06-05,981.4000244140625,983.0,954.0,961.7000122070312,714,80.66999816894531,93.70999908447266,15.37600040435791,29.6200008392334,940.0900268554688,,,,,,,-0.875954816165962,0,0,0,0,0,0,0
2009-06-08,958.0,960.0999755859375,944.4000244140625,951.7000122070312,580,80.91000366210938,93.55999755859375,14.942999839782715,29.770000457763672,939.1400146484375,,,,,,,0.09993039118360855,0,0,0,0,0,0,0
2009-06-09,953.5,963.7000122070312,948.4000244140625,954.0,684,79.79000091552734,93.83000183105469,15.128000259399414,28.270000457763672,942.4299926757812,,,,,,,0.15260544494778397,0,0,0,0,0,0,0
2009-06-10,956.0,966.0,949.2000122070312,954.0,698,80.33000183105469,93.86000061035156,15.213000297546387,28.459999084472656,939.1500244140625,,,,,,,0.18104875041021573,0,0,0,0,0,0,0
2009-06-11,954.2999877929688,961.9000244140625,943.0999755859375,961.2999877929688,583,79.41000366210938,93.69999694824219,15.480999946594238,28.110000610351562,944.8900146484375,,,,,,,-0.8196546510664778,0,0,0,0,0,0,0
2009-06-12,955.9000244140625,956.5,935.7999877929688,940.0999755859375,166,80.13999938964844,92.16999816894531,14.864999771118164,28.149999618530273,946.2100219726562,,,,,,,-0.17960216259380093,0,0,0,0,0,0,0
2009-06-15,938.5,938.5,926.9000244140625,926.9000244140625,258,81.13999938964844,91.0999984741211,14.020000457763672,30.809999465942383,923.719970703125,,,,,,,0.0947971755184076,0,0,0,0,0,0,0
2009-06-16,930.9000244140625,938.5999755859375,930.9000244140625,931.5999755859375,149,80.70999908447266,91.93000030517578,14.119999885559082,32.68000030517578,911.969970703125,,,,,,,0.5276802074329453,0,0,0,0,0,0,0
2009-06-17,931.5,937.7999877929688,930.4000244140625,935.4000244140625,29,80.16999816894531,92.3499984741211,14.269000053405762,31.540000915527344,910.7100219726562,,,,,,,1.8699613752887707,0,0,0,0,0,0,0
2009-06-18,942.0,942.0,931.0,934.0,91,80.61000061035156,91.61000061035156,14.229000091552734,30.030000686645508,918.3699951171875,,,,,,,-0.06596085962253241,0,0,0,0,0,0,0
2009-06-19,932.0,936.5,932.0,935.5999755859375,73,80.26000213623047,91.9000015258789,14.189000129699707,27.989999771118164,921.22998046875,,,,,,,0.35475396691412053,0,0,0,0,0,0,0
2009-06-22,925.0,926.2000122070312,919.0,920.5999755859375,134,80.77999877929688,90.54000091552734,13.694000244140625,31.170000076293945,893.0399780273438,,,,,,,0.7763412491827325,0,0,0,0,0,0,0
2009-06-23,921.9000244140625,926.5,917.2999877929688,923.9000244140625,181,79.83999633789062,90.91999816894531,13.833999633789062,30.579999923706055,895.0999755859375,,,,,,,1.0073935623134553,0,0,0,0,0,0,0
2009-06-24,925.4000244140625,942.7000122070312,922.9000244140625,934.0999755859375,588,80.55999755859375,91.44999694824219,13.89900016784668,29.049999237060547,900.9400024414062,,,,,,,-0.8277300371430837,0,0,0,0,0,0,0
2009-06-25,932.2999877929688,939.0999755859375,932.2999877929688,939.0999755859375,72,80.4000015258789,92.30999755859375,13.994000434875488,26.360000610351562,920.260009765625,,,,,,,0.5953496377804508,0,0,0,0,0,0,0
2009-06-26,945.2999877929688,946.0,939.5999755859375,940.7000122070312,185,79.87999725341797,92.29000091552734,14.116999626159668,25.93000030517578,918.9000244140625,,,,,,,-0.09116889385778988,0,0,0,0,0,0,0
2009-06-29,940.2000122070312,942.5,934.7999877929688,940.4000244140625,445,79.83999633789062,92.04000091552734,13.946999549865723,25.350000381469727,927.22998046875,,,,,,,-0.9292234085490804,0,0,0,0,0,0,0
2009-06-30,941.4000244140625,943.9000244140625,925.2999877929688,927.0999755859375,128,80.12999725341797,91.18000030517578,13.574000358581543,26.350000381469727,919.3200073242188,,,,,,,0.796317324243881,0,0,0,0,0,0,0
2009-07-01,929.2999877929688,944.2000122070312,928.0,941.0,88,79.62999725341797,92.38999938964844,13.739999771118164,26.219999313354492,923.3300170898438,,,,,,,0.18764894746458913,0,0,0,0,0,0,0
2009-07-02,941.4000244140625,941.5,926.5999755859375,930.7000122070312,67,80.1500015258789,91.25,13.392999649047852,27.950000762939453,896.4199829101562,,,,,,,-0.3369621574980999,0,0,0,0,0,0,0
2009-07-06,933.5,933.5,920.2000122070312,924.0,108,80.44999694824219,90.76000213623047,13.22700023651123,29.0,898.719970703125,,,,,,,0.3145737233971745,0,0,0,0,0,0,0
2009-07-07,924.2000122070312,931.7000122070312,921.2000122070312,928.7999877929688,57,80.62000274658203,90.70999908447266,13.208999633789062,30.850000381469727,881.030029296875,,,,,,,-1.7638320147523485,0,0,0,0,0,0,0
2009-07-08,919.5999755859375,919.5999755859375,905.5999755859375,909.0,41,80.7699966430664,89.2699966430664,12.840999603271484,31.299999237060547,879.5599975585938,,,,,,,0.25999551661723913,0,0,0,0,0,0,0
2009-07-09,907.2000122070312,917.4000244140625,907.2000122070312,915.9000244140625,74,79.86000061035156,89.51000213623047,12.923999786376953,29.780000686645508,882.6799926757812,,,,,,,-1.4929098383783739,0,0,0,0,0,0,0
2009-07-10,910.7000122070312,913.5,908.5,912.2000122070312,40,80.2300033569336,89.58000183105469,12.63700008392334,29.020000457763672,879.1300048828125,,,,,,,0.22980706948487056,0,0,0,0,0,0,0
2009-07-13,911.5,922.2000122070312,908.4000244140625,922.2000122070312,30,80.12999725341797,90.19000244140625,12.78499984741211,26.309999465942383,901.0499877929688,,,,,,,-1.230192078925047,0,0,0,0,0,0,0
2009-07-14,920.2000122070312,926.2000122070312,920.2000122070312,922.5,64,80.18000030517578,90.80999755859375,12.854999542236328,25.020000457763672,905.8400268554688,,,,,,,1.09024180841346,0,0,0,0,0,0,0
2009-07-15,928.9000244140625,941.0,928.2999877929688,939.0999755859375,67,79.31999969482422,92.23999786376953,13.20300006866455,25.889999389648438,932.6799926757812,,,,,,,0.2872168732344315,0,0,0,0,0,0,0
2009-07-16,938.4000244140625,938.4000244140625,934.7999877929688,935.0999755859375,63,79.22000122070312,91.9800033569336,13.229999542236328,25.420000076293945,940.739990234375,,,,,,,0.7830436095024604,0,0,0,0,0,0,0
2009-07-17,936.9000244140625,937.7999877929688,931.7999877929688,937.2000122070312,34,79.3499984741211,91.93000030517578,13.39799976348877,24.34000015258789,940.3800048828125,,,,,,,-0.23517868862010421,0,0,0,0,0,0,0
2009-07-20,954.0999755859375,954.5,950.9000244140625,948.5,5,78.91000366210938,93.27999877929688,13.619999885559082,24.399999618530273,951.1300048828125,,,,,,,0.7007762957856107,0,0,0,0,0,0,0
2009-07-21,948.5999755859375,948.5999755859375,945.7999877929688,946.5999755859375,15,78.93000030517578,93.12999725341797,13.472999572753906,23.8700008392334,954.5800170898438,,,,,,,0.8605190749413946,0,0,0,0,0,0,0
2009-07-22,949.2000122070312,953.0,946.4000244140625,953.0,71,78.70999908447266,93.44000244140625,13.694999694824219,23.469999313354492,954.0700073242188,,,,,,,-0.411044825308884,0,0,0,0,0,0,0
2009-07-23,954.2000122070312,954.2000122070312,949.7999877929688,954.5,47,78.80000305175781,93.26000213623047,13.765000343322754,23.43000030517578,976.2899780273438,,,,,,,-1.6539094837575805,0,0,0,0,0,0,0
2009-07-24,950.2999877929688,952.7999877929688,950.2999877929688,952.7999877929688,77,78.75,93.41000366210938,13.869999885559082,23.09000015258789,979.260009765625,,,,,,,-0.41392624710352643,0,0,0,0,0,0,0
2009-07-27,955.0999755859375,957.0999755859375,953.2999877929688,953.2999877929688,5,78.62999725341797,93.70999908447266,13.984999656677246,24.280000686645508,982.1799926757812,,,,,,,0.5474947150670403,0,0,0,0,0,0,0
2009-07-28,949.5,949.5,937.5,939.0,10,78.8499984741211,92.11000061035156,13.734999656677246,25.010000228881836,979.6199951171875,,,,,,,-0.20606188155827437,0,0,0,0,0,0,0
2009-07-29,927.2000122070312,927.2000122070312,927.2000122070312,927.2000122070312,129090,79.62999725341797,91.19999694824219,13.253000259399414,25.610000610351562,975.1500244140625,,,,,,,0.7666902885903321,0,0,0,0,0,0,0
2009-07-30,929.2000122070312,937.0,928.4000244140625,934.9000244140625,36620,79.29000091552734,91.62000274658203,13.477999687194824,25.399999618530273,986.75,,,,,,,-0.5640140692406617,0,0,0,0,0,0,0
2009-07-31,934.4000244140625,958.0999755859375,932.0,953.7000122070312,10747,78.3499984741211,93.3499984741211,13.932999610900879,25.920000076293945,987.47998046875,,,,,,,-0.9898485277828347,0,0,0,0,0,0,0
2009-08-03,952.5999755859375,964.0,952.4000244140625,956.5999755859375,2602,77.63999938964844,93.87000274658203,14.244999885559082,25.559999465942383,1002.6300048828125,,,,,,,-0.07298482006615929,0,0,0,0,0,0,0
2009-08-04,956.5999755859375,969.5,950.7999877929688,967.5,565,77.7699966430664,94.68000030517578,14.687999725341797,24.889999389648438,1005.6500244140625,,,,,,,-1.0925139088305034,0,0,0,0,0,0,0
2009-08-05,967.5999755859375,968.0999755859375,959.7999877929688,964.2000122070312,742,77.5199966430664,94.77999877929688,14.753000259399414,24.899999618530273,1002.719970703125,,,,,,,0.555299290645021,0,0,0,0,0,0,0
2009-08-06,964.0999755859375,971.0999755859375,956.5,960.7000122070312,543,78.06999969482422,94.5999984741211,14.637999534606934,25.670000076293945,997.0800170898438,,,,,,,1.1626245290413975,0,0,0,0,0,0,0
2009-08-07,964.2999877929688,964.2999877929688,954.5999755859375,957.2999877929688,641,78.97000122070312,93.75,14.66100025177002,24.760000228881836,1010.47998046875,,,,,,,-0.8466517972264404,0,0,0,0,0,0,0
2009-08-10,955.0,956.0999755859375,943.5,945.0,395,79.26000213623047,92.93000030517578,14.347999572753906,24.989999771118164,1007.0999755859375,,,,,,,0.686650480806225,0,0,0,0,0,0,0
2009-08-11,947.2000122070312,949.7000122070312,943.0999755859375,945.7999877929688,106,79.18000030517578,92.79000091552734,14.338000297546387,25.989999771118164,994.3499755859375,,,,,,,-0.18014205290991842,0,0,0,0,0,0,0
2009-08-12,947.5,951.5,943.0,950.7000122070312,102,78.79000091552734,92.94999694824219,14.57800006866455,25.450000762939453,1005.8099975585938,,,,,,,-1.403948420389843,0,0,0,0,0,0,0
2009-08-13,952.5999755859375,960.0999755859375,952.2999877929688,954.7000122070312,104,78.48999786376953,93.72000122070312,14.979999542236328,24.709999084472656,1012.72998046875,,,,,,,0.07877623687045732,0,0,0,0,0,0,0
2009-08-14,957.4000244140625,957.4000244140625,942.0999755859375,947.0,141,78.88999938964844,93.0,14.71500015258789,24.270000457763672,1004.0900268554688,,,,,,,0.23013242434703907,0,0,0,0,0,0,0
2009-08-17,947.4000244140625,947.4000244140625,931.5,934.2999877929688,128,79.29000091552734,91.61000061035156,13.970999717712402,27.889999389648438,979.72998046875,,,,,,,-0.3433067732677699,0,0,0,0,0,0,0
2009-08-18,938.5999755859375,938.5999755859375,935.5,937.7000122070312,276,78.94000244140625,92.05999755859375,13.956000328063965,26.18000030517578,989.6699829101562,,,,,,,0.12578253753540694,0,0,0,0,0,0,0
2009-08-19,941.7999877929688,944.9000244140625,933.4000244140625,943.2999877929688,194,78.47000122070312,92.52999877929688,13.871000289916992,26.260000228881836,996.4600219726562,,,,,,,-0.1727939968386332,0,0,0,0,0,0,0
2009-08-20,942.9000244140625,945.7000122070312,940.0999755859375,940.2999877929688,35,78.37999725341797,92.2699966430664,13.87600040435791,25.09000015258789,1007.3699951171875,,,,,,,0.0007996268750667522,0,0,0,0,0,0,0
2009-08-21,957.0,957.5999755859375,952.5999755859375,953.2000122070312,53,78.04000091552734,93.6500015258789,14.15999984741211,25.010000228881836,1026.1300048828125,,,,,,,0.47328056443472255,0,0,0,0,0,0,0
2009-08-24,953.5,957.0,941.2999877929688,942.2999877929688,198,78.2699966430664,92.33999633789062,14.190999984741211,25.139999389648438,1025.5699462890625,,,,,,,-0.509762418238753,0,0,0,0,0,0,0
2009-08-25,946.2999877929688,954.5,943.5,944.5,143,78.23999786376953,92.76000213623047,14.305999755859375,24.920000076293945,1028.0,,,,,,,0.34055227765030316,0,0,0,0,0,0,0
2009-08-26,947.5,948.2000122070312,940.2999877929688,944.2999877929688,128,78.66000366210938,92.79000091552734,14.25100040435791,24.950000762939453,1028.1199951171875,,,,,,,0.5335766681663792,0,0,0,0,0,0,0
2009-08-27,944.2000122070312,949.4000244140625,942.9000244140625,945.5,193,78.01000213623047,93.19000244140625,14.215999603271484,24.68000030517578,1030.97998046875,,,,,,,1.6682155407810335,0,0,0,0,0,0,0
2009-08-28,949.2999877929688,962.2000122070312,948.0999755859375,957.0,182,78.37000274658203,93.87000274658203,14.784000396728516,24.760000228881836,1028.9300537109375,,,,,,,-0.1967712519057033,0,0,0,0,0,0,0
2009-08-31,959.5,959.5,944.7999877929688,951.7000122070312,21,78.16999816894531,93.4000015258789,14.89799976348877,26.010000228881836,1020.6199951171875,,,,,,,0.0014432769940100477,0,0,0,0,0,0,0
2009-09-01,954.2000122070312,956.5,948.7000122070312,954.7000122070312,17,78.76000213623047,93.9000015258789,15.03499984741211,29.149999618530273,998.0399780273438,,,,,,,0.8250971725172139,0,0,0,0,0,0,0
2009-09-02,954.0,978.7999877929688,954.0,976.5999755859375,65,78.37999725341797,96.19000244140625,15.34000015258789,28.899999618530273,994.75,,,,,,,1.3316550564589262,0,0,0,0,0,0,0
2009-09-03,978.0999755859375,995.7999877929688,978.0999755859375,995.7999877929688,55,78.45999908447266,97.45999908447266,16.26799964904785,27.100000381469727,1003.239990234375,,,,,,,-1.1970339113137654,0,0,0,0,0,0,0
2009-09-04,992.5999755859375,995.0,985.5,994.9000244140625,75,78.13999938964844,97.52999877929688,16.26300048828125,25.260000228881836,1016.4000244140625,,,,,,,-0.5226904076265104,0,0,0,0,0,0,0
2009-09-08,993.5,1006.9000244140625,993.2000122070312,997.9000244140625,90,77.31999969482422,97.43000030517578,16.488000869750977,25.6200008392334,1025.3900146484375,,,,,,,-2.0461805968031586,0,0,0,0,0,0,0
2009-09-09,1002.0,1002.7999877929688,988.7999877929688,995.2999877929688,84,77.08999633789062,97.08000183105469,16.44300079345703,24.31999969482422,1033.3699951171875,,,,,,,-2.2926446764814354,0,0,0,0,0,0,0
2009-09-10,996.2000122070312,997.2000122070312,987.2999877929688,995.4000244140625,51,76.81999969482422,97.69999694824219,16.649999618530273,23.549999237060547,1044.1400146484375,,,,,,,0.03772930636002512,0,0,0,0,0,0,0
2009-09-11,999.7000122070312,1011.9000244140625,999.7000122070312,1004.9000244140625,198,76.61000061035156,98.77999877929688,16.676000595092773,24.149999618530273,1042.72998046875,,,,,,,0.6205540486224551,0,0,0,0,0,0,0
2009-09-14,1002.9000244140625,1003.7999877929688,998.5,999.9000244140625,91,76.69999694824219,97.95999908447266,16.60099983215332,23.860000610351562,1049.3399658203125,,,,,,,-0.6992568327122596,0,0,0,0,0,0,0
2009-09-15,998.0,1008.0,994.9000244140625,1005.0,118,76.54000091552734,98.9000015258789,16.97800064086914,23.420000076293945,1052.6300048828125,,,,,,,1.138602952625724,0,0,0,0,0,0,0
2009-09-16,1014.7000122070312,1019.7999877929688,1014.7000122070312,1018.9000244140625,92,76.23999786376953,99.91000366210938,17.408000946044922,23.690000534057617,1068.760009765625,,,,,,,-0.3083717465976102,0,0,0,0,0,0,0
2009-09-17,1017.2000122070312,1019.5,1011.5999755859375,1012.2999877929688,48,76.19000244140625,99.33999633789062,17.243000030517578,23.649999618530273,1065.489990234375,,,,,,,0.02576833957676143,0,0,0,0,0,0,0
2009-09-18,1013.9000244140625,1017.5999755859375,1009.2000122070312,1009.2000122070312,26,76.43000030517578,98.66999816894531,17.042999267578125,23.920000076293945,1068.300048828125,,,,,,,-1.5206307113334872,0,0,0,0,0,0,0
2009-09-21,1003.7000122070312,1003.7000122070312,998.0,1003.7000122070312,26,76.77999877929688,98.36000061035156,16.857999801635742,24.059999465942383,1064.6600341796875,,,,,,,-0.5119709514329374,0,0,0,0,0,0,0
2009-09-22,1011.5,1019.4000244140625,1011.5,1014.2000122070312,67,76.12000274658203,99.66999816894531,17.093000411987305,23.079999923706055,1071.6600341796875,,,,,,,0.7174266940740228,0,0,0,0,0,0,0
2009-09-23,1014.4000244140625,1015.2000122070312,1008.2000122070312,1013.0,212,76.05000305175781,98.83000183105469,16.88800048828125,23.489999771118164,1060.8699951171875,,,,,,,-2.317683258187879,0,0,0,0,0,0,0
2009-09-24,1015.0,1015.0,993.9000244140625,997.5,123,76.9000015258789,97.55000305175781,16.273000717163086,24.950000762939453,1050.780029296875,,,,,,,-1.283308616848163,0,0,0,0,0,0,0
2009-09-25,997.2999877929688,997.4000244140625,986.7000122070312,990.2000122070312,70,76.80999755859375,97.0,16.038000106811523,25.610000610351562,1044.3800048828125,,,,,,,-0.573967332201875,0,0,0,0,0,0,0
2009-09-28,993.2000122070312,993.2000122070312,991.4000244140625,992.5,6999,77.05000305175781,97.05000305175781,16.17300033569336,24.8799991607666,1062.97998046875,,,,,,,-1.301820099536664,0,0,0,0,0,0,0
2009-09-29,990.5,995.7000122070312,984.7000122070312,993.0999755859375,5742,77.12000274658203,97.43000030517578,16.1560001373291,25.190000534057617,1060.6099853515625,,,,,,,0.066275689123863,0,0,0,0,0,0,0
2009-09-30,992.5,1009.0,992.5,1008.0,1393,76.6500015258789,98.8499984741211,16.63599967956543,25.610000610351562,1057.0799560546875,,,,,,,-0.10079688438229396,0,0,0,0,0,0,0
2009-10-01,1007.4000244140625,1008.7999877929688,998.0,999.5,213,77.19000244140625,97.88999938964844,16.417999267578125,28.270000457763672,1029.8499755859375,,,,,,,-0.6258125398640324,0,0,0,0,0,0,0
2009-10-02,998.7999877929688,1007.2999877929688,986.7999877929688,1003.2000122070312,247,77.0,98.37000274658203,16.20800018310547,28.68000030517578,1025.2099609375,,,,,,,-0.12143038946037178,0,0,0,0,0,0,0
2009-10-05,1004.0999755859375,1017.5999755859375,1003.0,1016.7000122070312,180,76.63999938964844,99.81999969482422,16.51300048828125,26.84000015258789,1040.4599609375,,,,,,,0.3773150749543406,0,0,0,0,0,0,0
2009-10-06,1019.5,1043.800048828125,1018.2999877929688,1038.5999755859375,180,76.33999633789062,102.27999877929688,17.273000717163086,25.700000762939453,1054.719970703125,,,,,,,1.6172639467332557,0,0,0,0,0,0,0
2009-10-07,1038.300048828125,1048.199951171875,1038.300048828125,1043.300048828125,180,76.48999786376953,102.36000061035156,17.47800064086914,24.68000030517578,1057.5799560546875,,,,,,,0.03534027479150218,0,0,0,0,0,0,0
2009-10-08,1045.800048828125,1060.4000244140625,1045.0999755859375,1055.4000244140625,160,75.97000122070312,103.63999938964844,17.799999237060547,24.18000030517578,1065.47998046875,,,,,,,0.4164774977056875,0,0,0,0,0,0,0
2009-10-09,1049.300048828125,1051.5,1044.0,1047.800048828125,175,76.43000030517578,102.83999633789062,17.674999237060547,23.1200008392334,1071.489990234375,,,,,,,0.17299989769344515,0,0,0,0,0,0,0
2009-10-12,1049.0,1058.4000244140625,1049.0,1056.699951171875,209,76.12999725341797,103.55999755859375,17.80500030517578,23.010000228881836,1076.18994140625,,,,,,,-0.44170504893542595,0,0,0,0,0,0,0
2009-10-13,1064.0,1068.4000244140625,1056.5,1064.199951171875,183,75.9800033569336,104.26000213623047,17.825000762939453,22.989999771118164,1073.18994140625,,,,,,,-0.5705661076483283,0,0,0,0,0,0,0
2009-10-14,1064.0,1070.199951171875,1057.5999755859375,1063.9000244140625,140,75.55000305175781,104.18000030517578,17.89299964904785,22.860000610351562,1092.02001953125,,,,,,,-0.7568199361732598,0,0,0,0,0,0,0
2009-10-15,1062.199951171875,1062.199951171875,1048.0,1049.800048828125,179,75.4800033569336,102.86000061035156,17.399999618530273,21.719999313354492,1096.56005859375,,,,,,,-0.48826253257600644,0,0,0,0,0,0,0
2009-10-16,1051.5,1056.199951171875,1043.699951171875,1050.699951171875,76,75.5999984741211,103.18000030517578,17.405000686645508,21.43000030517578,1087.6800537109375,,,,,,,0.515686628486221,0,0,0,0,0,0,0
2009-10-19,1053.5999755859375,1061.199951171875,1049.199951171875,1057.300048828125,157,75.51000213623047,104.2300033569336,17.610000610351562,21.489999771118164,1097.9100341796875,,,,,,,2.165633898338737,0,0,0,0,0,0,0
2009-10-20,1065.5,1066.199951171875,1054.0,1057.800048828125,231,75.56999969482422,103.41999816894531,17.542999267578125,20.899999618530273,1091.06005859375,,,,,,,-1.3764961602309107,0,0,0,0,0,0,0
2009-10-21,1053.699951171875,1064.0,1047.5,1063.699951171875,35,74.97000122070312,103.75,17.809999465942383,22.219999313354492,1081.4000244140625,,,,,,,-2.3181778328040163,0,0,0,0,0,0,0
2009-10-22,1061.199951171875,1061.199951171875,1051.5,1057.800048828125,173,75.08999633789062,103.91999816894531,17.530000686645508,20.690000534057617,1092.9100341796875,,,,,,,0.6563518474827218,0,0,0,0,0,0,0
2009-10-23,1063.800048828125,1065.9000244140625,1050.199951171875,1055.5999755859375,116,75.47000122070312,103.48999786376953,17.711000442504883,22.270000457763672,1079.5999755859375,,,,,,,-0.18419955253980821,0,0,0,0,0,0,0
2009-10-26,1055.5999755859375,1055.5999755859375,1039.9000244140625,1042.0999755859375,76,76.05999755859375,101.86000061035156,17.083999633789062,24.309999465942383,1066.949951171875,,,,,,,-1.3901176722141058,0,0,0,0,0,0,0
2009-10-27,1039.5,1042.0999755859375,1034.699951171875,1034.699951171875,100,76.13999938964844,101.8499984741211,16.5310001373291,24.829999923706055,1063.4100341796875,,,,,,,1.483223956031973,0,0,0,0,0,0,0
2009-10-28,1042.0999755859375,1042.0999755859375,1028.0,1029.9000244140625,307,76.43000030517578,100.7300033569336,16.231000900268555,27.90999984741211,1042.6300048828125,,,,,,,-1.1100608364188604,0,0,0,0,0,0,0
2009-10-29,1035.199951171875,1047.300048828125,1032.4000244140625,1046.4000244140625,234,75.91999816894531,102.69000244140625,16.645999908447266,24.760000228881836,1066.1099853515625,,,,,,,0.23852732867516477,0,0,0,0,0,0,0
2009-10-30,1045.5,1045.800048828125,1035.5999755859375,1039.699951171875,148,76.30000305175781,102.52999877929688,16.246000289916992,30.690000534057617,1036.18994140625,,,,,,,2.108381671708892,0,0,0,0,0,0,0
2009-11-02,1053.4000244140625,1061.800048828125,1043.5,1053.4000244140625,41,76.29000091552734,103.94999694824219,16.430999755859375,29.780000686645508,1042.8800048828125,,,,,,,2.2356947575750836,0,0,0,0,0,0,0
2009-11-03,1084.300048828125,1087.0,1056.800048828125,1084.300048828125,196,76.38999938964844,106.45999908447266,17.17099952697754,28.809999465942383,1045.4100341796875,,,,,,,0.32991247391799106,0,0,0,0,0,0,0
2009-11-04,1086.699951171875,1097.4000244140625,1082.199951171875,1086.699951171875,114,75.63999938964844,107.0999984741211,17.395000457763672,27.719999313354492,1046.5,,,,,,,1.7478146170181497,0,0,0,0,0,0,0
2009-11-05,1088.699951171875,1092.300048828125,1086.0,1088.699951171875,63,75.73999786376953,106.9800033569336,17.399999618530273,25.43000030517578,1066.6300048828125,,,,,,,0.6116809844298405,0,0,0,0,0,0,0
2009-11-06,1095.0999755859375,1100.0,1090.199951171875,1095.0999755859375,102,75.81999969482422,107.43000030517578,17.364999771118164,24.190000534057617,1069.300048828125,,,,,,,-6.7692991745027466e-06,0,0,0,0,0,0,0
2009-11-09,1098.5999755859375,1109.300048828125,1098.5999755859375,1100.800048828125,102,75.02999877929688,108.19000244140625,17.469999313354492,23.149999618530273,1093.0799560546875,,,,,,,0.6904652106985244,0,0,0,0,0,0,0
2009-11-10,1100.9000244140625,1108.5999755859375,1098.199951171875,1101.9000244140625,92,75.0199966430664,108.38999938964844,17.211999893188477,22.84000015258789,1093.010009765625,,,,,,,0.9801686293535247,0,0,0,0,0,0,0
2009-11-11,1114.0,1117.5999755859375,1106.300048828125,1114.0,104,75.16000366210938,109.5999984741211,17.527000427246094,23.040000915527344,1098.510009765625,,,,,,,1.0268141132524755,0,0,0,0,0,0,0
2009-11-12,1106.0,1121.300048828125,1104.300048828125,1106.0,68,75.5999984741211,108.20999908447266,17.2549991607666,24.239999771118164,1087.239990234375,,,,,,,-1.0324931343589403,0,0,0,0,0,0,0
2009-11-13,1116.0999755859375,1118.199951171875,1105.0,1116.0999755859375,56,75.33000183105469,109.73999786376953,17.3700008392334,23.360000610351562,1093.47998046875,,,,,,,0.7936253522348142,0,0,0,0,0,0,0
2009-11-16,1138.5999755859375,1140.5,1127.199951171875,1138.5999755859375,64,74.91000366210938,111.62999725341797,18.389999389648438,22.889999389648438,1109.300048828125,,,,,,,-0.2696914574924924,0,0,0,0,0,0,0
2009-11-17,1138.800048828125,1140.4000244140625,1131.300048828125,1138.800048828125,67,75.37000274658203,111.97000122070312,18.37700080871582,22.40999984741211,1110.3199462890625,,,,,,,0.7773479473265112,0,0,0,0,0,0,0
2009-11-18,1140.699951171875,1149.4000244140625,1136.5,1140.699951171875,77,75.18000030517578,112.25,18.406999588012695,21.6299991607666,1109.800048828125,,,,,,,1.0586752590233497,0,0,0,0,0,0,0
2009-11-19,1141.4000244140625,1144.800048828125,1135.5,1141.4000244140625,20,75.29000091552734,112.30000305175781,18.44700050354004,22.6299991607666,1094.9000244140625,,,,,,,0.982606609280618,0,0,0,0,0,0,0
2009-11-20,1146.4000244140625,1147.9000244140625,1137.300048828125,1146.4000244140625,18,75.66000366210938,112.94000244140625,18.433000564575195,22.190000534057617,1091.3800048828125,,,,,,,1.4099282621435874,0,0,0,0,0,0,0
2009-11-23,1164.300048828125,1163.0,1164.300048828125,1164.300048828125,3,75.08999633789062,114.29000091552734,18.60300064086914,21.15999984741211,1106.239990234375,,,,,,,0.11507219834646092,0,0,0,0,0,0,0
2009-11-24,1165.5,1169.800048828125,1167.5,1165.5,26,75.06999969482422,114.7300033569336,18.447999954223633,20.469999313354492,1105.6500244140625,,,,,,,1.1066822206858964,0,0,0,0,0,0,0
2009-11-25,1186.9000244140625,1186.9000244140625,1186.9000244140625,1186.9000244140625,205513,74.2699966430664,116.62000274658203,18.766000747680664,20.479999542236328,1110.6300048828125,,,,,,,0.471042602484974,0,0,0,0,0,0,0
2009-11-27,1190.800048828125,1195.0,1130.0999755859375,1174.199951171875,112015,75.0,115.05999755859375,18.302000045776367,24.739999771118164,1091.489990234375,,,,,,,-0.5042459846881011,0,0,0,0,0,0,0
2009-11-30,1179.9000244140625,1183.699951171875,1163.699951171875,1181.0999755859375,14549,74.87999725341797,115.63999938964844,18.4950008392334,24.510000228881836,1095.6300048828125,,,,,,,-0.7867773928320675,0,0,0,0,0,0,0
2009-12-01,1181.0,1202.699951171875,1176.0,1199.0999755859375,3787,74.36000061035156,117.37999725341797,19.18000030517578,21.920000076293945,1108.8599853515625,,,,,,,-0.8283514568176487,0,0,0,0,0,0,0
2009-12-02,1196.4000244140625,1217.300048828125,1196.300048828125,1212.0,2145,74.66999816894531,119.18000030517578,19.295000076293945,21.1200008392334,1109.239990234375,,,,,,,0.8161248759560621,0,0,0,0,0,0,0
2009-12-03,1218.0,1226.4000244140625,1204.5999755859375,1217.4000244140625,1530,74.62999725341797,118.69999694824219,19.101999282836914,22.459999084472656,1099.9200439453125,,,,,,,-2.1682856491548423,0,0,0,0,0,0,0
2009-12-04,1207.800048828125,1211.199951171875,1147.0,1168.800048828125,4288,75.91000366210938,113.75,18.496000289916992,21.25,1105.97998046875,,,,,,,-2.617673478441572,0,0,0,0,0,0,0
2009-12-07,1157.5999755859375,1165.5,1136.300048828125,1163.4000244140625,3669,75.7699966430664,113.11000061035156,18.336000442504883,22.100000381469727,1103.25,,,,,,,-2.791120085084489,0,0,0,0,0,0,0
2009-12-08,1159.5,1169.300048828125,1125.300048828125,1142.800048828125,784,76.30999755859375,110.94999694824219,17.78499984741211,23.690000534057617,1091.93994140625,,,,,,,-3.0380953001973396,0,0,0,0,0,0,0
2009-12-09,1130.300048828125,1147.0,1116.5,1120.4000244140625,2256,76.04000091552734,110.83999633789062,17.158000946044922,22.65999984741211,1095.949951171875,,,,,,,2.419204303827347,0,0,0,0,0,0,0
2009-12-10,1125.699951171875,1134.800048828125,1122.199951171875,1125.699951171875,344,76.04000091552734,110.81999969482422,17.17300033569336,22.31999969482422,1102.3499755859375,,,,,,,1.0045433422904329,0,0,0,0,0,0,0
2009-12-11,1132.699951171875,1141.4000244140625,1110.800048828125,1119.4000244140625,912,76.56999969482422,109.31999969482422,17.083999633789062,21.59000015258789,1106.4100341796875,,,,,,,-1.2339806442422205,0,0,0,0,0,0,0
2009-12-14,1123.300048828125,1127.5,1114.5,1123.300048828125,230,76.3499984741211,110.23999786376953,17.326000213623047,21.149999618530273,1114.1099853515625,,,,,,,0.14763581780061072,0,0,0,0,0,0,0
2009-12-15,1127.9000244140625,1128.5999755859375,1111.9000244140625,1122.4000244140625,242,76.95999908447266,110.20999908447266,17.44099998474121,21.489999771118164,1107.9300537109375,,,,,,,0.29046802245236375,0,0,0,0,0,0,0
2009-12-16,1125.699951171875,1140.0,1122.4000244140625,1135.5,205,77.0,111.58999633789062,17.679000854492188,20.540000915527344,1109.1800537109375,,,,,,,0.5196238588899528,0,0,0,0,0,0,0
2009-12-17,1141.5,1141.5,1095.699951171875,1106.800048828125,422,77.69000244140625,107.33999633789062,17.18000030517578,22.510000228881836,1096.0799560546875,,,,,,,-2.9321180773033584,0,0,0,0,0,0,0
2009-12-18,1110.800048828125,1115.199951171875,1097.800048828125,1110.800048828125,404,77.81999969482422,108.94999694824219,17.30500030517578,21.68000030517578,1102.469970703125,,,,,,,0.0034218575924313327,0,0,0,0,0,0,0
2009-12-21,1095.4000244140625,1119.199951171875,1090.800048828125,1095.4000244140625,248,78.04000091552734,106.94999694824219,17.020000457763672,20.489999771118164,1114.050048828125,,,,,,,-1.153603424936996,0,0,0,0,0,0,0
2009-12-22,1095.300048828125,1097.4000244140625,1075.0,1086.0,480,78.25,106.16999816894531,17.014999389648438,19.540000915527344,1118.02001953125,,,,,,,-0.8337753560446767,0,0,0,0,0,0,0
2009-12-23,1093.300048828125,1094.5999755859375,1080.0,1093.300048828125,168,77.9000015258789,106.55000305175781,17.174999237060547,19.709999084472656,1120.5899658203125,,,,,,,-1.607949084491071,0,0,0,0,0,0,0
2009-12-24,1092.0,1105.300048828125,1092.0,1104.0999755859375,127,77.83999633789062,108.36000061035156,17.42300033569336,19.469999313354492,1126.47998046875,,,,,,,0.18807104782456696,0,0,0,0,0,0,0
2009-12-28,1107.199951171875,1111.9000244140625,1102.800048828125,1107.199951171875,350,77.62999725341797,108.55000305175781,17.542999267578125,19.93000030517578,1127.780029296875,,,,,,,-0.09444189470186654,0,0,0,0,0,0,0
2009-12-29,1097.0,1105.199951171875,1097.0,1097.0,1038,77.83000183105469,107.47000122070312,17.090999603271484,20.010000228881836,1126.199951171875,,,,,,,-0.28109764523666414,0,0,0,0,0,0,0
2009-12-30,1091.5,1097.0999755859375,1086.0,1091.5,399,77.91000366210938,106.93000030517578,16.77899932861328,19.959999084472656,1126.4200439453125,,,,,,,-0.2796123068447578,0,0,0,0,0,0,0
2009-12-31,1095.199951171875,1106.0999755859375,1094.0,1095.199951171875,149,77.86000061035156,107.30999755859375,16.82200050354004,21.68000030517578,1115.0999755859375,,,,,,,-0.23931457215300303,0,0,0,0,0,0,0
2010-01-04,1117.699951171875,1122.300048828125,1097.0999755859375,1117.699951171875,184,77.52999877929688,109.80000305175781,17.440000534057617,20.040000915527344,1132.989990234375,,,,,,,0.4267032984508602,0,0,0,0,0,0,0
2010-01-05,1118.0999755859375,1126.5,1115.0,1118.0999755859375,53,77.62000274658203,109.69999694824219,17.7810001373291,19.350000381469727,1136.52001953125,,,,,,,0.10109828599057041,0,0,0,0,0,0,0
2010-01-06,1135.9000244140625,1139.199951171875,1120.699951171875,1135.9000244140625,363,77.48999786376953,111.51000213623047,18.163000106811523,19.15999984741211,1137.1400146484375,,,,,,,0.26407736219691197,0,0,0,0,0,0,0
2010-01-07,1133.0999755859375,1133.0999755859375,1129.199951171875,1133.0999755859375,56,77.91000366210938,110.81999969482422,18.33300018310547,19.059999465942383,1141.68994140625,,,,,,,-0.6951859750531789,0,0,0,0,0,0,0
2010-01-08,1138.199951171875,1138.199951171875,1122.699951171875,1138.199951171875,54,77.47000122070312,111.37000274658203,18.45800018310547,18.1299991607666,1144.97998046875,,,,,,,-0.5602225690027933,0,0,0,0,0,0,0
2010-01-11,1150.699951171875,1161.199951171875,1143.0,1150.699951171875,177,77.0,112.8499984741211,18.683000564575195,17.549999237060547,1146.97998046875,,,,,,,0.03403000028795921,0,0,0,0,0,0,0
2010-01-12,1128.9000244140625,1157.199951171875,1127.199951171875,1128.9000244140625,51,76.94999694824219,110.48999786376953,18.243000030517578,18.25,1136.219970703125,,,,,,,-0.480641827850971,0,0,0,0,0,0,0
2010-01-13,1136.4000244140625,1136.4000244140625,1121.0,1136.4000244140625,58,76.8499984741211,111.54000091552734,18.538000106811523,17.850000381469727,1145.6800537109375,,,,,,,0.24671680465382348,0,0,0,0,0,0,0
2010-01-14,1137.0,1145.9000244140625,1132.800048828125,1142.5999755859375,81,76.7300033569336,112.02999877929688,18.64299964904785,17.6299991607666,1148.4599609375,,,,,,,-0.03283422916587211,0,0,0,0,0,0,0
2010-01-15,1132.800048828125,1133.4000244140625,1127.199951171875,1130.0999755859375,50,77.31999969482422,110.86000061035156,18.410999298095703,17.90999984741211,1136.030029296875,,,,,,,0.09248686096202925,0,0,0,0,0,0,0
2010-01-19,1139.699951171875,1139.699951171875,1130.5,1139.699951171875,22,77.5,111.5199966430664,18.784000396728516,17.579999923706055,1150.22998046875,,,,,,,-0.5463862553317754,0,0,0,0,0,0,0
2010-01-20,1123.300048828125,1133.0,1109.800048828125,1112.300048828125,28,78.33999633789062,108.94000244140625,17.865999221801758,18.68000030517578,1138.0400390625,,,,,,,-0.28358473410419577,0,0,0,0,0,0,0
2010-01-21,1102.699951171875,1107.5,1090.199951171875,1102.699951171875,99,78.31999969482422,107.37000274658203,17.496000289916992,22.270000457763672,1116.47998046875,,,,,,,-1.7613079698320628,0,0,0,0,0,0,0
2010-01-22,1089.199951171875,1095.4000244140625,1083.0,1089.199951171875,58,78.27999877929688,107.16999816894531,16.917999267578125,27.309999465942383,1091.760009765625,,,,,,,0.8982329796961733,0,0,0,0,0,0,0
2010-01-25,1095.199951171875,1095.199951171875,1095.199951171875,1095.199951171875,8,78.19000244140625,107.4800033569336,17.131000518798828,25.40999984741211,1096.780029296875,,,,,,,0.22512599138226866,0,0,0,0,0,0,0
2010-01-26,1097.9000244140625,1097.9000244140625,1097.9000244140625,1097.9000244140625,4,78.43000030517578,107.55999755859375,16.84600067138672,24.549999237060547,1092.1700439453125,,,,,,,-0.21871529254149888,0,0,0,0,0,0,0
2010-01-27,1084.4000244140625,1084.4000244140625,1084.4000244140625,1084.4000244140625,206694,78.68000030517578,106.52999877929688,16.42799949645996,23.139999389648438,1097.5,,,,,,,0.47754247079512463,0,0,0,0,0,0,0
2010-01-28,1087.800048828125,1095.699951171875,1073.199951171875,1083.5999755859375,101168,78.9000015258789,106.4800033569336,16.20199966430664,23.729999542236328,1084.530029296875,,,,,,,0.5580762705473534,0,0,0,0,0,0,0
2010-01-29,1085.0,1090.800048828125,1074.5,1083.0,11456,79.45999908447266,105.95999908447266,16.183000564575195,24.6200008392334,1073.8699951171875,,,,,,,-0.58304472618801,0,0,0,0,0,0,0
2010-02-01,1081.0,1107.300048828125,1076.800048828125,1104.300048828125,2452,79.23999786376953,108.3499984741211,16.652999877929688,22.59000015258789,1089.18994140625,,,,,,,0.16003195452698823,0,0,0,0,0,0,0
2010-02-02,1117.4000244140625,1118.5,1100.199951171875,1117.4000244140625,3326,79.01000213623047,109.12999725341797,16.736000061035156,21.479999542236328,1103.3199462890625,,,,,,,-1.02117366834427,0,0,0,0,0,0,0
2010-02-03,1115.800048828125,1124.9000244140625,1108.5999755859375,1111.4000244140625,853,79.37000274658203,108.69999694824219,16.309999465942383,21.600000381469727,1097.280029296875,,,,,,,-0.6172077826955249,0,0,0,0,0,0,0
2010-02-04,1110.0,1110.699951171875,1059.0,1062.4000244140625,1426,79.91999816894531,104.37000274658203,15.343000411987305,26.079999923706055,1063.1099853515625,,,,,,,0.5834802204705934,0,0,0,0,0,0,0
2010-02-05,1052.199951171875,1068.5,1045.199951171875,1052.199951171875,1956,80.44000244140625,104.68000030517578,14.822999954223633,26.110000610351562,1066.18994140625,,,,,,,3.6012172464194974,0,0,0,0,0,0,0
2010-02-08,1065.699951171875,1073.4000244140625,1061.5999755859375,1065.699951171875,549,80.30000305175781,104.04000091552734,15.07800006866455,26.510000228881836,1056.739990234375,,,,,,,-1.0101554072833299,0,0,0,0,0,0,0
2010-02-09,1076.699951171875,1082.0,1063.0999755859375,1076.699951171875,387,79.86000061035156,105.41000366210938,15.430999755859375,26.0,1070.52001953125,,,,,,,-0.31999642635219533,0,0,0,0,0,0,0
2010-02-10,1075.800048828125,1081.0999755859375,1063.300048828125,1075.800048828125,640,80.02999877929688,105.12000274658203,15.302000045776367,25.399999618530273,1068.1300048828125,,,,,,,-0.7615839078870484,0,0,0,0,0,0,0
2010-02-11,1076.800048828125,1097.0999755859375,1075.5999755859375,1094.199951171875,1491,79.98999786376953,107.12999725341797,15.592000007629395,23.959999084472656,1078.469970703125,,,,,,,-0.2653070659986573,0,0,0,0,0,0,0
2010-02-12,1089.5,1092.0,1079.800048828125,1089.5,197,80.31999969482422,107.04000091552734,15.449000358581543,22.729999542236328,1075.510009765625,,,,,,,0.5879916203158438,0,0,0,0,0,0,0
2010-02-16,1119.300048828125,1120.4000244140625,1092.4000244140625,1119.300048828125,928,79.69999694824219,109.62000274658203,16.149999618530273,22.25,1094.8699951171875,,,,,,,-0.1924454965933248,0,0,0,0,0,0,0
2010-02-17,1119.5,1127.0,1108.5,1119.5,1083,80.37999725341797,109.25,16.097999572753906,21.719999313354492,1099.510009765625,,,,,,,-1.029941172188808,0,0,0,0,0,0,0
2010-02-18,1118.0,1123.699951171875,1100.800048828125,1118.0,989,80.4000015258789,109.9800033569336,16.059999465942383,20.6299991607666,1106.75,,,,,,,0.9046750377932447,0,0,0,0,0,0,0
2010-02-19,1121.300048828125,1126.199951171875,1099.699951171875,1121.300048828125,137,80.63999938964844,109.47000122070312,16.413000106811523,20.020000457763672,1109.1700439453125,,,,,,,-0.9092589879528089,0,0,0,0,0,0,0
2010-02-22,1112.5999755859375,1127.4000244140625,1110.0,1112.5999755859375,124,80.51000213623047,109.06999969482422,16.222000122070312,19.940000534057617,1108.010009765625,,,,,,,0.10441693833217558,0,0,0,0,0,0,0
2010-02-23,1116.4000244140625,1118.300048828125,1102.5999755859375,1102.699951171875,152,80.8499984741211,107.88999938964844,15.887999534606934,21.3700008392334,1094.5999755859375,,,,,,,-0.34990262397901795,0,0,0,0,0,0,0
2010-02-24,1096.5,1096.5,1096.5,1096.5,751,80.8499984741211,107.36000061035156,15.9399995803833,20.270000457763672,1105.239990234375,,,,,,,-0.152651858812173,0,0,0,0,0,0,0
2010-02-25,1107.800048828125,1108.199951171875,1088.699951171875,1107.800048828125,386,80.79000091552734,108.30999755859375,16.110000610351562,20.100000381469727,1102.93994140625,,,,,,,-0.49645748085210556,0,0,0,0,0,0,0
2010-02-26,1106.800048828125,1118.300048828125,1106.800048828125,1118.300048828125,382,80.36000061035156,109.43000030517578,16.5,19.5,1104.489990234375,,,,,,,-0.26303947547923906,0,0,0,0,0,0,0
2010-03-01,1119.300048828125,1121.9000244140625,1113.5999755859375,1117.800048828125,184,80.66000366210938,109.43000030517578,16.448999404907227,19.260000228881836,1115.7099609375,,,,,,,-0.13624556832281762,0,0,0,0,0,0,0
2010-03-02,1136.9000244140625,1137.4000244140625,1115.699951171875,1136.9000244140625,155,80.5199966430664,111.0199966430664,17.04400062561035,19.059999465942383,1118.31005859375,,,,,,,-0.7561271315561487,0,0,0,0,0,0,0
2010-03-03,1142.699951171875,1145.0,1133.699951171875,1142.699951171875,170,79.9800033569336,111.62999725341797,17.30900001525879,18.829999923706055,1118.7900390625,,,,,,,-0.646588911372121,0,0,0,0,0,0,0
2010-03-04,1132.5999755859375,1139.0,1128.5999755859375,1132.5999755859375,118,80.55999755859375,110.83000183105469,17.1560001373291,18.719999313354492,1122.969970703125,,,,,,,-0.22175852298647133,0,0,0,0,0,0,0
2010-03-05,1134.800048828125,1134.800048828125,1134.800048828125,1134.800048828125,129,80.43000030517578,110.80999755859375,17.36199951171875,17.420000076293945,1138.699951171875,,,,,,,-0.7291294379640484,0,0,0,0,0,0,0
2010-03-08,1123.5999755859375,1123.5999755859375,1123.5999755859375,1123.5999755859375,17,80.43000030517578,109.87999725341797,17.25200080871582,17.790000915527344,1138.5,,,,,,,-0.3687551152891961,0,0,0,0,0,0,0
2010-03-09,1122.0,1124.0,1113.0999755859375,1122.0,27,80.58999633789062,109.72000122070312,17.31800079345703,17.920000076293945,1140.449951171875,,,,,,,-0.4042149610354623,0,0,0,0,0,0,0
2010-03-10,1107.800048828125,1127.0999755859375,1106.9000244140625,1107.800048828125,21,80.44999694824219,108.47000122070312,16.993999481201172,18.56999969482422,1145.6099853515625,,,,,,,-0.1044595340498778,0,0,0,0,0,0,0
2010-03-11,1108.0,1108.0,1108.0,1108.0,46,80.31999969482422,108.5999984741211,17.13599967956543,18.059999465942383,1150.239990234375,,,,,,,0.134203606281766,0,0,0,0,0,0,0
2010-03-12,1101.5,1117.4000244140625,1099.9000244140625,1101.5,135,79.83000183105469,107.94999694824219,17.02400016784668,17.579999923706055,1149.989990234375,,,,,,,0.15258505539049033,0,0,0,0,0,0,0
2010-03-15,1105.0999755859375,1107.0999755859375,1101.4000244140625,1105.0999755859375,21,80.25,108.36000061035156,17.08300018310547,18.0,1150.510009765625,,,,,,,0.3364940909721822,0,0,0,0,0,0,0
2010-03-16,1122.199951171875,1127.0,1114.5,1122.199951171875,66,79.75,110.4000015258789,17.33300018310547,17.690000534057617,1159.4599609375,,,,,,,1.3026221984290722,0,0,0,0,0,0,0
2010-03-17,1124.0,1131.4000244140625,1118.0,1124.0,29,79.63999938964844,109.58999633789062,17.50200080871582,16.90999984741211,1166.2099609375,,,,,,,-1.3716140340582446,0,0,0,0,0,0,0
2010-03-18,1127.4000244140625,1127.800048828125,1121.0999755859375,1127.4000244140625,86,80.22000122070312,110.33999633789062,17.406999588012695,16.6200008392334,1165.8299560546875,,,,,,,-0.2206089206831428,0,0,0,0,0,0,0
2010-03-19,1107.4000244140625,1107.4000244140625,1107.4000244140625,1107.4000244140625,54,80.72000122070312,108.27999877929688,17.017000198364258,16.969999313354492,1159.9000244140625,,,,,,,-0.48437664018737564,0,0,0,0,0,0,0
2010-03-22,1099.300048828125,1099.300048828125,1099.300048828125,1099.300048828125,71,80.6500015258789,107.75,16.920000076293945,16.8700008392334,1165.81005859375,,,,,,,0.21842136211931074,0,0,0,0,0,0,0
2010-03-23,1103.5,1103.5,1103.5,1103.5,16,80.9000015258789,108.31999969482422,17.011999130249023,16.350000381469727,1174.1700439453125,,,,,,,0.6919395420482461,0,0,0,0,0,0,0
2010-03-24,1088.5999755859375,1092.4000244140625,1085.5,1088.5999755859375,9,81.83999633789062,106.30000305175781,16.625999450683594,17.549999237060547,1167.719970703125,,,,,,,-1.0158311788605168,0,0,0,0,0,0,0
2010-03-25,1092.699951171875,1092.699951171875,1086.699951171875,1092.699951171875,8,82.12000274658203,106.77999877929688,16.726999282836914,18.399999618530273,1165.72998046875,,,,,,,-0.7693955874932045,0,0,0,0,0,0,0
2010-03-26,1104.199951171875,1104.199951171875,1104.199951171875,1104.199951171875,5,81.68000030517578,108.58999633789062,16.893999099731445,17.770000457763672,1166.5899658203125,,,,,,,1.2649939645820873,0,0,0,0,0,0,0
2010-03-29,1110.300048828125,1110.300048828125,1110.300048828125,1110.300048828125,158733,81.36000061035156,108.75,17.37299919128418,17.59000015258789,1173.219970703125,,,,,,,-0.05646369835701136,0,0,0,0,0,0,0
2010-03-30,1109.699951171875,1112.9000244140625,1101.0999755859375,1104.5,56533,81.47000122070312,107.97000122070312,17.31599998474121,17.1299991607666,1173.27001953125,,,,,,,-0.6856838574784514,0,0,0,0,0,0,0
2010-03-31,1103.0999755859375,1118.699951171875,1102.0,1113.300048828125,5950,81.06999969482422,108.94999694824219,17.511999130249023,17.59000015258789,1169.4300537109375,,,,,,,-0.3184110966338254,0,0,0,0,0,0,0
2010-04-01,1125.0999755859375,1127.699951171875,1111.300048828125,1125.0999755859375,2696,80.77999877929688,110.26000213623047,17.875999450683594,17.469999313354492,1178.0999755859375,,,,,,,0.1429700849553744,0,0,0,0,0,0,0
2010-04-05,1122.300048828125,1133.300048828125,1119.9000244140625,1132.9000244140625,567,81.08999633789062,110.88999938964844,18.104000091552734,17.020000457763672,1187.43994140625,,,,,,,-0.2497994063200035,0,0,0,0,0,0,0
2010-04-06,1130.800048828125,1138.5,1122.699951171875,1135.0999755859375,2490,81.38999938964844,111.02999877929688,17.91699981689453,16.229999542236328,1189.43994140625,,,,,,,-0.45255083050049405,0,0,0,0,0,0,0
2010-04-07,1152.300048828125,1153.0,1132.5999755859375,1152.300048828125,1342,81.44000244140625,112.48999786376953,18.184999465942383,16.6200008392334,1182.449951171875,,,,,,,-1.070118297483016,0,0,0,0,0,0,0
2010-04-08,1152.199951171875,1152.300048828125,1144.0,1152.199951171875,254,81.52999877929688,112.6500015258789,18.115999221801758,16.479999542236328,1186.43994140625,,,,,,,-0.5563788018041047,0,0,0,0,0,0,0
2010-04-09,1161.0999755859375,1164.800048828125,1150.5,1161.0999755859375,505,81.08999633789062,113.63999938964844,18.34000015258789,16.139999389648438,1194.3699951171875,,,,,,,-0.21374853868559732,0,0,0,0,0,0,0
2010-04-12,1161.5999755859375,1169.0,1154.5999755859375,1161.5999755859375,483,80.55999755859375,113.01000213623047,18.402999877929688,15.579999923706055,1196.47998046875,,,,,,,-2.073642304306924,0,0,0,0,0,0,0
2010-04-13,1152.800048828125,1157.0,1145.0,1152.800048828125,278,80.51000213623047,112.69000244140625,18.238000869750977,16.200000762939453,1197.300048828125,,,,,,,-0.5481140576305434,0,0,0,0,0,0,0
2010-04-14,1159.0,1160.5999755859375,1151.199951171875,1159.0,162,80.19000244140625,113.02999877929688,18.40399932861328,15.59000015258789,1210.6500244140625,,,,,,,-1.2579696054504519,0,0,0,0,0,0,0
2010-04-15,1157.5,1159.800048828125,1151.0,1159.699951171875,179,80.4800033569336,113.6500015258789,18.423999786376953,15.890000343322754,1211.6700439453125,,,,,,,0.27348833913024917,0,0,0,0,0,0,0
2010-04-16,1136.300048828125,1160.0,1130.4000244140625,1136.300048828125,483,80.81999969482422,111.23999786376953,17.66900062561035,18.360000610351562,1192.1300048828125,,,,,,,-0.0492212391034,0,0,0,0,0,0,0
2010-04-19,1135.199951171875,1137.0999755859375,1124.0,1135.199951171875,145,81.0,111.1500015258789,17.725000381469727,17.34000015258789,1197.52001953125,,,,,,,0.010448523655066322,0,0,0,0,0,0,0
2010-04-20,1138.5999755859375,1145.800048828125,1136.0,1138.5999755859375,80,81.05000305175781,111.45999908447266,17.815000534057617,15.729999542236328,1207.1700439453125,,,,,,,-0.05664360856310716,0,0,0,0,0,0,0
2010-04-21,1148.199951171875,1150.0,1138.4000244140625,1148.199951171875,68,81.16000366210938,112.30999755859375,18.072999954223633,16.31999969482422,1205.93994140625,,,,,,,-0.30231774758110946,0,0,0,0,0,0,0
2010-04-22,1142.300048828125,1144.0,1133.5999755859375,1142.300048828125,213,81.56999969482422,111.83999633789062,18.006000518798828,16.469999313354492,1208.6700439453125,,,,,,,-0.028079820685902004,0,0,0,0,0,0,0
2010-04-23,1153.0999755859375,1153.0999755859375,1153.0999755859375,1153.0999755859375,40,81.3499984741211,113.19000244140625,18.18899917602539,16.6200008392334,1217.280029296875,,,,,,,0.836285756191374,0,0,0,0,0,0,0
2010-04-26,1160.0999755859375,1160.0999755859375,1151.4000244140625,1153.5,108,81.4800033569336,112.75,18.333999633789062,17.469999313354492,1212.050048828125,,,,,,,-0.5398114498448482,0,0,0,0,0,0,0
2010-04-27,1152.800048828125,1170.699951171875,1148.5999755859375,1161.699951171875,213,82.1500015258789,114.62999725341797,18.115999221801758,22.809999465942383,1183.7099609375,,,,,,,2.423393814373399,0,0,0,0,0,0,0
2010-04-28,1171.300048828125,1171.300048828125,1171.300048828125,1171.300048828125,299,82.37999725341797,114.30999755859375,18.10700035095215,21.079999923706055,1191.3599853515625,,,,,,,-1.0084669537491628,0,0,0,0,0,0,0
2010-04-29,1168.4000244140625,1171.199951171875,1164.0,1168.4000244140625,166,82.0,114.27999877929688,18.548999786376953,18.440000534057617,1206.780029296875,,,,,,,-0.2946252273287473,0,0,0,0,0,0,0
2010-04-30,1180.0999755859375,1181.300048828125,1170.0,1180.0999755859375,146,81.87000274658203,115.36000061035156,18.611000061035156,22.049999237060547,1186.68994140625,,,,,,,-0.46604830634934025,0,0,0,0,0,0,0
2010-05-03,1178.5999755859375,1187.5,1177.300048828125,1182.699951171875,90,82.2699966430664,115.7300033569336,18.812999725341797,20.190000534057617,1202.260009765625,,,,,,,-0.13656347945402245,0,0,0,0,0,0,0
2010-05-04,1168.5999755859375,1191.800048828125,1168.300048828125,1168.5999755859375,94,83.30000305175781,114.87000274658203,17.81800079345703,23.84000015258789,1173.5999755859375,,,,,,,1.2624923121301252,0,0,0,0,0,0,0
2010-05-05,1174.5999755859375,1177.199951171875,1159.199951171875,1174.5999755859375,98,84.08000183105469,115.08999633789062,17.51099967956543,24.90999984741211,1165.8699951171875,,,,,,,0.24109837141956775,0,0,0,0,0,0,0
2010-05-06,1196.9000244140625,1210.5999755859375,1175.9000244140625,1196.9000244140625,79,84.88999938964844,118.48999786376953,17.493000030517578,32.79999923706055,1128.1500244140625,,,,,,,3.194818361453513,0,0,0,0,0,0,0
2010-05-07,1210.0,1210.800048828125,1194.5999755859375,1210.0,112,84.44999694824219,118.2699966430664,18.429000854492188,40.95000076293945,1110.8800048828125,,,,,,,-0.5438813228283215,0,0,0,0,0,0,0
2010-05-10,1200.4000244140625,1203.800048828125,1189.199951171875,1200.4000244140625,118,84.16000366210938,117.56999969482422,18.530000686645508,28.84000015258789,1159.72998046875,,,,,,,0.16905807391790134,0,0,0,0,0,0,0
2010-05-11,1219.9000244140625,1233.5,1201.5,1219.9000244140625,201,84.47000122070312,120.66000366210938,19.27199935913086,28.31999969482422,1155.7900390625,,,,,,,3.3396992477075633,0,0,0,0,0,0,0
2010-05-12,1242.699951171875,1246.5,1227.0999755859375,1242.699951171875,213,84.83000183105469,121.4000015258789,19.639999389648438,25.520000457763672,1171.6700439453125,,,,,,,-0.7425173819629751,0,0,0,0,0,0,0
2010-05-13,1235.300048828125,1240.0,1228.699951171875,1228.800048828125,37,85.20999908447266,120.55999755859375,19.47599983215332,26.68000030517578,1157.43994140625,,,,,,,0.6548208978476624,0,0,0,0,0,0,0
2010-05-14,1227.4000244140625,1227.4000244140625,1227.4000244140625,1227.4000244140625,99,86.0999984741211,120.37000274658203,19.20199966430664,31.239999771118164,1135.6800537109375,,,,,,,0.5253156589398783,0,0,0,0,0,0,0
2010-05-17,1233.300048828125,1235.9000244140625,1225.199951171875,1227.699951171875,49,86.20999908447266,119.36000061035156,18.834999084472656,30.84000015258789,1136.93994140625,,,,,,,-2.1908800438705263,0,0,0,0,0,0,0
2010-05-18,1214.300048828125,1216.0999755859375,1208.199951171875,1214.300048828125,73,87.16000366210938,119.48999786376953,18.854999542236328,33.54999923706055,1120.800048828125,,,,,,,1.5559665888859997,0,0,0,0,0,0,0
2010-05-19,1192.5999755859375,1192.5999755859375,1192.5999755859375,1192.5999755859375,75,86.38999938964844,116.62999725341797,18.090999603271484,35.31999969482422,1115.050048828125,,,,,,,-0.35828659289035547,0,0,0,0,0,0,0
2010-05-20,1187.800048828125,1191.800048828125,1179.4000244140625,1187.800048828125,297,85.56999969482422,115.83999633789062,17.694000244140625,45.790000915527344,1071.5899658203125,,,,,,,-1.2211593358443518,0,0,0,0,0,0,0
2010-05-21,1175.699951171875,1175.699951171875,1175.699951171875,1175.699951171875,177,85.37000274658203,115.22000122070312,17.631000518798828,40.099998474121094,1087.68994140625,,,,,,,0.3163885325654296,0,0,0,0,0,0,0
2010-05-24,1193.800048828125,1193.800048828125,1193.800048828125,1193.800048828125,14,86.20999908447266,116.83999633789062,17.98200035095215,38.31999969482422,1073.6500244140625,,,,,,,-0.10089853002570114,0,0,0,0,0,0,0
2010-05-25,1197.800048828125,1200.0,1195.5999755859375,1197.800048828125,9,86.77999877929688,117.36000061035156,17.76300048828125,34.61000061035156,1074.030029296875,,,,,,,0.24169301270185095,0,0,0,0,0,0,0
2010-05-26,1213.300048828125,1213.300048828125,1213.300048828125,1213.300048828125,237497,87.12000274658203,118.47000122070312,18.29199981689453,35.02000045776367,1067.949951171875,,,,,,,-0.8345962578618537,0,0,0,0,0,0,0
2010-05-27,1211.699951171875,1218.5,1205.4000244140625,1211.9000244140625,109434,86.18000030517578,118.69000244140625,18.457000732421875,29.68000030517578,1103.06005859375,,,,,,,0.10645100620594622,0,0,0,0,0,0,0
2010-05-28,1210.4000244140625,1214.800048828125,1201.0999755859375,1212.199951171875,12895,86.4800033569336,118.87999725341797,18.410999298095703,32.06999969482422,1089.4100341796875,,,,,,,0.5221074781022824,0,0,0,0,0,0,0
2010-06-01,1224.800048828125,1228.199951171875,1209.300048828125,1224.800048828125,4547,86.63999938964844,119.91000366210938,18.540000915527344,35.540000915527344,1070.7099609375,,,,,,,-0.028953711858202964,0,0,0,0,0,0,0
2010-06-02,1220.5999755859375,1225.800048828125,1213.199951171875,1220.5999755859375,2799,86.79000091552734,119.77999877929688,18.304000854492188,30.170000076293945,1098.3800048828125,,,,,,,0.6909440473877055,0,0,0,0,0,0,0
2010-06-03,1208.300048828125,1224.0,1201.0,1208.300048828125,1552,87.13999938964844,117.95999908447266,17.920000076293945,29.459999084472656,1102.8299560546875,,,,,,,-0.9262219283736076,0,0,0,0,0,0,0
2010-06-04,1207.5999755859375,1220.4000244140625,1196.9000244140625,1216.199951171875,1070,88.2300033569336,119.19000244140625,17.290000915527344,35.47999954223633,1064.8800048828125,,,,,,,0.26489613533606554,0,0,0,0,0,0,0
2010-06-07,1239.300048828125,1244.699951171875,1211.0,1239.300048828125,859,88.4000015258789,121.48999786376953,18.152999877929688,36.56999969482422,1050.469970703125,,,,,,,0.3467246143312188,0,0,0,0,0,0,0
2010-06-08,1241.5,1252.0999755859375,1234.0999755859375,1244.0,763,88.38999938964844,121.0,18.468000411987305,33.70000076293945,1062.0,,,,,,,-2.019779642342582,0,0,0,0,0,0,0
2010-06-09,1237.0,1238.199951171875,1222.0,1228.5,446,87.9000015258789,120.55999755859375,18.18000030517578,33.72999954223633,1055.68994140625,,,,,,,0.6743260872757296,0,0,0,0,0,0,0
2010-06-10,1232.800048828125,1233.5,1215.0999755859375,1220.800048828125,488,87.16999816894531,118.97000122070312,18.341999053955078,30.56999969482422,1086.8399658203125,,,,,,,-1.3974586819951273,0,0,0,0,0,0,0
2010-06-11,1228.9000244140625,1229.5999755859375,1218.0,1228.9000244140625,481,87.51000213623047,120.01000213623047,18.222000122070312,28.790000915527344,1091.5999755859375,,,,,,,-0.7543314273344892,0,0,0,0,0,0,0
2010-06-14,1223.199951171875,1232.699951171875,1217.699951171875,1223.300048828125,989,86.51000213623047,119.5999984741211,18.402000427246094,28.579999923706055,1089.6300048828125,,,,,,,-0.40011254894139664,0,0,0,0,0,0,0
2010-06-15,1222.5999755859375,1236.0,1222.4000244140625,1233.199951171875,251,85.9800033569336,120.98999786376953,18.569000244140625,25.8700008392334,1115.22998046875,,,,,,,0.6643523344056331,0,0,0,0,0,0,0
2010-06-16,1229.300048828125,1229.300048828125,1229.300048828125,1229.300048828125,318,86.08000183105469,120.33000183105469,18.43199920654297,25.920000076293945,1114.6099853515625,,,,,,,-0.05195410904791913,0,0,0,0,0,0,0
2010-06-17,1233.9000244140625,1251.0999755859375,1233.9000244140625,1247.5,266,85.69000244140625,121.9000015258789,18.767000198364258,25.049999237060547,1116.0400390625,,,,,,,-0.5727947406382441,0,0,0,0,0,0,0
2010-06-18,1247.699951171875,1261.5,1242.9000244140625,1257.199951171875,130,85.69999694824219,122.83000183105469,19.174999237060547,23.950000762939453,1117.510009765625,,,,,,,-0.6120277579443361,0,0,0,0,0,0,0
2010-06-21,1257.4000244140625,1264.800048828125,1232.0,1239.699951171875,219,85.93000030517578,120.38999938964844,18.802000045776367,24.8799991607666,1113.199951171875,,,,,,,-2.297072603447518,0,0,0,0,0,0,0
2010-06-22,1239.9000244140625,1242.800048828125,1232.0999755859375,1239.9000244140625,172,86.11000061035156,121.44999694824219,18.895999908447266,27.049999237060547,1095.31005859375,,,,,,,0.21324407007805318,0,0,0,0,0,0,0
2010-06-23,1233.9000244140625,1245.0999755859375,1226.9000244140625,1234.0999755859375,100,85.73999786376953,120.94999694824219,18.45400047302246,26.90999984741211,1092.0400390625,,,,,,,0.3625183575278436,0,0,0,0,0,0,0
2010-06-24,1236.4000244140625,1248.0999755859375,1230.699951171875,1245.5,253,85.7300033569336,121.30000305175781,18.731000900268555,29.739999771118164,1073.68994140625,,,,,,,-1.4486686211567013,0,0,0,0,0,0,0
2010-06-25,1246.699951171875,1256.9000244140625,1243.699951171875,1255.800048828125,159,85.30999755859375,122.76000213623047,19.104999542236328,28.530000686645508,1076.760009765625,,,,,,,-0.3506240036865703,0,0,0,0,0,0,0
2010-06-28,1238.199951171875,1238.199951171875,1238.199951171875,1238.199951171875,351,85.6500015258789,121.08999633789062,18.67300033569336,29.0,1074.5699462890625,,,,,,,-0.22113632110634984,0,0,0,0,0,0,0
2010-06-29,1242.0,1245.0,1228.5,1242.0,417,86.02999877929688,121.2699966430664,18.5939998626709,34.130001068115234,1041.239990234375,,,,,,,-0.6766086276805249,0,0,0,0,0,0,0
2010-06-30,1245.5,1246.199951171875,1236.699951171875,1245.5,73,86.0199966430664,121.68000030517578,18.67099952697754,34.540000915527344,1030.7099609375,,,,,,,-0.5037247247374188,0,0,0,0,0,0,0
2010-07-01,1206.300048828125,1242.4000244140625,1204.5,1206.300048828125,50,84.72000122070312,117.04000091552734,17.760000228881836,32.86000061035156,1027.3699951171875,,,,,,,-2.351493640871853,0,0,0,0,0,0,0
2010-07-02,1201.4000244140625,1211.5999755859375,1200.800048828125,1207.4000244140625,169,84.43000030517578,118.48999786376953,17.697999954223633,30.1200008392334,1022.5800170898438,,,,,,,0.8037362592072822,0,0,0,0,0,0,0
2010-07-06,1207.300048828125,1211.800048828125,1190.5,1194.800048828125,52,84.08000183105469,116.51000213623047,17.83300018310547,29.649999618530273,1028.06005859375,,,,,,,-0.9402336659154058,0,0,0,0,0,0,0
2010-07-07,1198.5999755859375,1198.5999755859375,1198.5999755859375,1198.5999755859375,18,83.81999969482422,117.7300033569336,17.979000091552734,26.84000015258789,1060.27001953125,,,,,,,1.022462086933056,0,0,0,0,0,0,0
2010-07-08,1195.800048828125,1203.300048828125,1189.300048828125,1195.800048828125,93,83.81999969482422,117.20999908447266,17.851999282836914,25.709999084472656,1070.25,,,,,,,0.43728979739526525,0,0,0,0,0,0,0
2010-07-09,1209.5999755859375,1213.0,1195.0,1209.5999755859375,22,83.94999694824219,118.36000061035156,18.05299949645996,24.979999542236328,1077.9599609375,,,,,,,-0.030310086517836458,0,0,0,0,0,0,0
2010-07-12,1198.5,1198.5,1198.5,1198.5,45,84.19999694824219,117.33999633789062,17.89699935913086,24.43000030517578,1078.75,,,,,,,0.09871310658118077,0,0,0,0,0,0,0
2010-07-13,1213.300048828125,1217.4000244140625,1205.199951171875,1213.300048828125,53,83.63999938964844,118.36000061035156,18.23699951171875,24.559999465942383,1095.3399658203125,,,,,,,-0.8974526265246595,0,0,0,0,0,0,0
2010-07-14,1212.0,1213.800048828125,1202.4000244140625,1206.800048828125,54,83.43000030517578,118.30000305175781,18.27400016784668,24.889999389648438,1095.1700439453125,,,,,,,0.4342534166832111,0,0,0,0,0,0,0
2010-07-15,1208.0999755859375,1208.0999755859375,1208.0999755859375,1208.0999755859375,32,82.55999755859375,118.2300033569336,18.34600067138672,25.139999389648438,1096.47998046875,,,,,,,-0.026947116304670875,0,0,0,0,0,0,0
2010-07-16,1188.0,1188.0,1188.0,1188.0,46,82.48999786376953,116.66999816894531,17.773000717163086,26.25,1064.8800048828125,,,,,,,0.9330608133158674,0,0,0,0,0,0,0
2010-07-19,1181.699951171875,1182.199951171875,1180.0,1181.699951171875,4,82.51000213623047,115.7300033569336,17.534000396728516,25.969999313354492,1071.25,,,,,,,0.1593036590022107,0,0,0,0,0,0,0
2010-07-20,1191.5,1191.5,1191.5,1191.5,8,82.75,116.6500015258789,17.684999465942383,23.93000030517578,1083.47998046875,,,,,,,0.06401452097387836,0,0,0,0,0,0,0
2010-07-21,1191.5999755859375,1194.5,1184.0999755859375,1191.5999755859375,24,83.38999938964844,115.8499984741211,17.79800033569336,25.639999389648438,1069.5899658203125,,,,,,,-1.791817648183478,0,0,0,0,0,0,0
2010-07-22,1195.5,1196.0,1194.4000244140625,1195.5,79,82.5999984741211,116.86000061035156,18.114999771118164,24.6299991607666,1093.6700439453125,,,,,,,-0.32477847049205805,0,0,0,0,0,0,0
2010-07-23,1187.699951171875,1198.5999755859375,1187.699951171875,1187.699951171875,32,82.45999908447266,116.08999633789062,18.09600067138672,23.469999313354492,1102.6600341796875,,,,,,,-0.3254994301304129,0,0,0,0,0,0,0
2010-07-26,1183.0,1183.0,1183.0,1183.0,37,82.08999633789062,115.5199966430664,18.19499969482422,22.729999542236328,1115.010009765625,,,,,,,-0.5798101898379515,0,0,0,0,0,0,0
2010-07-27,1158.0,1158.0,1158.0,1158.0,29,82.18000030517578,113.51000213623047,17.621000289916992,23.190000534057617,1113.8399658203125,,,,,,,0.5015696690633514,0,0,0,0,0,0,0
2010-07-28,1160.4000244140625,1160.4000244140625,1160.4000244140625,1160.4000244140625,206828,82.18000030517578,113.77999877929688,17.42300033569336,24.25,1106.1300048828125,,,,,,,0.568041884967635,0,0,0,0,0,0,0
2010-07-29,1163.800048828125,1169.199951171875,1158.699951171875,1168.4000244140625,54384,81.63999938964844,114.29000091552734,17.60099983215332,24.1299991607666,1101.530029296875,,,,,,,-0.11228850377415935,0,0,0,0,0,0,0
2010-07-30,1168.199951171875,1183.0999755859375,1166.0,1181.699951171875,5466,81.54000091552734,115.48999786376953,17.98699951171875,23.5,1101.5999755859375,,,,,,,-0.3585099264551157,0,0,0,0,0,0,0
2010-08-02,1183.4000244140625,1191.800048828125,1174.699951171875,1183.4000244140625,2504,80.94000244140625,115.54000091552734,18.402999877929688,22.010000228881836,1125.8599853515625,,,,,,,-0.6304663696529746,0,0,0,0,0,0,0
2010-08-03,1185.199951171875,1190.5,1180.0,1185.199951171875,598,80.5999984741211,115.98999786376953,18.406999588012695,22.6299991607666,1120.4599609375,,,,,,,0.057622447498509394,0,0,0,0,0,0,0
2010-08-04,1186.300048828125,1203.0,1186.300048828125,1193.699951171875,1068,80.88999938964844,116.72000122070312,18.26300048828125,22.209999084472656,1127.239990234375,,,,,,,-0.18269358123738808,0,0,0,0,0,0,0
2010-08-05,1197.199951171875,1199.300048828125,1190.0,1197.199951171875,214,80.81999969482422,116.9800033569336,18.308000564575195,22.100000381469727,1125.81005859375,,,,,,,-0.3590277345018092,0,0,0,0,0,0,0
2010-08-06,1203.300048828125,1211.0,1195.300048828125,1203.4000244140625,347,80.41000366210938,117.83999633789062,18.458999633789062,21.739999771118164,1121.6400146484375,,,,,,,0.31682618668167156,0,0,0,0,0,0,0
2010-08-09,1205.800048828125,1209.5,1199.800048828125,1200.699951171875,658,80.70999908447266,117.4000015258789,18.229000091552734,22.139999389648438,1127.7900390625,,,,,,,-0.149036779977317,0,0,0,0,0,0,0
2010-08-10,1196.199951171875,1206.5,1191.0,1196.199951171875,713,80.80000305175781,117.7300033569336,18.145999908447266,22.3700008392334,1121.06005859375,,,,,,,2.1208898751864678,0,0,0,0,0,0,0
2010-08-11,1197.5,1208.0,1193.0,1197.5,351,82.29000091552734,117.33999633789062,17.889999389648438,25.389999389648438,1089.469970703125,,,,,,,0.5887370436760008,0,0,0,0,0,0,0
2010-08-12,1214.800048828125,1215.5,1199.0,1214.800048828125,289,82.63999938964844,118.7699966430664,18.05299949645996,25.729999542236328,1083.6099853515625,,,,,,,-0.15711259757848484,0,0,0,0,0,0,0
2010-08-13,1214.9000244140625,1214.9000244140625,1214.9000244140625,1214.9000244140625,138,82.94999694824219,118.73999786376953,18.097000122070312,26.239999771118164,1079.25,,,,,,,-0.2555396401442814,0,0,0,0,0,0,0
2010-08-16,1224.5,1225.4000244140625,1218.0,1224.5,252,82.52999877929688,119.7300033569336,18.417999267578125,26.100000381469727,1079.3800048828125,,,,,,,-0.1420133656119709,0,0,0,0,0,0,0
2010-08-17,1226.5999755859375,1227.4000244140625,1224.0,1226.5999755859375,84,82.2300033569336,119.75,18.586000442504883,24.329999923706055,1092.5400390625,,,,,,,-0.6768126667117105,0,0,0,0,0,0,0
2010-08-18,1229.699951171875,1231.5999755859375,1218.0,1229.699951171875,169,82.22000122070312,120.22000122070312,18.389999389648438,24.59000015258789,1094.1600341796875,,,,,,,-0.15559078044655603,0,0,0,0,0,0,0
2010-08-19,1233.800048828125,1237.5999755859375,1228.800048828125,1233.800048828125,46,82.44999694824219,120.38999938964844,18.31800079345703,26.440000534057617,1075.6300048828125,,,,,,,-0.8752240749733009,0,0,0,0,0,0,0
2010-08-20,1227.199951171875,1232.800048828125,1223.0,1227.199951171875,236,83.05999755859375,119.97000122070312,17.98200035095215,25.489999771118164,1071.68994140625,,,,,,,-0.16266365807147987,0,0,0,0,0,0,0
2010-08-23,1226.9000244140625,1228.9000244140625,1222.9000244140625,1226.9000244140625,56,83.12000274658203,119.77999877929688,17.982999801635742,25.65999984741211,1067.3599853515625,,,,,,,-0.6493144769806796,0,0,0,0,0,0,0
2010-08-24,1231.800048828125,1234.0,1211.5,1231.800048828125,300,83.1500015258789,120.36000061035156,18.368999481201172,27.459999084472656,1051.8699951171875,,,,,,,-0.3177569909518084,0,0,0,0,0,0,0
2010-08-25,1239.5,1240.699951171875,1230.699951171875,1239.5,298,83.26000213623047,121.36000061035156,19.02199935913086,26.700000762939453,1055.3299560546875,,,,,,,0.4346065941885601,0,0,0,0,0,0,0
2010-08-26,1235.4000244140625,1243.300048828125,1235.0,1235.4000244140625,104,82.93000030517578,120.95999908447266,18.97800064086914,27.3700008392334,1047.219970703125,,,,,,,0.4409603893768235,0,0,0,0,0,0,0
2010-08-27,1236.0,1236.0,1236.0,1236.0,573,82.91999816894531,121.01000213623047,19.038999557495117,24.450000762939453,1064.5899658203125,,,,,,,0.427049081589343,0,0,0,0,0,0,0
2010-08-30,1237.0999755859375,1237.9000244140625,1234.0,1237.0999755859375,128,83.16000366210938,120.91000366210938,19.038000106811523,27.209999084472656,1048.9200439453125,,,,,,,-0.21475198959019315,0,0,0,0,0,0,0
2010-08-31,1248.300048828125,1249.4000244140625,1233.0,1248.300048828125,124,83.19999694824219,122.08000183105469,19.398000717163086,26.049999237060547,1049.3299560546875,,,,,,,0.04105469075046431,0,0,0,0,0,0,0
2010-09-01,1246.300048828125,1254.300048828125,1243.5999755859375,1246.300048828125,41,82.5199966430664,121.69000244140625,19.358999252319336,23.889999389648438,1080.2900390625,,,,,,,-0.5753713117009138,0,0,0,0,0,0,0
2010-09-02,1251.5,1252.5,1246.9000244140625,1251.5,100,82.45999908447266,122.29000091552734,19.63800048828125,23.190000534057617,1090.0999755859375,,,,,,,-0.267925032482502,0,0,0,0,0,0,0
2010-09-03,1249.199951171875,1249.199951171875,1240.0,1249.199951171875,3,83.0999984741211,121.86000061035156,19.915000915527344,21.309999465942383,1104.510009765625,,,,,,,-0.8907372373556471,0,0,0,0,0,0,0
2010-09-07,1257.300048828125,1258.0,1255.5,1257.300048828125,7,82.81999969482422,122.69999694824219,19.882999420166016,23.799999237060547,1091.8399658203125,,,,,,,-0.7762782097867131,0,0,0,0,0,0,0
2010-09-08,1255.5999755859375,1260.199951171875,1254.699951171875,1255.5999755859375,27,82.58999633789062,122.70999908447266,19.97800064086914,23.25,1098.8699951171875,,,,,,,-0.17977742984081202,0,0,0,0,0,0,0
2010-09-09,1248.9000244140625,1256.0,1244.0999755859375,1248.9000244140625,9,82.66999816894531,121.55999755859375,19.81399917602539,22.809999465942383,1104.1800537109375,,,,,,,-1.800368325189065,0,0,0,0,0,0,0
2010-09-10,1244.5,1244.5,1244.5,1244.5,20,82.69999694824219,121.7300033569336,19.802000045776367,21.989999771118164,1109.550048828125,,,,,,,0.1664749412680523,0,0,0,0,0,0,0
2010-09-13,1245.0999755859375,1245.0999755859375,1245.0999755859375,1245.0999755859375,18,81.91000366210938,121.62000274658203,20.110000610351562,21.209999084472656,1121.9000244140625,,,,,,,-0.38523229599338915,0,0,0,0,0,0,0
2010-09-14,1269.699951171875,1272.4000244140625,1253.4000244140625,1269.699951171875,87,81.08000183105469,124.0199966430664,20.400999069213867,21.559999465942383,1121.0999755859375,,,,,,,-0.37183011371745023,0,0,0,0,0,0,0
2010-09-15,1266.5999755859375,1269.800048828125,1263.5,1266.699951171875,34,81.48999786376953,123.94000244140625,20.54199981689453,22.100000381469727,1125.0699462890625,,,,,,,0.3335156289980035,0,0,0,0,0,0,0
2010-09-16,1271.9000244140625,1275.199951171875,1268.699951171875,1271.9000244140625,37,81.23999786376953,124.62999725341797,20.7450008392334,21.719999313354492,1124.6600341796875,,,,,,,0.9052247701174906,0,0,0,0,0,0,0
2010-09-17,1275.5999755859375,1279.5999755859375,1273.800048828125,1275.5999755859375,54,81.4000015258789,124.54000091552734,20.790000915527344,22.010000228881836,1125.5899658203125,,,,,,,-0.5628195612560408,0,0,0,0,0,0,0
2010-09-20,1279.0,1282.0,1279.0,1279.0,27,81.33999633789062,124.87000274658203,20.777000427246094,21.5,1142.7099609375,,,,,,,-0.6413791505683335,0,0,0,0,0,0,0
2010-09-21,1272.4000244140625,1289.800048828125,1271.800048828125,1272.4000244140625,56,80.44000244140625,126.01000213623047,20.6200008392334,22.350000381469727,1139.780029296875,,,,,,,4.492052755131199,0,0,0,0,0,0,0
2010-09-22,1290.199951171875,1290.199951171875,1290.199951171875,1290.199951171875,17,79.83000183105469,126.19999694824219,21.035999298095703,22.510000228881836,1134.280029296875,,,,,,,0.08627597733320112,0,0,0,0,0,0,0
2010-09-23,1294.300048828125,1294.300048828125,1289.4000244140625,1294.300048828125,45,80.01000213623047,126.30000305175781,21.194000244140625,23.8700008392334,1124.8299560546875,,,,,,,-0.7815064424672201,0,0,0,0,0,0,0
2010-09-24,1296.0,1297.4000244140625,1294.199951171875,1296.0,37,79.38999938964844,126.69000244140625,21.382999420166016,21.709999084472656,1148.6700439453125,,,,,,,-0.14383184597445672,0,0,0,0,0,0,0
2010-09-27,1296.699951171875,1296.699951171875,1296.699951171875,1296.699951171875,67,79.33999633789062,126.72000122070312,21.454999923706055,22.540000915527344,1142.1600341796875,,,,,,,-0.24887019827729723,0,0,0,0,0,0,0
2010-09-28,1287.5,1308.5999755859375,1287.5,1306.5999755859375,25190,79.01000213623047,127.8499984741211,21.687999725341797,22.600000381469727,1147.699951171875,,,,,,,0.19781274832653994,0,0,0,0,0,0,0
2010-09-29,1309.4000244140625,1312.5,1305.0,1308.5,6745,78.69000244140625,127.94999694824219,21.929000854492188,23.25,1144.72998046875,,,,,,,-0.04995556668246881,0,0,0,0,0,0,0
2010-09-30,1307.199951171875,1315.199951171875,1295.699951171875,1307.800048828125,579,78.72000122070312,127.91000366210938,21.79800033569336,23.700000762939453,1141.199951171875,,,,,,,-0.016528046780946836,0,0,0,0,0,0,0
2010-10-01,1309.0,1320.0,1309.0,1316.0999755859375,153,78.08999633789062,128.91000366210938,22.03700065612793,22.5,1146.239990234375,,,,,,,0.5700958312598928,0,0,0,0,0,0,0
2010-10-04,1318.300048828125,1319.0999755859375,1312.0,1315.4000244140625,95,78.44999694824219,128.4600067138672,22.01300048828125,23.530000686645508,1137.030029296875,,,,,,,-0.6097153666698281,0,0,0,0,0,0,0
2010-10-05,1312.9000244140625,1341.0999755859375,1312.9000244140625,1338.9000244140625,197,77.75,130.99000549316406,22.714000701904297,21.760000228881836,1160.75,,,,,,,0.12979092383516622,0,0,0,0,0,0,0
2010-10-06,1339.0999755859375,1349.0,1339.0,1346.4000244140625,215,77.38999938964844,131.80999755859375,23.020000457763672,21.489999771118164,1159.969970703125,,,,,,,0.40558344473499847,0,0,0,0,0,0,0
2010-10-07,1347.9000244140625,1363.0,1325.699951171875,1333.9000244140625,261,77.38999938964844,130.3699951171875,22.565000534057617,21.559999465942383,1158.06005859375,,,,,,,-0.2630948619506215,0,0,0,0,0,0,0
2010-10-08,1333.5,1348.4000244140625,1325.0,1344.199951171875,80,77.31999969482422,131.66000366210938,23.086999893188477,20.709999084472656,1165.1500244140625,,,,,,,0.6123398680492,0,0,0,0,0,0,0
2010-10-11,1346.699951171875,1353.699951171875,1344.0,1353.300048828125,79,77.44000244140625,132.2899932861328,23.33099937438965,18.959999084472656,1165.3199462890625,,,,,,,-0.20688108320966067,0,0,0,0,0,0,0
2010-10-12,1346.9000244140625,1352.199951171875,1343.5999755859375,1345.699951171875,112,77.36000061035156,131.9600067138672,23.128999710083008,18.93000030517578,1169.77001953125,,,,,,,1.0772389860803155,0,0,0,0,0,0,0
2010-10-13,1356.4000244140625,1374.0,1355.0999755859375,1369.5,251,77.06999969482422,134.07000732421875,23.913999557495117,19.06999969482422,1178.0999755859375,,,,,,,0.38990682215342753,0,0,0,0,0,0,0
2010-10-14,1372.800048828125,1383.9000244140625,1371.300048828125,1376.699951171875,106,76.6500015258789,134.75,24.41699981689453,19.8799991607666,1173.81005859375,,,,,,,0.3438971225997546,0,0,0,0,0,0,0
2010-10-15,1379.199951171875,1382.4000244140625,1364.699951171875,1371.0999755859375,170,77.04000091552734,133.67999267578125,24.27199935913086,19.030000686645508,1176.18994140625,,,,,,,-1.2446099680030536,0,0,0,0,0,0,0
2010-10-18,1358.0,1372.5999755859375,1358.0,1371.199951171875,46,76.93000030517578,134.27999877929688,24.39699935913086,19.09000015258789,1184.7099609375,,,,,,,0.5788664129919825,0,0,0,0,0,0,0
2010-10-19,1366.800048828125,1370.5,1328.5,1335.0999755859375,301,78.18000030517578,130.11000061035156,23.763999938964844,20.6299991607666,1165.9000244140625,,,,,,,-1.4978400507810317,0,0,0,0,0,0,0
2010-10-20,1336.0,1345.800048828125,1334.199951171875,1343.300048828125,148,77.16999816894531,131.32000732421875,23.847999572753906,19.790000915527344,1178.1700439453125,,,,,,,-0.1608766278309421,0,0,0,0,0,0,0
2010-10-21,1344.199951171875,1346.199951171875,1317.5,1324.699951171875,102,77.41999816894531,129.47000122070312,23.12299919128418,19.270000457763672,1180.260009765625,,,,,,,-0.2648467129963974,0,0,0,0,0,0,0
2010-10-22,1326.699951171875,1328.0999755859375,1319.0,1324.4000244140625,113,77.47000122070312,129.72999572753906,23.125,18.780000686645508,1183.0799560546875,,,,,,,0.6691084334853836,0,0,0,0,0,0,0
2010-10-25,1333.5999755859375,1349.0999755859375,1333.0999755859375,1338.300048828125,194,77.0999984741211,130.85000610351562,23.54400062561035,19.850000381469727,1185.6199951171875,,,,,,,-0.10341468136690012,0,0,0,0,0,0,0
2010-10-26,1341.199951171875,1341.199951171875,1328.300048828125,1338.0,195,77.70999908447266,130.8800048828125,23.823999404907227,20.219999313354492,1185.6400146484375,,,,,,,0.10948903226321727,0,0,0,0,0,0,0
2010-10-27,1341.0,1341.0,1321.0999755859375,1322.199951171875,106,78.1500015258789,129.52000427246094,23.398000717163086,20.709999084472656,1182.449951171875,,,,,,,0.7211215932926254,0,0,0,0,0,0,0
2010-10-28,1327.9000244140625,1343.5999755859375,1325.9000244140625,1342.0999755859375,192,77.30999755859375,131.24000549316406,23.871000289916992,20.8799991607666,1183.780029296875,,,,,,,-0.040320221557542835,0,0,0,0,0,0,0
2010-10-29,1340.199951171875,1358.699951171875,1336.800048828125,1357.0999755859375,74,77.2699966430664,132.6199951171875,24.559999465942383,21.200000762939453,1183.260009765625,,,,,,,-0.3314555836927732,0,0,0,0,0,0,0
2010-11-01,1360.300048828125,1360.300048828125,1350.699951171875,1350.199951171875,40,77.30000305175781,131.9199981689453,24.54800033569336,21.829999923706055,1184.3800048828125,,,,,,,-0.40454771916691545,0,0,0,0,0,0,0
2010-11-02,1356.800048828125,1356.800048828125,1355.5,1356.4000244140625,17,76.72000122070312,132.49000549316406,24.832000732421875,21.56999969482422,1193.5699462890625,,,,,,,-0.51350495358038,0,0,0,0,0,0,0
2010-11-03,1351.4000244140625,1359.199951171875,1327.5,1337.0999755859375,135,76.4800033569336,131.57000732421875,24.43199920654297,19.559999465942383,1197.9599609375,,,,,,,2.50500116747365,0,0,0,0,0,0,0
2010-11-04,1368.5999755859375,1392.5,1368.5999755859375,1382.699951171875,109,75.87999725341797,136.02999877929688,26.038999557495117,18.520000457763672,1221.06005859375,,,,,,,2.2915867631377704,0,0,0,0,0,0,0
2010-11-05,1390.699951171875,1398.0,1378.199951171875,1397.300048828125,109,76.55000305175781,136.3800048828125,26.743999481201172,18.260000228881836,1225.8499755859375,,,,,,,-0.8270916865114475,0,0,0,0,0,0,0
2010-11-08,1390.5,1409.199951171875,1387.0999755859375,1402.800048828125,112,77.02999877929688,137.77999877929688,27.42799949645996,18.290000915527344,1223.25,,,,,,,1.6991218220888884,0,0,0,0,0,0,0
2010-11-09,1405.199951171875,1423.199951171875,1382.9000244140625,1409.800048828125,84,77.44000244140625,135.58999633789062,28.902000427246094,19.079999923706055,1213.4000244140625,,,,,,,-5.05270931540534,0,0,0,0,0,0,0
2010-11-10,1395.199951171875,1408.0999755859375,1384.0,1399.0999755859375,29,77.62999725341797,137.24000549316406,26.861000061035156,18.469999313354492,1218.7099609375,,,,,,,0.9702773097485723,0,0,0,0,0,0,0
2010-11-11,1400.699951171875,1413.5,1397.300048828125,1403.0999755859375,26,78.22000122070312,137.66000366210938,27.400999069213867,18.639999389648438,1213.5400390625,,,,,,,1.0050812848164135,0,0,0,0,0,0,0
2010-11-12,1407.9000244140625,1407.9000244140625,1360.0999755859375,1365.4000244140625,182,78.08000183105469,133.69000244140625,25.937999725341797,20.610000610351562,1199.2099609375,,,,,,,0.38072169757360946,0,0,0,0,0,0,0
2010-11-15,1363.699951171875,1372.5999755859375,1355.300048828125,1368.4000244140625,46,78.5199966430664,132.4199981689453,26.08799934387207,20.200000762939453,1197.75,,,,,,,-2.906054485980932,0,0,0,0,0,0,0
2010-11-16,1356.5,1358.199951171875,1329.5,1338.300048828125,67,79.20999908447266,130.97000122070312,25.229000091552734,22.579999923706055,1178.3399658203125,,,,,,,0.2451499064374566,0,0,0,0,0,0,0
2010-11-17,1336.9000244140625,1341.800048828125,1331.300048828125,1336.800048828125,50,79.08000183105469,130.3800048828125,25.506999969482422,21.760000228881836,1178.5899658203125,,,,,,,-0.7086196488745178,0,0,0,0,0,0,0
2010-11-18,1349.5,1353.199951171875,1347.699951171875,1352.9000244140625,17,78.62000274658203,132.08999633789062,26.829999923706055,18.75,1196.68994140625,,,,,,,-0.404714852764219,0,0,0,0,0,0,0
2010-11-19,1350.699951171875,1352.0,1344.5,1352.199951171875,7,78.5,132.1999969482422,27.174999237060547,18.040000915527344,1199.72998046875,,,,,,,-0.031455528460205114,0,0,0,0,0,0,0
2010-11-22,1357.699951171875,1357.699951171875,1357.699951171875,1357.699951171875,7,78.68000030517578,133.47999572753906,27.457000732421875,18.3700008392334,1197.8399658203125,,,,,,,1.4894776462818649,0,0,0,0,0,0,0
2010-11-23,1369.4000244140625,1377.5,1364.5,1377.5,15,79.68000030517578,134.41000366210938,27.56800079345703,20.6299991607666,1180.72998046875,,,,,,,-0.5832692446536062,0,0,0,0,0,0,0
2010-11-24,1377.800048828125,1377.800048828125,1377.800048828125,1372.9000244140625,3,79.87000274658203,134.17999267578125,27.52400016784668,19.559999465942383,1198.3499755859375,,,,,,,-0.12511571854117085,0,0,0,0,0,0,0
2010-11-26,1372.0999755859375,1372.0999755859375,1372.0999755859375,1362.300048828125,138416,80.36000061035156,133.11000061035156,26.69499969482422,22.219999313354492,1189.4000244140625,,,,,,,-0.18710806699806665,0,0,0,0,0,0,0
2010-11-29,1364.0,1369.300048828125,1352.5999755859375,1366.0,94486,80.83999633789062,133.50999450683594,27.148000717163086,21.530000686645508,1187.760009765625,,,,,,,-0.10745482918065287,0,0,0,0,0,0,0
2010-11-30,1366.699951171875,1390.0999755859375,1362.800048828125,1385.0,11370,81.19999694824219,135.4199981689453,28.184999465942383,23.540000915527344,1180.550048828125,,,,,,,0.0017511687546038076,0,0,0,0,0,0,0
2010-12-01,1386.800048828125,1396.5999755859375,1382.300048828125,1387.300048828125,4759,80.70999908447266,135.3800048828125,28.38800048828125,21.360000610351562,1206.0699462890625,,,,,,,-0.5355202377598556,0,0,0,0,0,0,0
2010-12-02,1387.5999755859375,1398.5999755859375,1383.300048828125,1388.5,1550,80.30000305175781,135.1999969482422,28.54199981689453,19.389999389648438,1221.530029296875,,,,,,,-1.1137846637755917,0,0,0,0,0,0,0
2010-12-03,1385.0999755859375,1415.0999755859375,1385.0999755859375,1405.4000244140625,2341,79.37999725341797,138.07000732421875,29.240999221801758,18.010000228881836,1224.7099609375,,,,,,,1.28030474755209,0,0,0,0,0,0,0
2010-12-06,1414.0,1428.4000244140625,1410.0,1415.300048828125,833,79.56999969482422,139.11000061035156,29.704999923706055,18.020000457763672,1223.1199951171875,,,,,,,1.3632989442458587,0,0,0,0,0,0,0
2010-12-07,1424.5,1431.0999755859375,1398.0,1408.300048828125,866,79.86000061035156,136.5,29.74799919128418,17.989999771118164,1223.75,,,,,,,-2.234883691425652,0,0,0,0,0,0,0
2010-12-08,1402.5,1403.800048828125,1372.0,1382.5,1675,80.0,134.7899932861328,28.224000930786133,17.739999771118164,1228.280029296875,,,,,,,-0.7485091263667087,0,0,0,0,0,0,0
2010-12-09,1380.5999755859375,1394.199951171875,1380.5,1392.0999755859375,971,80.06999969482422,135.3699951171875,28.788999557495117,17.25,1233.0,,,,,,,-1.3770033219508517,0,0,0,0,0,0,0
2010-12-10,1388.9000244140625,1392.0,1373.0999755859375,1384.300048828125,457,80.06999969482422,135.41000366210938,28.576000213623047,17.610000610351562,1240.4000244140625,,,,,,,0.11460674696441105,0,0,0,0,0,0,0
2010-12-13,1384.5,1399.199951171875,1384.5,1397.300048828125,193,79.27999877929688,136.0500030517578,29.599000930786133,17.549999237060547,1240.4599609375,,,,,,,-1.0377379299461171,0,0,0,0,0,0,0
2010-12-14,1401.9000244140625,1407.300048828125,1391.800048828125,1403.5999755859375,431,79.37000274658203,136.17999267578125,29.759000778198242,17.610000610351562,1241.5899658203125,,,,,,,-1.8384485284884096,0,0,0,0,0,0,0
2010-12-15,1394.0,1394.0,1379.5,1385.5,215,80.26000213623047,134.6999969482422,29.225000381469727,17.940000534057617,1235.22998046875,,,,,,,-1.2945510547436438,0,0,0,0,0,0,0
2010-12-16,1380.9000244140625,1385.0,1362.5,1370.4000244140625,228,80.18000030517578,133.80999755859375,28.756999969482422,17.389999389648438,1242.8699951171875,,,,,,,-0.2507175427294299,0,0,0,0,0,0,0
2010-12-17,1376.4000244140625,1378.5999755859375,1365.9000244140625,1378.5999755859375,102,80.37000274658203,134.1999969482422,29.113000869750977,16.110000610351562,1243.9100341796875,,,,,,,-0.9701213179352697,0,0,0,0,0,0,0
2010-12-20,1383.199951171875,1386.699951171875,1376.5,1385.5,125,80.62999725341797,135.11000061035156,29.334999084472656,16.40999984741211,1247.0799560546875,,,,,,,-0.5331266039229594,0,0,0,0,0,0,0
2010-12-21,1385.800048828125,1389.5,1381.5,1388.199951171875,113,80.72000122070312,135.32000732421875,29.375999450683594,16.489999771118164,1254.5999755859375,,,,,,,-0.6202911865244992,0,0,0,0,0,0,0
2010-12-22,1388.0,1389.5,1385.0,1386.800048828125,58,80.7300033569336,135.0500030517578,29.367000579833984,15.449999809265137,1258.8399658203125,,,,,,,-0.8652292013370767,0,0,0,0,0,0,0
2010-12-23,1388.4000244140625,1388.4000244140625,1373.699951171875,1380.0,101,80.5,134.66000366210938,29.309999465942383,16.469999313354492,1256.77001953125,,,,,,,-0.33199999844909384,0,0,0,0,0,0,0
2010-12-27,1373.5,1384.199951171875,1373.5,1382.4000244140625,322,80.37000274658203,135.02000427246094,29.235000610351562,17.670000076293945,1257.5400390625,,,,,,,-0.08740436030517476,0,0,0,0,0,0,0
2010-12-28,1389.800048828125,1406.699951171875,1389.800048828125,1405.199951171875,519,80.36000061035156,137.22000122070312,30.297000885009766,17.520000457763672,1258.510009765625,,,,,,,-0.13013185853894027,0,0,0,0,0,0,0
2010-12-29,1403.4000244140625,1412.199951171875,1402.9000244140625,1413.0999755859375,413,79.80000305175781,137.7100067138672,30.679000854492188,17.280000686645508,1259.780029296875,,,,,,,-0.6450024770328743,0,0,0,0,0,0,0
2010-12-30,1413.800048828125,1413.800048828125,1403.0999755859375,1405.5999755859375,185,79.5199966430664,137.02999877929688,30.488000869750977,17.520000457763672,1257.8800048828125,,,,,,,-0.53456273357765,0,0,0,0,0,0,0
2010-12-31,1405.699951171875,1421.0999755859375,1405.699951171875,1421.0999755859375,54,79.02999877929688,138.72000122070312,30.90999984741211,17.75,1257.6400146484375,,,,,,,-0.18714822006749232,0,0,0,0,0,0,0
2011-01-03,1415.5999755859375,1423.9000244140625,1413.699951171875,1422.5999755859375,28,79.12999725341797,138.0,31.09600067138672,17.610000610351562,1271.8699951171875,,,,,,,-1.7365529828736317,0,0,0,0,0,0,0
2011-01-04,1409.5999755859375,1410.9000244140625,1375.800048828125,1378.5,122,79.44000244140625,134.75,29.492000579833984,17.3799991607666,1270.199951171875,,,,,,,0.2027971578701558,0,0,0,0,0,0,0
2011-01-05,1383.4000244140625,1384.0,1364.199951171875,1373.4000244140625,175,80.26000213623047,134.3699951171875,29.17300033569336,17.020000457763672,1276.56005859375,,,,,,,0.43011359375710667,0,0,0,0,0,0,0
2011-01-06,1374.800048828125,1376.5,1368.9000244140625,1371.4000244140625,158,80.79000091552734,133.8300018310547,29.110000610351562,17.399999618530273,1273.8499755859375,,,,,,,-0.21696033391029756,0,0,0,0,0,0,0
2011-01-07,1372.699951171875,1377.199951171875,1355.5,1368.5,225,81.01000213623047,133.5800018310547,28.660999298095703,17.139999389648438,1271.5,,,,,,,-0.14091399641422891,0,0,0,0,0,0,0
2011-01-10,1369.0,1374.0,1365.699951171875,1373.699951171875,181,80.87999725341797,134.1199951171875,28.85099983215332,17.540000915527344,1269.75,,,,,,,-0.07433071171793869,0,0,0,0,0,0,0
2011-01-11,1375.4000244140625,1384.5,1373.9000244140625,1384.0,13,80.8499984741211,134.91000366210938,29.489999771118164,16.889999389648438,1274.47998046875,,,,,,,-0.46064475478920336,0,0,0,0,0,0,0
2011-01-12,1382.5999755859375,1385.5,1378.0,1385.699951171875,204,80.02999877929688,135.4600067138672,29.531999588012695,16.239999771118164,1285.9599609375,,,,,,,0.27601394017185676,0,0,0,0,0,0,0
2011-01-13,1386.0999755859375,1392.5,1371.4000244140625,1386.9000244140625,66,79.19000244140625,134.0500030517578,29.25200080871582,16.389999389648438,1283.760009765625,,,,,,,-2.455898898866154,0,0,0,0,0,0,0
2011-01-14,1375.0,1376.0,1356.699951171875,1360.4000244140625,252,79.16000366210938,132.69000244140625,28.30900001525879,15.460000038146973,1293.239990234375,,,,,,,-0.23829737901149786,0,0,0,0,0,0,0
2011-01-18,1365.0999755859375,1371.0,1359.199951171875,1368.0999755859375,106,78.95999908447266,133.42999267578125,28.900999069213867,15.869999885559082,1295.02001953125,,,,,,,-0.2436476949690381,0,0,0,0,0,0,0
2011-01-19,1371.9000244140625,1376.199951171875,1367.0,1370.199951171875,40,78.63999938964844,133.72000122070312,28.79199981689453,17.309999465942383,1281.9200439453125,,,,,,,-0.09234690708357816,0,0,0,0,0,0,0
2011-01-20,1367.699951171875,1367.699951171875,1345.0,1346.5,10,78.81999969482422,131.1999969482422,27.458999633789062,17.989999771118164,1280.260009765625,,,,,,,-0.4678747391546555,0,0,0,0,0,0,0
2011-01-21,1341.699951171875,1345.5999755859375,1338.5999755859375,1341.0,20,78.20999908447266,131.02999877929688,27.416000366210938,18.469999313354492,1283.3499755859375,,,,,,,0.2224369260529756,0,0,0,0,0,0,0
2011-01-24,1352.300048828125,1352.300048828125,1341.800048828125,1344.5,2,78.05000305175781,130.36000061035156,27.31800079345703,17.649999618530273,1290.8399658203125,,,,,,,-1.6133603646582257,0,0,0,0,0,0,0
2011-01-25,1330.4000244140625,1331.5,1323.5999755859375,1332.300048828125,394,78.0,130.10000610351562,26.81100082397461,17.59000015258789,1291.1800537109375,,,,,,,0.11404334666840657,0,0,0,0,0,0,0
2011-01-26,1333.0,1341.699951171875,1333.0,1333.0,4,77.9000015258789,131.16000366210938,27.131999969482422,16.639999389648438,1296.6300048828125,,,,,,,1.8900228311496157,0,0,0,0,0,0,0
2011-01-27,1342.0,1342.0,1318.4000244140625,1318.4000244140625,210699,77.7300033569336,127.93000030517578,27.045000076293945,16.149999618530273,1299.5400390625,,,,,,,-1.355247029772822,0,0,0,0,0,0,0
2011-01-28,1314.0,1346.5999755859375,1307.699951171875,1340.699951171875,73023,78.12999725341797,130.27999877929688,27.93400001525879,20.040000915527344,1276.3399658203125,,,,,,,-0.9924542371478043,0,0,0,0,0,0,0
2011-01-31,1339.0,1345.9000244140625,1323.300048828125,1333.800048828125,13657,77.73999786376953,129.8699951171875,28.173999786376953,19.530000686645508,1286.1199951171875,,,,,,,-0.5130103710905113,0,0,0,0,0,0,0
2011-02-01,1333.0999755859375,1342.9000244140625,1325.300048828125,1339.5999755859375,3180,77.06999969482422,130.8000030517578,28.52400016784668,17.6299991607666,1307.5899658203125,,,,,,,0.13831175939047508,0,0,0,0,0,0,0
2011-02-02,1344.0,1344.0,1327.0,1331.5,1363,77.16000366210938,130.4499969482422,28.298999786376953,17.299999237060547,1304.030029296875,,,,,,,0.9096771256598276,0,0,0,0,0,0,0
2011-02-03,1335.5999755859375,1355.800048828125,1324.9000244140625,1352.300048828125,1865,77.75,132.1999969482422,28.732999801635742,16.690000534057617,1307.0999755859375,,,,,,,0.44311543871431747,0,0,0,0,0,0,0
2011-02-04,1354.800048828125,1360.0,1345.0,1348.300048828125,591,78.04000091552734,131.66000366210938,29.06399917602539,15.930000305175781,1310.8699951171875,,,,,,,0.20877495985414843,0,0,0,0,0,0,0
2011-02-07,1345.800048828125,1353.800048828125,1343.800048828125,1347.5999755859375,1004,78.02999877929688,131.67999267578125,29.347999572753906,16.280000686645508,1319.050048828125,,,,,,,0.36886185576350816,0,0,0,0,0,0,0
2011-02-08,1351.199951171875,1367.0,1350.0,1363.4000244140625,2536,78.0,133.13999938964844,30.270999908447266,15.8100004196167,1324.5699462890625,,,,,,,0.24200615171183792,0,0,0,0,0,0,0
2011-02-09,1362.800048828125,1366.5,1359.5999755859375,1364.800048828125,146,77.63999938964844,133.07000732421875,30.273000717163086,15.869999885559082,1320.8800048828125,,,,,,,-0.22564736043215244,0,0,0,0,0,0,0
2011-02-10,1364.300048828125,1364.5,1351.699951171875,1361.9000244140625,312,78.25,132.85000610351562,30.090999603271484,16.09000015258789,1321.8699951171875,,,,,,,-0.06916129261103558,0,0,0,0,0,0,0
2011-02-11,1364.0,1368.800048828125,1355.199951171875,1359.9000244140625,488,78.45999908447266,132.32000732421875,29.992000579833984,15.6899995803833,1329.1500244140625,,,,,,,-0.766653377308987,0,0,0,0,0,0,0
2011-02-14,1357.800048828125,1365.5999755859375,1356.5999755859375,1364.5999755859375,181,78.61000061035156,132.9499969482422,30.52899932861328,15.949999809265137,1332.3199462890625,,,,,,,-0.36915806623998015,0,0,0,0,0,0,0
2011-02-15,1361.5999755859375,1376.0,1361.5999755859375,1373.5999755859375,321,78.56999969482422,133.97000122070312,30.69300079345703,16.3700008392334,1328.010009765625,,,,,,,-0.09653698582901789,0,0,0,0,0,0,0
2011-02-16,1373.5999755859375,1382.0,1370.5,1374.699951171875,156,78.22000122070312,134.10000610351562,30.6299991607666,16.719999313354492,1336.3199462890625,,,,,,,-0.028893002904291323,0,0,0,0,0,0,0
2011-02-17,1377.699951171875,1384.699951171875,1377.0,1384.699951171875,113,78.0,135.0399932861328,31.57200050354004,16.59000015258789,1340.4300537109375,,,,,,,-0.10989990133675197,0,0,0,0,0,0,0
2011-02-18,1384.0999755859375,1391.800048828125,1381.800048828125,1388.199951171875,98,77.66000366210938,135.41000366210938,32.29800033569336,16.43000030517578,1343.010009765625,,,,,,,-0.039695966923456893,0,0,0,0,0,0,0
2011-02-22,1395.0999755859375,1408.699951171875,1395.0999755859375,1400.5,430,77.7699966430664,136.2899932861328,32.86399841308594,20.799999237060547,1315.43994140625,,,,,,,-0.7420154175132813,0,0,0,0,0,0,0
2011-02-23,1397.800048828125,1413.800048828125,1397.800048828125,1413.4000244140625,318,77.41000366210938,137.50999450683594,33.301998138427734,22.1299991607666,1307.4000244140625,,,,,,,-0.8056877676645616,0,0,0,0,0,0,0
2011-02-24,1415.0999755859375,1415.300048828125,1408.300048828125,1415.300048828125,809,77.05999755859375,136.47999572753906,33.17900085449219,21.31999969482422,1306.0999755859375,,,,,,,-3.2682398663111543,0,0,0,0,0,0,0
2011-02-25,1401.699951171875,1411.0,1401.0,1408.699951171875,352,77.27999877929688,137.3800048828125,32.89799880981445,19.219999313354492,1319.8800048828125,,,,,,,0.03450684720442129,0,0,0,0,0,0,0
2011-02-28,1410.699951171875,1415.699951171875,1407.699951171875,1409.300048828125,205,76.88999938964844,137.66000366210938,33.80400085449219,18.350000381469727,1327.219970703125,,,,,,,0.5124856810923245,0,0,0,0,0,0,0
2011-03-01,1415.300048828125,1434.4000244140625,1415.300048828125,1430.699951171875,116,77.05000305175781,140.02999877929688,34.41600036621094,21.010000228881836,1306.3299560546875,,,,,,,1.092033621332214,0,0,0,0,0,0,0
2011-03-02,1432.5,1440.5,1428.800048828125,1437.199951171875,1600,76.66999816894531,139.9199981689453,34.82500076293945,20.700000762939453,1308.43994140625,,,,,,,-0.45434473888590443,0,0,0,0,0,0,0
2011-03-03,1432.300048828125,1432.300048828125,1415.9000244140625,1416.0,244,76.4800033569336,138.08999633789062,34.3129997253418,18.600000381469727,1330.969970703125,,,,,,,0.048456094976591056,0,0,0,0,0,0,0
2011-03-04,1418.9000244140625,1429.800048828125,1416.800048828125,1428.199951171875,60,76.4000015258789,139.35000610351562,35.31700134277344,19.059999465942383,1321.1500244140625,,,,,,,0.1879453931133545,0,0,0,0,0,0,0
2011-03-07,1434.5,1445.0,1429.5,1434.0999755859375,613,76.5,139.72000122070312,35.85499954223633,20.65999984741211,1310.1300048828125,,,,,,,-0.21614037273721395,0,0,0,0,0,0,0
2011-03-08,1431.5999755859375,1432.5999755859375,1424.300048828125,1426.9000244140625,198,76.80000305175781,139.36000061035156,35.65299987792969,19.81999969482422,1321.8199462890625,,,,,,,0.6012548305247728,0,0,0,0,0,0,0
2011-03-09,1430.0,1435.699951171875,1426.0999755859375,1429.300048828125,98,76.72000122070312,139.41000366210938,36.042999267578125,20.219999313354492,1320.02001953125,,,,,,,0.1440114856984678,0,0,0,0,0,0,0
2011-03-10,1429.5,1429.800048828125,1403.800048828125,1412.199951171875,23,77.27999877929688,137.77000427246094,35.06399917602539,21.8799991607666,1295.1099853515625,,,,,,,0.20833117264985362,0,0,0,0,0,0,0
2011-03-11,1413.699951171875,1422.5999755859375,1404.9000244140625,1421.5,23,76.77999877929688,138.22000122070312,35.93299865722656,20.079999923706055,1304.280029296875,,,,,,,-0.8921575619906329,0,0,0,0,0,0,0
2011-03-14,1420.0,1427.699951171875,1420.0,1424.5999755859375,58,76.3499984741211,138.86000061035156,35.82500076293945,21.1299991607666,1296.3900146484375,,,,,,,-0.060779825144143,0,0,0,0,0,0,0
2011-03-15,1413.300048828125,1413.300048828125,1385.5,1392.5999755859375,20,76.33000183105469,136.27000427246094,34.11600112915039,24.31999969482422,1281.8699951171875,,,,,,,1.2127678326383382,0,0,0,0,0,0,0
2011-03-16,1398.0,1404.199951171875,1394.300048828125,1396.0,38,76.68000030517578,136.24000549316406,34.47100067138672,29.399999618530273,1256.8800048828125,,,,,,,0.2996847159425102,0,0,0,0,0,0,0
2011-03-17,1387.699951171875,1393.5999755859375,1387.699951171875,1404.0,27,76.04000091552734,136.97000122070312,34.2599983215332,26.3700008392334,1273.719970703125,,,,,,,0.15602654683667716,0,0,0,0,0,0,0
2011-03-18,1406.4000244140625,1419.300048828125,1406.4000244140625,1415.9000244140625,6,75.72000122070312,138.3699951171875,35.060001373291016,24.440000534057617,1279.2099609375,,,,,,,0.7439739239671871,0,0,0,0,0,0,0
2011-03-21,1433.5,1433.5,1430.800048828125,1426.199951171875,43,75.4000015258789,139.13999938964844,36.00199890136719,20.610000610351562,1298.3800048828125,,,,,,,0.1498354985792434,0,0,0,0,0,0,0
2011-03-22,1430.4000244140625,1430.4000244140625,1430.4000244140625,1427.5,85,75.43000030517578,139.0500030517578,36.270999908447266,20.209999084472656,1293.77001953125,,,,,,,-0.3785475469457313,0,0,0,0,0,0,0
2011-03-23,1432.199951171875,1439.699951171875,1432.199951171875,1437.9000244140625,19,75.79000091552734,140.33999633789062,37.20199966430664,19.170000076293945,1297.5400390625,,,,,,,0.29198331113756865,0,0,0,0,0,0,0
2011-03-24,1437.699951171875,1446.9000244140625,1437.5,1434.800048828125,27,75.66000366210938,139.22000122070312,37.38800048828125,18.0,1309.6600341796875,,,,,,,-1.6559309162383002,0,0,0,0,0,0,0
2011-03-25,1436.0,1436.0,1436.0,1426.0999755859375,1,76.22000122070312,139.25999450683594,37.05799865722656,17.90999984741211,1313.800048828125,,,,,,,0.4735629649497379,0,0,0,0,0,0,0
2011-03-28,1413.199951171875,1415.5999755859375,1413.199951171875,1419.800048828125,6,76.12999725341797,138.5399932861328,37.09700012207031,19.440000534057617,1310.18994140625,,,,,,,0.22538554886018594,0,0,0,0,0,0,0
2011-03-29,1416.0,1416.0,1416.0,1416.0,135792,76.25,138.2100067138672,36.97700119018555,18.15999984741211,1319.43994140625,,,,,,,0.32748156346512347,0,0,0,0,0,0,0
2011-03-30,1418.699951171875,1430.300048828125,1412.0,1423.800048828125,47011,76.12000274658203,138.6699981689453,37.500999450683594,17.709999084472656,1328.260009765625,,,,,,,-0.39862765728170063,0,0,0,0,0,0,0
2011-03-31,1423.300048828125,1440.0,1420.699951171875,1438.9000244140625,8230,75.86000061035156,139.86000061035156,37.87200164794922,17.739999771118164,1325.8299560546875,,,,,,,-1.045163264087684,0,0,0,0,0,0,0
2011-04-01,1433.4000244140625,1436.5,1413.0,1428.0999755859375,5318,75.83000183105469,139.1999969482422,37.73699951171875,17.399999618530273,1332.4100341796875,,,,,,,-0.10596060444121286,0,0,0,0,0,0,0
2011-04-04,1429.0999755859375,1439.0999755859375,1428.800048828125,1432.199951171875,683,75.91000366210938,139.83999633789062,38.48400115966797,17.5,1332.8699951171875,,,,,,,0.44303930465242675,0,0,0,0,0,0,0
2011-04-05,1437.9000244140625,1457.5999755859375,1430.300048828125,1451.800048828125,2609,75.87999725341797,142.0500030517578,39.17499923706055,17.25,1332.6300048828125,,,,,,,1.1452270035265302,0,0,0,0,0,0,0
2011-04-06,1456.9000244140625,1462.300048828125,1452.0,1457.699951171875,901,75.51000213623047,142.3800048828125,39.38399887084961,16.899999618530273,1335.5400390625,,,,,,,0.5687615809637189,0,0,0,0,0,0,0
2011-04-07,1459.699951171875,1462.5,1453.9000244140625,1458.5,229,75.58999633789062,142.50999450683594,39.54199981689453,17.110000610351562,1333.510009765625,,,,,,,0.6842053199651011,0,0,0,0,0,0,0
2011-04-08,1457.5999755859375,1475.5,1457.5,1473.4000244140625,1407,75.06999969482422,143.66000366210938,40.599998474121094,17.8700008392334,1328.1700439453125,,,,,,,-0.03496462244186186,0,0,0,0,0,0,0
2011-04-11,1476.0,1476.0,1459.699951171875,1467.4000244140625,378,75.05999755859375,142.63999938964844,40.604000091552734,16.59000015258789,1324.4599609375,,,,,,,-1.039829775401524,0,0,0,0,0,0,0
2011-04-12,1461.800048828125,1467.199951171875,1444.4000244140625,1452.9000244140625,345,74.8499984741211,141.61000061035156,40.05799865722656,17.09000015258789,1314.1600341796875,,,,,,,-0.13279497801025963,0,0,0,0,0,0,0
2011-04-13,1455.0,1462.0,1454.0,1454.9000244140625,197,74.9800033569336,141.89999389648438,40.23500061035156,16.920000076293945,1314.4100341796875,,,,,,,0.10687147920883815,0,0,0,0,0,0,0
2011-04-14,1456.800048828125,1476.0,1452.699951171875,1471.699951171875,535,74.68000030517578,143.80999755859375,41.6609992980957,16.270000457763672,1314.52001953125,,,,,,,0.7443006238183612,0,0,0,0,0,0,0
2011-04-15,1477.5999755859375,1487.5,1473.199951171875,1485.300048828125,293,74.83000183105469,145.0500030517578,42.566001892089844,15.319999694824219,1319.6800537109375,,,,,,,0.5111955836869716,0,0,0,0,0,0,0
2011-04-18,1486.300048828125,1497.300048828125,1477.5,1492.300048828125,650,75.5,145.92999267578125,42.957000732421875,16.959999084472656,1305.1400146484375,,,,,,,0.9811156552411106,0,0,0,0,0,0,0
2011-04-19,1493.300048828125,1499.5,1489.0,1494.5,168,75.02999877929688,145.92999267578125,43.91899871826172,15.829999923706055,1312.6199951171875,,,,,,,0.4423376626178236,0,0,0,0,0,0,0
2011-04-20,1494.0,1505.300048828125,1494.0,1498.300048828125,386,74.37000274658203,146.5,44.46500015258789,15.069999694824219,1330.3599853515625,,,,,,,0.9099917208445562,0,0,0,0,0,0,0
2011-04-21,1503.699951171875,1508.300048828125,1501.699951171875,1503.199951171875,237,74.0,146.74000549316406,46.0620002746582,14.6899995803833,1337.3800048828125,,,,,,,0.32912466702387794,0,0,0,0,0,0,0
2011-04-25,1513.300048828125,1518.0,1502.800048828125,1508.5999755859375,233,73.98999786376953,146.8699951171875,47.1510009765625,15.770000457763672,1335.25,,,,,,,-0.6919396035091568,0,0,0,0,0,0,0
2011-04-26,1501.5,1506.300048828125,1495.0,1503.0,223,73.83999633789062,146.3800048828125,45.05799865722656,15.619999885559082,1347.239990234375,,,,,,,-0.5351338071933535,0,0,0,0,0,0,0
2011-04-27,1507.0999755859375,1512.800048828125,1505.199951171875,1516.699951171875,460,73.5199966430664,149.1999969482422,45.9640007019043,15.350000381469727,1355.6600341796875,,,,,,,3.2305296766009395,0,0,0,0,0,0,0
2011-04-28,1528.5999755859375,1536.0,1526.5999755859375,1530.800048828125,425,73.12000274658203,149.82000732421875,47.52000045776367,14.619999885559082,1360.47998046875,,,,,,,1.274698671024426,0,0,0,0,0,0,0
2011-04-29,1538.699951171875,1568.699951171875,1537.300048828125,1556.0,124,72.93000030517578,152.3699951171875,48.58399963378906,14.75,1363.6099853515625,,,,,,,1.438934894237869,0,0,0,0,0,0,0
2011-05-02,1572.9000244140625,1576.5999755859375,1543.0999755859375,1556.699951171875,200,72.94999694824219,150.41000366210938,46.077999114990234,15.989999771118164,1361.219970703125,,,,,,,-3.292819658754998,0,0,0,0,0,0,0
2011-05-03,1542.5,1547.0,1527.5,1540.0999755859375,246,73.13999938964844,149.8800048828125,42.57600021362305,16.700000762939453,1356.6199951171875,,,,,,,-0.7853279165612544,0,0,0,0,0,0,0
2011-05-04,1535.0,1539.0,1506.199951171875,1514.9000244140625,272,73.02999877929688,147.72999572753906,39.382999420166016,17.079999923706055,1347.3199462890625,,,,,,,-0.0519696710537289,0,0,0,0,0,0,0
2011-05-05,1514.699951171875,1520.699951171875,1471.0,1480.9000244140625,133,74.19000244140625,143.47000122070312,36.23099899291992,18.200000762939453,1335.0999755859375,,,,,,,-2.2271652950033727,0,0,0,0,0,0,0
2011-05-06,1473.199951171875,1494.800048828125,1472.300048828125,1491.199951171875,144,74.83999633789062,145.3000030517578,35.28300094604492,18.399999618530273,1340.199951171875,,,,,,,-0.26810267463034687,0,0,0,0,0,0,0
2011-05-09,1501.5,1512.800048828125,1501.300048828125,1502.9000244140625,44,74.73999786376953,147.3800048828125,37.11000061035156,17.15999984741211,1346.2900390625,,,,,,,1.8512076970491114,0,0,0,0,0,0,0
2011-05-10,1508.4000244140625,1516.9000244140625,1508.4000244140625,1516.5999755859375,13,74.61000061035156,147.89999389648438,38.47999954223633,15.90999984741211,1357.1600341796875,,,,,,,0.007791751782718873,0,0,0,0,0,0,0
2011-05-11,1524.0,1524.0999755859375,1495.199951171875,1501.0999755859375,30,75.33000183105469,146.5399932861328,35.50899887084961,16.950000762939453,1342.0799560546875,,,,,,,0.3456582246246926,0,0,0,0,0,0,0
2011-05-12,1492.0999755859375,1498.5,1484.800048828125,1506.5999755859375,11,75.23999786376953,146.58999633789062,34.792999267578125,16.030000686645508,1348.6500244140625,,,,,,,-0.7398574024216162,0,0,0,0,0,0,0
2011-05-13,1503.5,1511.300048828125,1490.199951171875,1493.4000244140625,16,75.76000213623047,145.6300048828125,35.01100158691406,17.06999969482422,1337.77001953125,,,,,,,-0.014012792506111626,0,0,0,0,0,0,0
2011-05-16,1489.300048828125,1494.9000244140625,1489.300048828125,1490.4000244140625,10,75.47000122070312,145.3699951171875,34.12900161743164,18.239999771118164,1329.469970703125,,,,,,,0.05454436421342212,0,0,0,0,0,0,0
2011-05-17,1489.800048828125,1491.800048828125,1473.0,1479.800048828125,41,75.4000015258789,144.74000549316406,33.487998962402344,17.549999237060547,1328.97998046875,,,,,,,0.9636628640723545,0,0,0,0,0,0,0
2011-05-18,1496.4000244140625,1497.0,1496.300048828125,1495.5999755859375,82,75.47000122070312,145.60000610351562,35.09400177001953,16.229999542236328,1340.6800537109375,,,,,,,-0.5764780588170362,0,0,0,0,0,0,0
2011-05-19,1491.5,1491.5,1491.5,1492.199951171875,1,75.12000274658203,145.64999389648438,34.926998138427734,15.520000457763672,1343.5999755859375,,,,,,,0.28128633553407056,0,0,0,0,0,0,0
2011-05-20,1499.0,1512.699951171875,1488.699951171875,1508.800048828125,93,75.43000030517578,147.49000549316406,35.082000732421875,17.43000030517578,1333.27001953125,,,,,,,0.7580918370035494,0,0,0,0,0,0,0
2011-05-23,1510.5,1512.300048828125,1507.0,1515.300048828125,42,76.0999984741211,147.8300018310547,34.9010009765625,18.270000457763672,1317.3699951171875,,,,,,,0.0904805447300599,0,0,0,0,0,0,0
2011-05-24,1527.0999755859375,1527.0999755859375,1521.9000244140625,1523.199951171875,4,75.87999725341797,148.58999633789062,36.12099838256836,17.81999969482422,1316.280029296875,,,,,,,0.053076732223163156,0,0,0,0,0,0,0
2011-05-25,1526.4000244140625,1527.5,1526.0999755859375,1526.5999755859375,10,75.93000030517578,148.5800018310547,37.63999938964844,17.06999969482422,1320.469970703125,,,,,,,-0.8544057028233003,0,0,0,0,0,0,0
2011-05-26,1521.199951171875,1521.199951171875,1519.5,1522.800048828125,186986,75.55000305175781,148.22000122070312,37.32600021362305,16.09000015258789,1325.68994140625,,,,,,,-0.813703044916652,0,0,0,0,0,0,0
2011-05-27,1519.4000244140625,1538.5,1518.4000244140625,1536.300048828125,76719,74.94999694824219,149.6999969482422,37.856998443603516,15.979999542236328,1331.0999755859375,,,,,,,-0.38672847021073314,0,0,0,0,0,0,0
2011-05-31,1536.699951171875,1541.0999755859375,1532.4000244140625,1535.9000244140625,6152,74.63999938964844,149.63999938964844,38.303001403808594,15.449999809265137,1345.199951171875,,,,,,,-0.41690014397021385,0,0,0,0,0,0,0
2011-06-01,1535.699951171875,1550.5999755859375,1529.699951171875,1542.4000244140625,2845,74.68000030517578,149.91000366210938,37.68899917602539,18.299999237060547,1314.550048828125,,,,,,,-1.3052653272739798,0,0,0,0,0,0,0
2011-06-02,1541.300048828125,1544.5,1520.0,1532.0,1651,74.33000183105469,149.5,36.20000076293945,18.09000015258789,1312.93994140625,,,,,,,0.1935454710591701,0,0,0,0,0,0,0
2011-06-03,1534.699951171875,1546.300048828125,1525.0,1541.699951171875,1745,73.77999877929688,150.22000122070312,36.1870002746582,17.950000762939453,1300.1600341796875,,,,,,,-0.36103507821449604,0,0,0,0,0,0,0
2011-06-06,1542.9000244140625,1553.9000244140625,1542.0,1546.5,691,73.94999694824219,150.47999572753906,36.7760009765625,18.489999771118164,1286.1700439453125,,,,,,,-0.8634171748504235,0,0,0,0,0,0,0
2011-06-07,1545.0,1549.9000244140625,1537.199951171875,1543.300048828125,2530,73.5199966430664,150.4199981689453,37.040000915527344,18.06999969482422,1284.93994140625,,,,,,,-0.23136334909915782,0,0,0,0,0,0,0
2011-06-08,1544.199951171875,1544.199951171875,1531.300048828125,1538.0999755859375,489,73.93000030517578,149.80999755859375,36.61899948120117,18.790000915527344,1279.56005859375,,,,,,,-0.47805305760516364,0,0,0,0,0,0,0
2011-06-09,1536.0999755859375,1548.800048828125,1534.4000244140625,1542.0999755859375,288,74.19000244140625,150.55999755859375,37.42300033569336,17.770000457763672,1289.0,,,,,,,0.4069250107994816,0,0,0,0,0,0,0
2011-06-10,1543.699951171875,1543.9000244140625,1526.4000244140625,1528.5999755859375,632,74.79000091552734,149.24000549316406,36.32600021362305,18.860000610351562,1270.97998046875,,,,,,,0.3815376810931372,0,0,0,0,0,0,0
2011-06-13,1528.0999755859375,1533.0,1511.300048828125,1515.0,851,74.51000213623047,147.77000427246094,34.736000061035156,19.610000610351562,1271.8299560546875,,,,,,,0.017325258807614295,0,0,0,0,0,0,0
2011-06-14,1517.199951171875,1526.199951171875,1513.0999755859375,1523.800048828125,306,74.33000183105469,148.6699981689453,35.40999984741211,18.260000228881836,1287.8699951171875,,,,,,,0.14154924300050206,0,0,0,0,0,0,0
2011-06-15,1525.0,1533.4000244140625,1515.0,1525.5999755859375,648,75.5999984741211,149.1199951171875,35.40599822998047,21.31999969482422,1265.4200439453125,,,,,,,0.827045588002001,0,0,0,0,0,0,0
2011-06-16,1526.0,1531.199951171875,1522.0,1529.300048828125,164,75.75,148.97000122070312,35.553001403808594,22.729999542236328,1267.6400146484375,,,,,,,-0.45710123735904007,0,0,0,0,0,0,0
2011-06-17,1523.0,1541.5999755859375,1523.0,1538.5999755859375,72,74.98999786376953,149.94000244140625,35.73899841308594,21.850000381469727,1271.5,,,,,,,-0.28065727284180836,0,0,0,0,0,0,0
2011-06-20,1536.0,1545.699951171875,1535.199951171875,1541.5,99,75.02999877929688,150.02999877929688,36.064998626708984,19.989999771118164,1278.3599853515625,,,,,,,-0.7474433486074354,0,0,0,0,0,0,0
2011-06-21,1540.0999755859375,1547.5,1540.0,1546.0,125,74.54000091552734,150.75999450683594,36.37300109863281,18.860000610351562,1295.52001953125,,,,,,,-0.025051493564965097,0,0,0,0,0,0,0
2011-06-22,1547.199951171875,1558.5,1544.4000244140625,1552.9000244140625,222,74.77999877929688,150.99000549316406,36.73400115966797,18.520000457763672,1287.1400146484375,,,,,,,-1.0946901372406372,0,0,0,0,0,0,0
2011-06-23,1547.199951171875,1547.199951171875,1514.699951171875,1520.0999755859375,300,75.44999694824219,148.33999633789062,35.005001068115234,19.290000915527344,1283.5,,,,,,,0.23691865510201224,0,0,0,0,0,0,0
2011-06-24,1524.699951171875,1525.0,1498.5,1500.5,257,75.66999816894531,146.25999450683594,34.64099884033203,21.100000381469727,1268.449951171875,,,,,,,-0.19194560488481174,0,0,0,0,0,0,0
2011-06-27,1503.5,1503.5,1490.699951171875,1496.0,140,75.38999938964844,145.72999572753906,33.58000183105469,20.559999465942383,1280.0999755859375,,,,,,,-0.42237372031568876,0,0,0,0,0,0,0
2011-06-28,1499.9000244140625,1505.0,1496.0999755859375,1499.699951171875,508,75.05999755859375,146.24000549316406,33.632999420166016,19.170000076293945,1296.6700439453125,,,,,,,-0.023119609179790338,0,0,0,0,0,0,0
2011-06-29,1504.0999755859375,1512.199951171875,1504.0999755859375,1509.9000244140625,395,74.69000244140625,147.17999267578125,34.75,17.270000457763672,1307.4100341796875,,,,,,,-0.17148638013195944,0,0,0,0,0,0,0
2011-06-30,1511.5,1514.0,1498.800048828125,1502.300048828125,69,74.30000305175781,146.0,34.8120002746582,16.520000457763672,1320.6400146484375,,,,,,,-1.3251283332941604,0,0,0,0,0,0,0
2011-07-01,1502.199951171875,1502.199951171875,1480.0,1482.300048828125,66,74.3499984741211,144.92999267578125,33.694000244140625,15.869999885559082,1339.6700439453125,,,,,,,0.9768270302641779,0,0,0,0,0,0,0
2011-07-05,1490.4000244140625,1515.0,1490.300048828125,1512.300048828125,199,74.69000244140625,147.6300048828125,35.402000427246094,16.059999465942383,1337.8800048828125,,,,,,,0.37377191916226227,0,0,0,0,0,0,0
2011-07-06,1513.699951171875,1531.5,1510.300048828125,1528.699951171875,71,75.12000274658203,148.91000366210938,35.9109992980957,16.34000015258789,1339.219970703125,,,,,,,-0.42762002050353026,0,0,0,0,0,0,0
2011-07-07,1529.0999755859375,1533.0999755859375,1522.699951171875,1530.199951171875,55,74.95999908447266,149.14999389648438,36.52799987792969,15.949999809265137,1353.219970703125,,,,,,,-0.17187052045973686,0,0,0,0,0,0,0
2011-07-08,1527.0,1542.5999755859375,1526.5999755859375,1541.199951171875,3,75.18000030517578,150.25,36.5359992980957,15.949999809265137,1343.800048828125,,,,,,,-0.086481028085696,0,0,0,0,0,0,0
2011-07-11,1550.0,1555.199951171875,1543.0999755859375,1548.800048828125,14,75.98999786376953,151.58999633789062,35.68899917602539,18.389999389648438,1319.489990234375,,,,,,,1.413132890164175,0,0,0,0,0,0,0
2011-07-12,1548.199951171875,1565.0,1542.0,1561.9000244140625,8,75.80999755859375,152.77000427246094,35.62900161743164,19.8700008392334,1313.6400146484375,,,,,,,1.1203293537190075,0,0,0,0,0,0,0
2011-07-13,1574.0,1585.5999755859375,1570.800048828125,1585.199951171875,29,75.20999908447266,154.13999938964844,38.14799880981445,19.90999984741211,1317.719970703125,,,,,,,-1.1143342436005175,0,0,0,0,0,0,0
2011-07-14,1586.300048828125,1592.800048828125,1583.5999755859375,1589.0,19,75.25,154.5399932861328,38.68899917602539,20.799999237060547,1308.8699951171875,,,,,,,-1.013697040299323,0,0,0,0,0,0,0
2011-07-15,1582.300048828125,1592.199951171875,1582.300048828125,1589.800048828125,8,75.12999725341797,155.1999969482422,39.0629997253418,19.530000686645508,1316.1400146484375,,,,,,,0.41072280311558834,0,0,0,0,0,0,0
2011-07-18,1592.800048828125,1605.0,1592.800048828125,1602.0999755859375,13,75.4800033569336,156.57000732421875,40.33300018310547,20.950000762939453,1305.43994140625,,,,,,,0.8141755805922558,0,0,0,0,0,0,0
2011-07-19,1608.0999755859375,1608.800048828125,1583.300048828125,1600.9000244140625,63,75.22000122070312,154.66000366210938,40.21099853515625,19.209999084472656,1326.72998046875,,,,,,,-3.179173200558187,0,0,0,0,0,0,0
2011-07-20,1584.300048828125,1596.699951171875,1582.4000244140625,1596.699951171875,9,74.79000091552734,156.02000427246094,39.54600143432617,19.09000015258789,1325.8399658203125,,,,,,,0.7617089860156349,0,0,0,0,0,0,0
2011-07-21,1598.0,1601.5999755859375,1586.5999755859375,1586.800048828125,24,74.0199966430664,154.8300018310547,38.9370002746582,17.559999465942383,1343.800048828125,,,,,,,0.27579453087245664,0,0,0,0,0,0,0
2011-07-22,1588.5,1606.5,1588.5,1601.300048828125,12,74.19999694824219,156.1199951171875,40.112998962402344,17.520000457763672,1345.02001953125,,,,,,,0.0032169132697445835,0,0,0,0,0,0,0
2011-07-25,1610.0,1619.4000244140625,1610.0,1612.0,67,74.05999755859375,157.33999633789062,40.354000091552734,19.350000381469727,1337.4300537109375,,,,,,,0.38323297424859526,0,0,0,0,0,0,0
2011-07-26,1609.800048828125,1618.5,1609.800048828125,1616.5999755859375,28,73.47000122070312,157.77000427246094,40.691001892089844,20.229999542236328,1331.93994140625,,,,,,,0.3296252310542889,0,0,0,0,0,0,0
2011-07-27,1619.699951171875,1619.699951171875,1617.0,1615.0,232220,74.08999633789062,157.19000244140625,40.553001403808594,22.979999542236328,1304.8900146484375,,,,,,,-0.6036144430467325,0,0,0,0,0,0,0
2011-07-28,1614.199951171875,1620.5999755859375,1602.800048828125,1613.4000244140625,70263,74.22000122070312,157.32000732421875,39.77899932861328,23.739999771118164,1300.6700439453125,,,,,,,0.1138980332246641,0,0,0,0,0,0,0
2011-07-29,1617.0999755859375,1634.9000244140625,1610.5999755859375,1628.300048828125,6761,73.9000015258789,158.2899932861328,40.09199905395508,25.25,1292.280029296875,,,,,,,-1.041376639185553,0,0,0,0,0,0,0
2011-08-01,1623.0,1631.800048828125,1607.0,1619.0,2889,74.26000213623047,157.72000122070312,39.29800033569336,23.65999984741211,1286.93994140625,,,,,,,-0.2843988090668396,0,0,0,0,0,0,0
2011-08-02,1619.300048828125,1660.5999755859375,1616.800048828125,1641.9000244140625,2440,74.51000213623047,161.52000427246094,40.08100128173828,24.790000915527344,1254.050048828125,,,,,,,3.540997691288196,0,0,0,0,0,0,0
2011-08-03,1659.9000244140625,1672.300048828125,1651.5999755859375,1663.4000244140625,2024,74.04000091552734,161.49000549316406,41.74700164794922,23.3799991607666,1260.3399658203125,,,,,,,-1.60904383038469,0,0,0,0,0,0,0
2011-08-04,1660.5,1681.800048828125,1640.0,1656.199951171875,1952,75.12000274658203,160.63999938964844,39.417999267578125,31.65999984741211,1200.0699462890625,,,,,,,-2.0088194573415126,0,0,0,0,0,0,0
2011-08-05,1647.5,1666.0999755859375,1642.699951171875,1648.800048828125,825,74.5999984741211,161.75,38.196998596191406,32.0,1199.3800048828125,,,,,,,2.299600023761385,0,0,0,0,0,0,0
2011-08-08,1679.0999755859375,1720.0,1678.0999755859375,1710.199951171875,1885,74.79000091552734,167.1199951171875,39.374000549316406,48.0,1119.4599609375,,,,,,,0.8807810952702346,0,0,0,0,0,0,0
2011-08-09,1722.5,1779.0,1720.0999755859375,1740.0,1861,74.61000061035156,168.61000061035156,37.87699890136719,35.060001373291016,1172.530029296875,,,,,,,-2.230481692561516,0,0,0,0,0,0,0
2011-08-10,1744.0,1795.5999755859375,1741.300048828125,1781.300048828125,969,74.63999938964844,174.5800018310547,39.32500076293945,42.9900016784668,1120.760009765625,,,,,,,1.8985152742004157,0,0,0,0,0,0,0
2011-08-11,1795.0999755859375,1813.5,1733.300048828125,1748.800048828125,1503,74.68000030517578,170.75,38.65599822998047,39.0,1172.6400146484375,,,,,,,0.5149120936621838,0,0,0,0,0,0,0
2011-08-12,1760.5999755859375,1764.199951171875,1723.800048828125,1740.199951171875,1166,74.61000061035156,169.97000122070312,39.10100173950195,36.36000061035156,1178.81005859375,,,,,,,0.63088196548128,0,0,0,0,0,0,0
2011-08-15,1734.9000244140625,1765.199951171875,1730.5,1755.5,976,73.83999633789062,171.8000030517578,39.29800033569336,31.8700008392334,1204.489990234375,,,,,,,1.3003713026058863,0,0,0,0,0,0,0
2011-08-16,1769.0,1787.300048828125,1761.5999755859375,1782.4000244140625,278,74.01000213623047,173.9199981689453,39.82099914550781,32.849998474121094,1192.760009765625,,,,,,,0.2679220932979779,0,0,0,0,0,0,0
2011-08-17,1784.800048828125,1794.300048828125,1782.0,1791.199951171875,231,73.66999816894531,174.4199981689453,40.349998474121094,31.579999923706055,1193.8900146484375,,,,,,,-0.47094610069909315,0,0,0,0,0,0,0
2011-08-18,1786.5,1828.5,1785.5,1818.9000244140625,868,74.23999786376953,177.72000122070312,40.6870002746582,42.66999816894531,1140.6500244140625,,,,,,,0.7414051253529321,0,0,0,0,0,0,0
2011-08-19,1823.699951171875,1874.4000244140625,1823.699951171875,1848.9000244140625,328,73.98999786376953,179.9499969482422,42.428001403808594,43.04999923706055,1123.530029296875,,,,,,,-0.628637684634953,0,0,0,0,0,0,0
2011-08-22,1868.5999755859375,1895.0,1858.4000244140625,1888.699951171875,1106,74.06999969482422,184.58999633789062,43.32099914550781,42.439998626708984,1123.8199462890625,,,,,,,0.8514816943057217,0,0,0,0,0,0,0
2011-08-23,1909.0,1909.300048828125,1824.5999755859375,1858.300048828125,458,73.87000274658203,177.6699981689453,42.28099822998047,36.27000045776367,1162.3499755859375,,,,,,,-5.139220947674658,0,0,0,0,0,0,0
2011-08-24,1833.0,1853.0999755859375,1753.0999755859375,1754.0999755859375,992,74.01000213623047,171.64999389648438,39.15700149536133,35.900001525878906,1177.5999755859375,,,,,,,1.0337959799640222,0,0,0,0,0,0,0
2011-08-25,1748.4000244140625,1772.5,1707.300048828125,1759.800048828125,864,74.27999877929688,172.36000061035156,40.7400016784668,39.7599983215332,1159.27001953125,,,,,,,1.2303405829115963,0,0,0,0,0,0,0
2011-08-26,1768.5,1829.300048828125,1768.5,1794.0999755859375,270,73.80999755859375,177.47000122070312,40.946998596191406,35.59000015258789,1176.800048828125,,,,,,,3.4247382115110283,0,0,0,0,0,0,0
2011-08-29,1817.9000244140625,1817.9000244140625,1786.699951171875,1788.4000244140625,828,73.72000122070312,173.88999938964844,40.54100036621094,32.279998779296875,1210.0799560546875,,,,,,,-0.6720414288844824,0,0,0,0,0,0,0
2011-08-30,1787.199951171875,1839.5999755859375,1783.0999755859375,1826.699951171875,598,73.94000244140625,179.10000610351562,41.39799880981445,32.88999938964844,1212.9200439453125,,,,,,,1.2587926936443883,0,0,0,0,0,0,0
2011-08-31,1830.5999755859375,1837.9000244140625,1811.4000244140625,1828.5,336,74.12999725341797,177.72000122070312,41.69900131225586,31.6200008392334,1218.8900146484375,,,,,,,-0.7713360673309926,0,0,0,0,0,0,0
2011-09-01,1825.800048828125,1829.5,1814.4000244140625,1826.0,263,74.4800033569336,177.8699951171875,41.481998443603516,31.81999969482422,1204.4200439453125,,,,,,,-0.2546793455522386,0,0,0,0,0,0,0
2011-09-02,1828.5999755859375,1884.199951171875,1828.5999755859375,1873.699951171875,442,74.75,183.24000549316406,43.02000045776367,33.91999816894531,1173.969970703125,,,,,,,0.650543194401092,0,0,0,0,0,0,0
2011-09-06,1886.300048828125,1911.5999755859375,1864.0,1869.9000244140625,536,75.91999816894531,182.89999389648438,41.81800079345703,37.0,1165.239990234375,,,,,,,0.6753873696029303,0,0,0,0,0,0,0
2011-09-07,1868.9000244140625,1873.699951171875,1792.800048828125,1814.199951171875,470,75.45999908447266,177.0800018310547,41.571998596191406,33.380001068115234,1198.6199951171875,,,,,,,0.1792121944463758,0,0,0,0,0,0,0
2011-09-08,1839.300048828125,1870.0,1835.0,1854.4000244140625,142,76.23999786376953,181.80999755859375,42.479000091552734,34.31999969482422,1185.9000244140625,,,,,,,1.186828096228103,0,0,0,0,0,0,0
2011-09-09,1858.0999755859375,1881.300048828125,1830.0,1856.4000244140625,188,77.19000244140625,180.6999969482422,41.573001861572266,38.52000045776367,1154.22998046875,,,,,,,-0.46033668368683867,0,0,0,0,0,0,0
2011-09-12,1852.4000244140625,1852.4000244140625,1806.0,1809.9000244140625,245,77.56999969482422,176.6699981689453,40.16400146484375,38.59000015258789,1162.27001953125,,,,,,,0.18238539673173315,0,0,0,0,0,0,0
2011-09-13,1817.800048828125,1835.300048828125,1808.0999755859375,1826.800048828125,52,76.91000366210938,178.5399932861328,41.12300109863281,36.90999984741211,1172.8699951171875,,,,,,,0.45921177765062177,0,0,0,0,0,0,0
2011-09-14,1843.0,1843.0,1809.0,1823.5,156,76.83000183105469,177.2100067138672,40.46900177001953,34.599998474121094,1188.6800537109375,,,,,,,-0.8151361414367819,0,0,0,0,0,0,0
2011-09-15,1816.300048828125,1816.300048828125,1775.800048828125,1778.5,80,76.23999786376953,174.39999389648438,39.452999114990234,31.969999313354492,1209.1099853515625,,,,,,,1.204927124345989,0,0,0,0,0,0,0
2011-09-16,1768.5,1819.0999755859375,1768.5,1812.0999755859375,111,76.58000183105469,176.02999877929688,40.78099822998047,30.979999542236328,1216.010009765625,,,,,,,-0.9046768437512698,0,0,0,0,0,0,0
2011-09-19,1814.699951171875,1818.9000244140625,1788.0,1776.4000244140625,13,77.38999938964844,173.30999755859375,39.11000061035156,32.72999954223633,1204.0899658203125,,,,,,,0.055325465803073785,0,0,0,0,0,0,0
2011-09-20,1778.800048828125,1807.800048828125,1776.0,1806.5999755859375,86,77.02999877929688,175.77999877929688,40.08100128173828,32.86000061035156,1202.0899658203125,,,,,,,-0.5430766017318709,0,0,0,0,0,0,0
2011-09-21,1808.0,1811.699951171875,1782.800048828125,1805.5,22,77.33999633789062,173.58999633789062,40.41999816894531,37.31999969482422,1166.760009765625,,,,,,,-2.9360563705351774,0,0,0,0,0,0,0
2011-09-22,1773.199951171875,1773.199951171875,1730.9000244140625,1739.199951171875,23,78.37999725341797,169.0500030517578,36.53799819946289,41.349998474121094,1129.56005859375,,,,,,,-0.6646090769563812,0,0,0,0,0,0,0
2011-09-23,1737.300048828125,1737.300048828125,1636.300048828125,1637.5,81,78.30000305175781,159.8000030517578,30.051000595092773,41.25,1136.4300537109375,,,,,,,0.15839202451028048,0,0,0,0,0,0,0
2011-09-26,1646.4000244140625,1661.800048828125,1562.4000244140625,1592.5,151,78.36000061035156,157.5800018310547,29.927000045776367,39.02000045776367,1162.949951171875,,,,,,,2.8115238124281876,0,0,0,0,0,0,0
2011-09-27,1653.800048828125,1665.4000244140625,1653.699951171875,1650.5999755859375,47,77.51000213623047,160.6300048828125,31.496999740600586,37.709999084472656,1175.3800048828125,,,,,,,-0.43421789462866656,0,0,0,0,0,0,0
2011-09-28,1650.0,1650.0,1650.0,1616.300048828125,21275,77.8499984741211,156.22000122070312,30.084999084472656,41.08000183105469,1151.06005859375,,,,,,,-1.685138411292496,0,0,0,0,0,0,0
2011-09-29,1604.0,1633.800048828125,1585.0,1615.5,7181,77.91999816894531,157.6999969482422,30.472000122070312,38.84000015258789,1160.4000244140625,,,,,,,0.17179145578313068,0,0,0,0,0,0,0
2011-09-30,1620.800048828125,1639.4000244140625,1609.4000244140625,1620.4000244140625,284,78.55000305175781,158.05999755859375,30.041000366210938,42.959999084472656,1131.4200439453125,,,,,,,0.03686834394502018,0,0,0,0,0,0,0
2011-10-03,1627.800048828125,1660.800048828125,1627.5999755859375,1656.0,101,79.44999694824219,160.9600067138672,30.75,45.45000076293945,1099.22998046875,,,,,,,-0.6223092298199585,0,0,0,0,0,0,0
2011-10-04,1661.0,1678.0999755859375,1596.5999755859375,1614.699951171875,159,79.5999984741211,157.63999938964844,29.795000076293945,40.81999969482422,1123.949951171875,,,,,,,0.2067618759831814,0,0,0,0,0,0,0
2011-10-05,1629.300048828125,1640.300048828125,1599.5999755859375,1640.300048828125,114,78.91000366210938,159.4600067138672,30.316999435424805,37.810001373291016,1144.030029296875,,,,,,,-0.5886803717239117,0,0,0,0,0,0,0
2011-10-06,1642.5999755859375,1654.699951171875,1637.5999755859375,1651.9000244140625,38,78.52999877929688,160.49000549316406,31.969999313354492,36.27000045776367,1164.969970703125,,,,,,,-0.6903321071543514,0,0,0,0,0,0,0
2011-10-07,1657.0,1665.0,1626.199951171875,1634.5,66,78.72000122070312,159.17999267578125,30.95800018310547,36.20000076293945,1155.4599609375,,,,,,,-0.22669163779735454,0,0,0,0,0,0,0
2011-10-10,1645.5999755859375,1676.800048828125,1645.5999755859375,1669.5999755859375,61,77.5999984741211,163.27000427246094,31.944000244140625,33.02000045776367,1194.8900146484375,,,,,,,0.5538365940595738,0,0,0,0,0,0,0
2011-10-11,1685.0,1685.0,1657.5999755859375,1659.699951171875,151,77.58000183105469,162.10000610351562,31.96299934387207,32.86000061035156,1195.5400390625,,,,,,,0.30518910002084326,0,0,0,0,0,0,0
2011-10-12,1667.0999755859375,1691.0,1667.0999755859375,1681.300048828125,37,76.98999786376953,163.25999450683594,32.75400161743164,31.260000228881836,1207.25,,,,,,,-0.7843390512620421,0,0,0,0,0,0,0
2011-10-13,1676.0999755859375,1678.800048828125,1656.199951171875,1667.300048828125,148,76.98999786376953,162.3000030517578,31.632999420166016,30.700000762939453,1203.6600341796875,,,,,,,-0.31189710758946826,0,0,0,0,0,0,0
2011-10-14,1665.800048828125,1683.300048828125,1665.800048828125,1681.800048828125,51,76.62000274658203,163.39999389648438,32.13999938964844,28.239999771118164,1224.5799560546875,,,,,,,-0.6514569877293099,0,0,0,0,0,0,0
2011-10-17,1683.5999755859375,1693.5,1667.300048828125,1675.5,41,77.13999938964844,162.6199951171875,31.791000366210938,33.38999938964844,1200.8599853515625,,,,,,,-0.8746268366439126,0,0,0,0,0,0,0
2011-10-18,1666.0,1666.0,1627.5,1651.699951171875,85,77.12999725341797,161.83999633789062,31.801000595092773,31.559999465942383,1225.3800048828125,,,,,,,0.9333763452442184,0,0,0,0,0,0,0
2011-10-19,1659.300048828125,1659.300048828125,1641.300048828125,1646.0,22,77.11000061035156,159.8699951171875,31.25200080871582,34.439998626708984,1209.8800048828125,,,,,,,-0.7265460447801709,0,0,0,0,0,0,0
2011-10-20,1643.199951171875,1643.199951171875,1608.699951171875,1611.9000244140625,92,76.97000122070312,157.77000427246094,30.266000747680664,34.779998779296875,1215.3900146484375,,,,,,,0.7226948163662886,0,0,0,0,0,0,0
2011-10-21,1626.0999755859375,1647.4000244140625,1626.0999755859375,1635.0999755859375,32,76.30000305175781,159.52000427246094,31.17300033569336,31.31999969482422,1238.25,,,,,,,0.1065913159783527,0,0,0,0,0,0,0
2011-10-24,1646.199951171875,1657.800048828125,1646.199951171875,1651.5,313,76.0199966430664,161.02000427246094,31.6200008392334,29.260000228881836,1254.18994140625,,,,,,,-0.007910208750381887,0,0,0,0,0,0,0
2011-10-25,1645.0,1706.800048828125,1645.0,1699.5999755859375,355,76.25,165.58999633789062,33.034000396728516,32.220001220703125,1229.050048828125,,,,,,,-0.14766021272716057,0,0,0,0,0,0,0
2011-10-26,1717.0,1723.5999755859375,1708.9000244140625,1722.699951171875,135,76.19999694824219,167.39999389648438,33.29100036621094,29.860000610351562,1242.0,,,,,,,-0.6317465424887546,0,0,0,0,0,0,0
2011-10-27,1717.800048828125,1735.5,1717.800048828125,1746.699951171875,494,74.87000274658203,169.5500030517578,35.095001220703125,25.459999084472656,1284.5899658203125,,,,,,,-0.8265654321658319,0,0,0,0,0,0,0
2011-10-28,1752.0,1752.0,1733.0,1746.199951171875,158,75.08999633789062,169.6199951171875,35.27000045776367,24.530000686645508,1285.0899658203125,,,,,,,-0.6845059437234742,0,0,0,0,0,0,0
2011-10-31,1741.9000244140625,1741.9000244140625,1717.0,1724.199951171875,62,76.16999816894531,167.33999633789062,34.33700180053711,29.959999084472656,1253.300048828125,,,,,,,-0.8186576819249056,0,0,0,0,0,0,0
2011-11-01,1706.699951171875,1720.0999755859375,1682.5,1711.0,246,77.26000213623047,167.3800048828125,32.72200012207031,34.77000045776367,1218.280029296875,,,,,,,0.6706806244041893,0,0,0,0,0,0,0
2011-11-02,1724.300048828125,1741.4000244140625,1723.199951171875,1728.699951171875,294,77.01000213623047,169.05999755859375,33.92900085449219,32.7400016784668,1237.9000244140625,,,,,,,0.590101737158561,0,0,0,0,0,0,0
2011-11-03,1740.5,1766.0,1726.5999755859375,1764.199951171875,290,76.66999816894531,171.72000122070312,34.487998962402344,30.5,1261.1500244140625,,,,,,,-0.2953043166248849,0,0,0,0,0,0,0
2011-11-04,1757.0,1761.199951171875,1754.9000244140625,1755.300048828125,47,76.91000366210938,170.85000610351562,34.06999969482422,30.15999984741211,1253.22998046875,,,,,,,-0.28764918978943155,0,0,0,0,0,0,0
2011-11-07,1755.300048828125,1797.0,1755.300048828125,1790.300048828125,35,76.95999908447266,174.97999572753906,34.8120002746582,29.850000381469727,1261.1199951171875,,,,,,,0.4956554893204641,0,0,0,0,0,0,0
2011-11-08,1798.4000244140625,1798.4000244140625,1785.699951171875,1798.4000244140625,14,76.66999816894531,173.52999877929688,35.137001037597656,27.479999542236328,1275.9200439453125,,,,,,,-1.9196599092191984,0,0,0,0,0,0,0
2011-11-09,1793.0,1793.0,1774.199951171875,1790.9000244140625,6,77.93000030517578,172.07000732421875,34.347999572753906,36.15999984741211,1229.0999755859375,,,,,,,-2.5367931474142806,0,0,0,0,0,0,0
2011-11-10,1766.800048828125,1766.800048828125,1754.800048828125,1758.9000244140625,16,77.63999938964844,171.13999938964844,34.095001220703125,32.810001373291016,1239.699951171875,,,,,,,-0.25570224384456425,0,0,0,0,0,0,0
2011-11-11,1777.0,1789.0999755859375,1777.0,1787.5,28,76.94000244140625,173.9600067138672,34.67100143432617,30.040000915527344,1263.8499755859375,,,,,,,-0.2017684827171709,0,0,0,0,0,0,0
2011-11-14,1779.0,1779.0,1779.0,1777.800048828125,24,77.55999755859375,173.1999969482422,34.01300048828125,31.1299991607666,1251.780029296875,,,,,,,-0.003393420972972205,0,0,0,0,0,0,0
2011-11-15,1779.199951171875,1783.0999755859375,1761.300048828125,1781.699951171875,18,77.87999725341797,173.36000061035156,34.448001861572266,31.219999313354492,1257.81005859375,,,,,,,-0.2324078059042553,0,0,0,0,0,0,0
2011-11-16,1777.5,1777.5,1757.699951171875,1773.800048828125,65,78.16000366210938,171.50999450683594,33.81399917602539,33.5099983215332,1236.9100341796875,,,,,,,-1.3277752510935914,0,0,0,0,0,0,0
2011-11-17,1755.300048828125,1755.300048828125,1714.0,1719.800048828125,54,78.29000091552734,167.10000610351562,31.493000030517578,34.5099983215332,1216.1300048828125,,,,,,,-0.4492911833266136,0,0,0,0,0,0,0
2011-11-18,1725.0,1736.0,1719.0,1724.699951171875,14,78.0199966430664,167.6199951171875,32.41299819946289,32.0,1215.6500244140625,,,,,,,-0.38693791507242814,0,0,0,0,0,0,0
2011-11-21,1704.5999755859375,1704.5999755859375,1674.4000244140625,1678.300048828125,9,78.30000305175781,163.5,31.113000869750977,32.90999984741211,1192.97998046875,,,,,,,-0.011637842970303116,0,0,0,0,0,0,0
2011-11-22,1675.4000244140625,1702.199951171875,1675.4000244140625,1702.199951171875,13,78.2300033569336,165.30999755859375,32.948001861572266,31.969999313354492,1188.0400390625,,,,,,,-0.611910822219295,0,0,0,0,0,0,0
2011-11-23,1691.199951171875,1700.0,1681.5999755859375,1695.699951171875,34,79.0,164.8300018310547,31.881999969482422,33.97999954223633,1161.7900390625,,,,,,,-0.4083960981619167,0,0,0,0,0,0,0
2011-11-25,1690.0999755859375,1693.5,1675.300048828125,1685.5,28,79.61000061035156,163.39999389648438,31.011999130249023,34.470001220703125,1158.6700439453125,,,,,,,-0.9552572286956387,0,0,0,0,0,0,0
2011-11-28,1710.800048828125,1710.800048828125,1710.800048828125,1710.800048828125,175525,79.29000091552734,166.6300048828125,32.15999984741211,32.130001068115234,1192.550048828125,,,,,,,0.056831493080951014,0,0,0,0,0,0,0
2011-11-29,1711.300048828125,1718.4000244140625,1704.0,1713.4000244140625,64786,79.0,166.8800048828125,31.85300064086914,30.639999389648438,1195.18994140625,,,,,,,0.07713047358746815,0,0,0,0,0,0,0
2011-11-30,1714.0,1749.199951171875,1699.9000244140625,1745.5,15463,78.38999938964844,170.1300048828125,32.73099899291992,27.799999237060547,1246.9599609375,,,,,,,0.2291471395793348,0,0,0,0,0,0,0
2011-12-01,1747.0,1753.300048828125,1734.5,1735.300048828125,1350,78.31999969482422,169.6300048828125,32.69499969482422,27.40999984741211,1244.5799560546875,,,,,,,0.862682902402306,0,0,0,0,0,0,0
2011-12-02,1744.800048828125,1762.9000244140625,1741.5999755859375,1747.0,1067,78.62999725341797,169.82000732421875,32.62099838256836,27.520000457763672,1244.280029296875,,,,,,,-0.35926261052720104,0,0,0,0,0,0,0
2011-12-05,1748.9000244140625,1752.5999755859375,1718.699951171875,1730.699951171875,756,78.61000061035156,167.32000732421875,32.305999755859375,27.84000015258789,1257.0799560546875,,,,,,,-1.512581361304009,0,0,0,0,0,0,0
2011-12-06,1722.0999755859375,1731.800048828125,1703.0,1727.9000244140625,648,78.51000213623047,168.17999267578125,32.672000885009766,28.1299991607666,1258.469970703125,,,,,,,-0.021018618099491924,0,0,0,0,0,0,0
2011-12-07,1730.5999755859375,1741.9000244140625,1720.0,1740.9000244140625,300,78.4800033569336,169.39999389648438,32.55500030517578,28.670000076293945,1261.010009765625,,,,,,,-0.054729408152355934,0,0,0,0,0,0,0
2011-12-08,1742.0,1752.300048828125,1705.4000244140625,1709.800048828125,942,78.80999755859375,165.97999572753906,31.466999053955078,30.59000015258789,1234.3499755859375,,,,,,,-0.5776725843701286,0,0,0,0,0,0,0
2011-12-09,1713.300048828125,1720.699951171875,1705.699951171875,1712.800048828125,568,78.62999725341797,166.39999389648438,32.17300033569336,26.3799991607666,1255.18994140625,,,,,,,-0.3877203510676048,0,0,0,0,0,0,0
2011-12-12,1707.5,1708.199951171875,1658.5,1664.199951171875,894,79.56999969482422,161.99000549316406,30.934999465942383,25.670000076293945,1236.469970703125,,,,,,,0.06141086928390288,0,0,0,0,0,0,0
2011-12-13,1654.699951171875,1671.800048828125,1628.0,1659.9000244140625,274,80.25,158.4499969482422,31.19499969482422,25.40999984741211,1225.72998046875,,,,,,,-3.74802120965213,0,0,0,0,0,0,0
2011-12-14,1636.5,1639.5,1565.800048828125,1584.300048828125,890,80.52999877929688,152.88999938964844,28.881000518798828,26.040000915527344,1211.8199462890625,,,,,,,-1.5536732397408917,0,0,0,0,0,0,0
2011-12-15,1571.4000244140625,1592.800048828125,1565.5999755859375,1574.5999755859375,589,80.23999786376953,152.3300018310547,29.225000381469727,25.110000610351562,1215.75,,,,,,,-1.0412634456602006,0,0,0,0,0,0,0
2011-12-16,1587.4000244140625,1595.9000244140625,1586.0,1595.5999755859375,57,80.25,155.22999572753906,29.614999771118164,24.290000915527344,1219.6600341796875,,,,,,,0.076199796435314,0,0,0,0,0,0,0
2011-12-19,1596.4000244140625,1603.4000244140625,1589.699951171875,1594.4000244140625,92,80.25,154.8699951171875,28.82200050354004,24.920000076293945,1205.3499755859375,,,,,,,-0.2300571383305197,0,0,0,0,0,0,0
2011-12-20,1596.4000244140625,1617.0,1596.4000244140625,1615.5999755859375,215,79.87999725341797,156.97999572753906,29.496000289916992,23.219999313354492,1241.300048828125,,,,,,,-0.2076689666412236,0,0,0,0,0,0,0
2011-12-21,1615.5999755859375,1635.0,1608.300048828125,1611.9000244140625,38,80.0199966430664,157.16000366210938,29.197999954223633,21.43000030517578,1243.719970703125,,,,,,,0.4947619840889509,0,0,0,0,0,0,0
2011-12-22,1608.800048828125,1610.0,1601.9000244140625,1608.9000244140625,599,79.91999816894531,156.0399932861328,29.000999450683594,21.15999984741211,1254.0,,,,,,,-0.5798892773505674,0,0,0,0,0,0,0
2011-12-23,1612.0,1612.800048828125,1604.699951171875,1604.699951171875,62,80.01000213623047,156.30999755859375,29.04599952697754,20.729999542236328,1265.3299560546875,,,,,,,0.41811797034175957,0,0,0,0,0,0,0
2011-12-27,1599.0,1599.0,1592.5999755859375,1594.199951171875,52,79.79000091552734,154.91000366210938,28.69700050354004,21.90999984741211,1265.4300537109375,,,,,,,-0.1437848239709946,0,0,0,0,0,0,0
2011-12-28,1584.9000244140625,1588.5999755859375,1561.300048828125,1562.9000244140625,763,80.48999786376953,151.02999877929688,27.191999435424805,23.520000457763672,1249.6400146484375,,,,,,,-1.4284749998469117,0,0,0,0,0,0,0
2011-12-29,1559.300048828125,1559.300048828125,1525.0,1539.9000244140625,866,80.4800033569336,150.33999633789062,27.27400016784668,22.649999618530273,1263.02001953125,,,,,,,0.955180083044005,0,0,0,0,0,0,0
2011-12-30,1549.4000244140625,1579.5,1547.9000244140625,1565.800048828125,289,80.16999816894531,151.99000549316406,27.875,23.399999618530273,1257.5999755859375,,,,,,,-0.37184750492810964,0,0,0,0,0,0,0
2012-01-03,1568.9000244140625,1604.300048828125,1566.0,1599.699951171875,229,79.61000061035156,155.9199981689453,29.533000946044922,22.969999313354492,1277.06005859375,,,,,,,0.5768145507422243,0,0,0,0,0,0,0
2012-01-04,1596.5999755859375,1618.5999755859375,1594.5,1611.9000244140625,172,80.08999633789062,156.7100067138672,29.062999725341797,22.219999313354492,1277.300048828125,,,,,,,-0.0011338254063295143,0,0,0,0,0,0,0
2012-01-05,1610.800048828125,1624.0999755859375,1597.800048828125,1619.4000244140625,362,80.94000244140625,157.77999877929688,29.264999389648438,21.479999542236328,1281.06005859375,,,,,,,0.4978198362853139,0,0,0,0,0,0,0
2012-01-06,1622.5,1627.800048828125,1616.0999755859375,1616.0999755859375,20,81.23999786376953,157.1999969482422,28.652999877929688,20.6299991607666,1277.81005859375,,,,,,,0.10791308280990444,0,0,0,0,0,0,0
2012-01-09,1614.300048828125,1620.0999755859375,1607.5,1607.5,8,81.05000305175781,156.5,28.749000549316406,21.06999969482422,1280.699951171875,,,,,,,0.3139822758836505,0,0,0,0,0,0,0
2012-01-10,1619.9000244140625,1638.0,1619.9000244140625,1631.0,47,80.80000305175781,158.63999938964844,29.783000946044922,20.690000534057617,1292.0799560546875,,,,,,,0.11720194315218797,0,0,0,0,0,0,0
2012-01-11,1634.800048828125,1645.4000244140625,1633.800048828125,1639.199951171875,65,81.3499984741211,159.6699981689453,29.857999801635742,21.049999237060547,1292.47998046875,,,,,,,0.47844781584292867,0,0,0,0,0,0,0
2012-01-12,1645.199951171875,1656.0999755859375,1645.199951171875,1647.300048828125,84,80.7699966430664,160.3800048828125,30.091999053955078,20.469999313354492,1295.5,,,,,,,0.34988262487189026,0,0,0,0,0,0,0
2012-01-13,1638.9000244140625,1643.4000244140625,1630.4000244140625,1630.4000244140625,368,81.43000030517578,159.25999450683594,29.493000030517578,20.90999984741211,1289.0899658203125,,,,,,,1.120983215463822,0,0,0,0,0,0,0
2012-01-17,1643.699951171875,1657.800048828125,1642.0999755859375,1655.199951171875,16,81.18000030517578,160.5,30.106000900268555,22.200000762939453,1293.6700439453125,,,,,,,-0.6159563825112411,0,0,0,0,0,0,0
2012-01-18,1654.0,1660.300048828125,1654.0,1659.5,11,80.5999984741211,161.60000610351562,30.513999938964844,20.889999389648438,1308.0400390625,,,,,,,0.3747522800495704,0,0,0,0,0,0,0
2012-01-19,1663.0,1664.4000244140625,1653.5,1654.0999755859375,58,80.20999908447266,161.22000122070312,30.48200035095215,19.8700008392334,1314.5,,,,,,,0.6254920252603097,0,0,0,0,0,0,0
2012-01-20,1652.800048828125,1664.300048828125,1652.800048828125,1663.699951171875,8,80.22000122070312,162.07000732421875,31.64699935913086,18.280000686645508,1315.3800048828125,,,,,,,0.4845127536632116,0,0,0,0,0,0,0
2012-01-23,1676.9000244140625,1680.0,1669.9000244140625,1678.0,10,79.69000244140625,163.16000366210938,32.233001708984375,18.670000076293945,1316.0,,,,,,,0.060416320142538255,0,0,0,0,0,0,0
2012-01-24,1666.9000244140625,1668.199951171875,1664.199951171875,1664.199951171875,5,79.86000061035156,162.00999450683594,31.930999755859375,18.90999984741211,1314.6500244140625,,,,,,,0.3652793456094917,0,0,0,0,0,0,0
2012-01-25,1673.0,1706.199951171875,1672.0,1699.800048828125,239,79.56999969482422,166.4199981689453,33.09199905395508,18.309999465942383,1326.06005859375,,,,,,,1.7386829178242396,0,0,0,0,0,0,0
2012-01-26,1729.0,1729.0,1721.0,1726.300048828125,16,79.41000366210938,167.27000427246094,33.70199966430664,18.56999969482422,1318.4300537109375,,,,,,,-0.7793431003769985,0,0,0,0,0,0,0
2012-01-27,1727.0,1734.0999755859375,1727.0,1731.800048828125,175023,78.9000015258789,168.97000122070312,33.74700164794922,18.530000686645508,1316.3299560546875,,,,,,,0.889486176072682,0,0,0,0,0,0,0
2012-01-30,1737.199951171875,1739.9000244140625,1715.699951171875,1731.0,53427,79.16000366210938,168.02999877929688,33.49700164794922,19.399999618530273,1313.010009765625,,,,,,,-0.35155899499955073,0,0,0,0,0,0,0
2012-01-31,1731.699951171875,1747.699951171875,1725.0,1737.800048828125,7540,79.27999877929688,169.30999755859375,33.233001708984375,19.440000534057617,1312.4100341796875,,,,,,,0.5249127549217307,0,0,0,0,0,0,0
2012-02-01,1738.199951171875,1751.0999755859375,1734.0,1747.0999755859375,2027,78.91999816894531,169.55999755859375,33.77799987792969,18.549999237060547,1324.0899658203125,,,,,,,-0.4090511089428468,0,0,0,0,0,0,0
2012-02-02,1745.0999755859375,1761.0999755859375,1742.9000244140625,1756.800048828125,2062,78.97000122070312,171.0500030517578,34.1510009765625,17.979999542236328,1325.5400390625,,,,,,,0.3928165980644302,0,0,0,0,0,0,0
2012-02-03,1758.699951171875,1761.300048828125,1724.5,1737.9000244140625,543,78.94000244140625,167.63999938964844,33.724998474121094,17.100000381469727,1344.9000244140625,,,,,,,-1.8232268688271556,0,0,0,0,0,0,0
2012-02-06,1728.0,1738.300048828125,1713.300048828125,1722.800048828125,726,79.08999633789062,167.17999267578125,33.72200012207031,17.760000228881836,1344.3299560546875,,,,,,,-0.3606988641705598,0,0,0,0,0,0,0
2012-02-07,1722.0,1748.0,1713.199951171875,1746.4000244140625,272,78.56999969482422,169.6999969482422,34.165000915527344,17.649999618530273,1347.050048828125,,,,,,,-0.024123645195573768,0,0,0,0,0,0,0
2012-02-08,1744.0,1751.5,1728.199951171875,1729.300048828125,955,78.63999938964844,168.5,33.67300033569336,18.15999984741211,1349.9599609375,,,,,,,0.6665007533102244,0,0,0,0,0,0,0
2012-02-09,1731.4000244140625,1749.699951171875,1726.0999755859375,1739.0,119,78.55999755859375,168.02000427246094,33.88399887084961,18.6299991607666,1351.949951171875,,,,,,,-1.4345765226919187,0,0,0,0,0,0,0
2012-02-10,1732.699951171875,1734.4000244140625,1706.4000244140625,1723.300048828125,248,79.11000061035156,167.13999938964844,33.57600021362305,20.790000915527344,1342.6400146484375,,,,,,,-0.5601292279207474,0,0,0,0,0,0,0
2012-02-13,1725.0,1733.0,1718.4000244140625,1723.0,104,78.94000244140625,167.50999450683594,33.69599914550781,19.040000915527344,1351.77001953125,,,,,,,0.07850769880045615,0,0,0,0,0,0,0
2012-02-14,1720.0,1724.9000244140625,1715.0,1715.9000244140625,94,79.58000183105469,167.1199951171875,33.32600021362305,19.540000915527344,1350.5,,,,,,,0.5545511115588917,0,0,0,0,0,0,0
2012-02-15,1723.5999755859375,1737.0,1723.5999755859375,1726.300048828125,110,79.66999816894531,168.11000061035156,33.38600158691406,21.139999389648438,1343.22998046875,,,,,,,0.5205908672093431,0,0,0,0,0,0,0
2012-02-16,1718.4000244140625,1728.4000244140625,1707.0,1726.800048828125,38,79.33999633789062,168.0,33.354000091552734,19.219999313354492,1358.0400390625,,,,,,,0.2690409847829879,0,0,0,0,0,0,0
2012-02-17,1733.5999755859375,1735.0999755859375,1718.800048828125,1724.5,80,79.33000183105469,167.35000610351562,33.20000076293945,17.780000686645508,1361.22998046875,,,,,,,-0.4302969656836502,0,0,0,0,0,0,0
2012-02-21,1736.0999755859375,1760.0,1733.5999755859375,1757.0999755859375,115,79.04000091552734,171.02000427246094,34.41299819946289,18.190000534057617,1362.2099609375,,,,,,,0.36375788776975204,0,0,0,0,0,0,0
2012-02-22,1758.699951171875,1781.9000244140625,1750.0,1770.0,161,79.20999908447266,172.94000244140625,34.23899841308594,18.190000534057617,1357.6600341796875,,,,,,,1.3630112791551485,0,0,0,0,0,0,0
2012-02-23,1774.0,1786.0,1773.0,1784.9000244140625,298,78.80999755859375,173.02000427246094,35.54399871826172,16.799999237060547,1363.4599609375,,,,,,,-0.7243636237601743,0,0,0,0,0,0,0
2012-02-24,1778.5,1780.699951171875,1771.300048828125,1775.0999755859375,129,78.3499984741211,172.22999572753906,35.332000732421875,17.309999465942383,1365.739990234375,,,,,,,-0.47355536336253706,0,0,0,0,0,0,0
2012-02-27,1773.5999755859375,1775.5999755859375,1768.0999755859375,1773.5999755859375,841,78.55999755859375,171.6999969482422,35.51599884033203,18.190000534057617,1367.5899658203125,,,,,,,-1.038603235558107,0,0,0,0,0,0,0
2012-02-28,1767.9000244140625,1789.4000244140625,1767.9000244140625,1787.0,306,78.2699966430664,173.49000549316406,37.13999938964844,17.959999084472656,1372.1800537109375,,,,,,,-0.2997315723320112,0,0,0,0,0,0,0
2012-02-29,1789.9000244140625,1790.4000244140625,1669.0,1709.9000244140625,359,78.7300033569336,164.2899932861328,34.58300018310547,18.43000030517578,1365.6800537109375,,,,,,,-2.776745115861105,0,0,0,0,0,0,0
2012-03-01,1698.5999755859375,1724.5999755859375,1698.5999755859375,1721.0999755859375,214,78.77999877929688,166.61000061035156,35.611000061035156,17.260000228881836,1374.0899658203125,,,,,,,-0.9119670379560352,0,0,0,0,0,0,0
2012-03-02,1723.0,1723.0,1705.199951171875,1708.800048828125,135,79.4000015258789,166.33999633789062,34.48099899291992,17.290000915527344,1369.6300048828125,,,,,,,0.458159405417536,0,0,0,0,0,0,0
2012-03-05,1705.5,1709.5,1695.4000244140625,1703.0,421,79.31999969482422,165.64999389648438,33.6510009765625,18.049999237060547,1364.3299560546875,,,,,,,0.2959412342800453,0,0,0,0,0,0,0
2012-03-06,1708.699951171875,1708.699951171875,1666.0,1671.4000244140625,176,79.86000061035156,162.6999969482422,32.74100112915039,20.8700008392334,1343.3599853515625,,,,,,,0.4808289719157581,0,0,0,0,0,0,0
2012-03-07,1676.0,1684.0,1673.0999755859375,1683.300048828125,39,79.70999908447266,163.6300048828125,33.542999267578125,19.06999969482422,1352.6300048828125,,,,,,,0.11037608864770829,0,0,0,0,0,0,0
2012-03-08,1686.4000244140625,1702.4000244140625,1686.4000244140625,1698.0999755859375,301,79.16000366210938,165.27999877929688,33.78900146484375,17.950000762939453,1365.9100341796875,,,,,,,0.4355805873636021,0,0,0,0,0,0,0
2012-03-09,1698.800048828125,1710.9000244140625,1680.699951171875,1710.9000244140625,73,80.04000091552734,166.3800048828125,34.17499923706055,17.110000610351562,1370.8699951171875,,,,,,,0.21540078602286328,0,0,0,0,0,0,0
2012-03-12,1708.0999755859375,1708.0999755859375,1694.9000244140625,1699.199951171875,98,79.87000274658203,165.07000732421875,33.374000549316406,15.640000343322754,1371.0899658203125,,,,,,,-0.052555518030976765,0,0,0,0,0,0,0
2012-03-13,1698.4000244140625,1698.4000244140625,1685.0999755859375,1693.699951171875,47,80.19000244140625,162.3000030517578,33.54399871826172,14.800000190734863,1395.949951171875,,,,,,,-3.1567230984600805,0,0,0,0,0,0,0
2012-03-14,1676.9000244140625,1681.0,1637.4000244140625,1642.5,201,80.55999755859375,159.57000732421875,32.14699935913086,15.3100004196167,1394.280029296875,,,,,,,0.021305459393670706,0,0,0,0,0,0,0
2012-03-15,1646.300048828125,1660.199951171875,1640.0,1659.0999755859375,405,80.1500015258789,161.0800018310547,32.69300079345703,15.420000076293945,1402.5999755859375,,,,,,,-0.22089823888922847,0,0,0,0,0,0,0
2012-03-16,1660.0,1661.4000244140625,1641.300048828125,1655.5,317,79.77999877929688,161.3000030517578,32.573001861572266,14.470000267028809,1404.1700439453125,,,,,,,0.7185327087188697,0,0,0,0,0,0,0
2012-03-19,1661.199951171875,1668.0,1652.0999755859375,1666.9000244140625,462,79.44999694824219,161.58999633789062,32.92599868774414,15.039999961853027,1409.75,,,,,,,-0.7101232467131832,0,0,0,0,0,0,0
2012-03-20,1648.0999755859375,1652.300048828125,1642.0,1646.699951171875,250,79.58999633789062,160.1300048828125,31.80500030517578,15.579999923706055,1405.52001953125,,,,,,,0.16825532695646114,0,0,0,0,0,0,0
2012-03-21,1657.800048828125,1660.0,1646.0999755859375,1650.0,546,79.62999725341797,160.2100067138672,32.19900131225586,15.130000114440918,1402.8900146484375,,,,,,,-0.25304608165124315,0,0,0,0,0,0,0
2012-03-22,1648.0,1649.4000244140625,1633.800048828125,1642.300048828125,321,79.73999786376953,159.57000732421875,31.319000244140625,15.569999694824219,1392.780029296875,,,,,,,-0.06306162200270687,0,0,0,0,0,0,0
2012-03-23,1652.5,1665.0999755859375,1646.300048828125,1662.300048828125,76,79.33999633789062,161.52999877929688,32.24800109863281,14.819999694824219,1397.1099853515625,,,,,,,-0.018971706195527644,0,0,0,0,0,0,0
2012-03-26,1665.0,1692.9000244140625,1657.800048828125,1685.5,84,78.93000030517578,164.39999389648438,32.72600173950195,14.260000228881836,1416.510009765625,,,,,,,1.0147491833857456,0,0,0,0,0,0,0
2012-03-27,1687.800048828125,1690.800048828125,1684.4000244140625,1684.800048828125,100,79.04000091552734,163.24000549316406,32.60100173950195,15.59000015258789,1412.52001953125,,,,,,,-0.8382573703181321,0,0,0,0,0,0,0
2012-03-28,1670.0999755859375,1670.0999755859375,1657.9000244140625,1657.9000244140625,193107,79.16000366210938,161.50999450683594,31.81599998474121,15.470000267028809,1405.5400390625,,,,,,,0.6767505304505259,0,0,0,0,0,0,0
2012-03-29,1661.800048828125,1664.5,1644.300048828125,1652.199951171875,47342,79.18000030517578,161.27999877929688,31.97800064086914,15.479999542236328,1403.280029296875,,,,,,,1.2098575134854415,0,0,0,0,0,0,0
2012-03-30,1660.5999755859375,1670.0,1659.0,1669.300048828125,9825,78.93000030517578,162.1199951171875,32.46900177001953,15.5,1408.469970703125,,,,,,,-0.2133795614272004,0,0,0,0,0,0,0
2012-04-02,1670.4000244140625,1682.800048828125,1662.0,1677.5,2531,78.81999969482422,162.94000244140625,33.08300018310547,15.640000343322754,1419.0400390625,,,,,,,-0.17502554794281955,0,0,0,0,0,0,0
2012-04-03,1677.5999755859375,1679.5,1638.699951171875,1670.0,1165,79.4800033569336,159.88999938964844,33.25,15.65999984741211,1413.3800048828125,,,,,,,-3.708235315013838,0,0,0,0,0,0,0
2012-04-04,1646.5,1647.0,1612.300048828125,1612.300048828125,1122,79.76000213623047,157.2100067138672,31.02899932861328,16.440000534057617,1398.9599609375,,,,,,,0.8746096868875597,0,0,0,0,0,0,0
2012-04-05,1620.800048828125,1633.199951171875,1620.4000244140625,1628.5,289,80.06999969482422,158.30999755859375,31.715999603271484,16.700000762939453,1398.0799560546875,,,,,,,0.12081160799890549,0,0,0,0,0,0,0
2012-04-09,1645.300048828125,1646.4000244140625,1636.5,1642.5,158,79.7300033569336,159.3699951171875,31.51300048828125,18.809999465942383,1382.199951171875,,,,,,,-0.34568763935154595,0,0,0,0,0,0,0
2012-04-10,1649.0,1661.699951171875,1636.199951171875,1659.5,350,79.88999938964844,161.10000610351562,31.670000076293945,20.389999389648438,1358.5899658203125,,,,,,,-0.20838627018681224,0,0,0,0,0,0,0
2012-04-11,1654.800048828125,1659.699951171875,1654.699951171875,1659.0,426,79.77999877929688,161.07000732421875,31.51099967956543,20.020000457763672,1368.7099609375,,,,,,,-0.17203534004669116,0,0,0,0,0,0,0
2012-04-12,1660.0,1680.0999755859375,1650.0,1679.5,1309,79.27999877929688,162.6999969482422,32.51499938964844,17.200000762939453,1387.5699462890625,,,,,,,-0.708627253044148,0,0,0,0,0,0,0
2012-04-13,1673.300048828125,1674.800048828125,1650.0,1659.0999755859375,220,79.87999725341797,160.85000610351562,31.3799991607666,19.549999237060547,1370.260009765625,,,,,,,-0.49381344862643084,0,0,0,0,0,0,0
2012-04-16,1650.800048828125,1656.800048828125,1641.199951171875,1648.699951171875,717,79.55000305175781,160.4600067138672,31.36400032043457,19.549999237060547,1369.5699462890625,,,,,,,0.5053599889658766,0,0,0,0,0,0,0
2012-04-17,1652.0,1652.9000244140625,1637.0,1650.300048828125,69,79.47000122070312,160.25,31.665000915527344,18.459999084472656,1390.780029296875,,,,,,,-0.08639748127572607,0,0,0,0,0,0,0
2012-04-18,1653.199951171875,1653.300048828125,1638.0999755859375,1638.800048828125,273,79.52999877929688,159.30999755859375,31.47800064086914,18.639999389648438,1385.1400146484375,,,,,,,0.20673898828251655,0,0,0,0,0,0,0
2012-04-19,1642.0999755859375,1653.0999755859375,1632.0,1640.5999755859375,77,79.55999755859375,159.42999267578125,31.770999908447266,18.360000610351562,1376.9200439453125,,,,,,,0.13074766776590918,0,0,0,0,0,0,0
2012-04-20,1641.699951171875,1645.5999755859375,1640.9000244140625,1642.0999755859375,54,79.18000030517578,159.5399932861328,31.643999099731445,17.440000534057617,1378.530029296875,,,,,,,0.08393497043650079,0,0,0,0,0,0,0
2012-04-23,1642.4000244140625,1642.4000244140625,1625.0999755859375,1631.9000244140625,226,79.41999816894531,159.07000732421875,30.524999618530273,18.969999313354492,1366.93994140625,,,,,,,0.925163047735196,0,0,0,0,0,0,0
2012-04-24,1634.4000244140625,1648.5999755859375,1634.4000244140625,1643.0,123,79.22000122070312,159.3000030517578,30.739999771118164,18.100000381469727,1371.969970703125,,,,,,,-0.4424893239582065,0,0,0,0,0,0,0
2012-04-25,1641.300048828125,1643.800048828125,1626.9000244140625,1641.4000244140625,82,79.01000213623047,159.6199951171875,30.35099983215332,16.81999969482422,1390.68994140625,,,,,,,0.37207143654127367,0,0,0,0,0,0,0
2012-04-26,1658.300048828125,1659.5999755859375,1658.300048828125,1659.5999755859375,280,78.91000366210938,161.02999877929688,31.202999114990234,16.239999771118164,1399.97998046875,,,,,,,-0.23510275863792496,0,0,0,0,0,0,0
2012-04-27,1654.5,1666.9000244140625,1654.0,1664.0,236,78.69999694824219,161.3800048828125,31.347000122070312,16.31999969482422,1403.3599853515625,,,,,,,-0.34183885802118474,0,0,0,0,0,0,0
2012-04-30,1663.0,1665.699951171875,1653.0,1663.4000244140625,36,78.79000091552734,161.8800048828125,30.958999633789062,17.149999618530273,1397.9100341796875,,,,,,,0.5889018263887505,0,0,0,0,0,0,0
2012-05-01,1665.0,1670.5,1661.699951171875,1661.699951171875,25,78.86000061035156,161.32000732421875,30.87700080871582,16.600000381469727,1405.8199462890625,,,,,,,-0.061769364834644444,0,0,0,0,0,0,0
2012-05-02,1659.199951171875,1659.199951171875,1648.300048828125,1653.4000244140625,50,79.12999725341797,160.58999633789062,30.591999053955078,16.8799991607666,1402.31005859375,,,,,,,0.06419128323160288,0,0,0,0,0,0,0
2012-05-03,1651.199951171875,1652.199951171875,1631.300048828125,1634.199951171875,78,79.22000122070312,158.97000122070312,29.958999633789062,17.559999465942383,1391.5699462890625,,,,,,,0.492213722599001,0,0,0,0,0,0,0
2012-05-04,1635.699951171875,1645.5999755859375,1629.4000244140625,1644.699951171875,68,79.47000122070312,159.47000122070312,30.3799991607666,19.15999984741211,1369.0999755859375,,,,,,,-0.438511837787043,0,0,0,0,0,0,0
2012-05-07,1637.9000244140625,1640.0,1632.5999755859375,1638.5999755859375,21,79.5999984741211,159.0800018310547,30.07200050354004,18.940000534057617,1369.5799560546875,,,,,,,-0.0834381844232137,0,0,0,0,0,0,0
2012-05-08,1636.699951171875,1636.699951171875,1596.0,1604.0,154,79.7300033569336,156.0,29.413999557495117,19.049999237060547,1363.719970703125,,,,,,,0.4175975017592132,0,0,0,0,0,0,0
2012-05-09,1595.300048828125,1595.300048828125,1586.300048828125,1593.699951171875,30,80.08000183105469,154.47000122070312,29.19700050354004,20.079999923706055,1354.5799560546875,,,,,,,-0.5233197418749123,0,0,0,0,0,0,0
2012-05-10,1594.199951171875,1595.0999755859375,1592.4000244140625,1595.0999755859375,6,80.11000061035156,154.77000427246094,29.13599967956543,18.829999923706055,1357.989990234375,,,,,,,-0.24580140535855338,0,0,0,0,0,0,0
2012-05-11,1586.0999755859375,1589.5999755859375,1583.5999755859375,1583.5999755859375,6,80.27999877929688,153.55999755859375,28.857999801635742,19.889999389648438,1353.3900146484375,,,,,,,-0.4210452206666223,0,0,0,0,0,0,0
2012-05-14,1563.0,1563.0999755859375,1555.5,1560.5999755859375,5,80.5999984741211,151.3300018310547,28.319000244140625,21.8700008392334,1338.3499755859375,,,,,,,-0.40848533026689504,0,0,0,0,0,0,0
2012-05-15,1555.4000244140625,1558.300048828125,1542.4000244140625,1556.800048828125,28,81.22000122070312,149.74000549316406,28.054000854492188,21.969999313354492,1330.6600341796875,,,,,,,-2.5448807450358704,0,0,0,0,0,0,0
2012-05-16,1541.4000244140625,1541.4000244140625,1528.5,1536.199951171875,26,81.37000274658203,149.4600067138672,27.170000076293945,22.270000457763672,1324.800048828125,,,,,,,0.5809918930550576,0,0,0,0,0,0,0
2012-05-17,1546.9000244140625,1579.0,1546.9000244140625,1574.5,51,81.37999725341797,152.8000030517578,27.996000289916992,24.489999771118164,1304.8599853515625,,,,,,,-0.10154779988960196,0,0,0,0,0,0,0
2012-05-18,1573.699951171875,1591.5999755859375,1568.199951171875,1591.5999755859375,26,81.29000091552734,154.5500030517578,28.694000244140625,25.100000381469727,1295.219970703125,,,,,,,0.056798459688685916,0,0,0,0,0,0,0
2012-05-21,1591.9000244140625,1594.0999755859375,1588.4000244140625,1588.4000244140625,32,81.08000183105469,154.64999389648438,28.304000854492188,22.010000228881836,1315.989990234375,,,,,,,0.7870884504791053,0,0,0,0,0,0,0
2012-05-22,1575.699951171875,1578.0999755859375,1568.4000244140625,1576.300048828125,27,81.66999816894531,152.0800018310547,28.165000915527344,22.479999542236328,1316.6300048828125,,,,,,,-1.6615832206006822,0,0,0,0,0,0,0
2012-05-23,1538.199951171875,1548.0999755859375,1534.4000244140625,1548.0999755859375,6,82.08999633789062,151.6199951171875,27.507999420166016,22.329999923706055,1318.8599853515625,,,,,,,2.3295660616889626,0,0,0,0,0,0,0
2012-05-24,1559.0,1569.4000244140625,1551.5,1557.300048828125,23,82.29000091552734,151.41000366210938,28.142000198364258,21.540000915527344,1320.6800537109375,,,,,,,0.3856184868044701,0,0,0,0,0,0,0
2012-05-25,1558.199951171875,1568.800048828125,1557.300048828125,1568.800048828125,7,82.4000015258789,152.67999267578125,28.3700008392334,21.760000228881836,1317.8199462890625,,,,,,,0.6266611629474409,0,0,0,0,0,0,0
2012-05-29,1574.699951171875,1582.5,1548.5999755859375,1548.5999755859375,259050,82.44000244140625,151.02000427246094,27.767000198364258,21.030000686645508,1332.4200439453125,,,,,,,1.1317835508874046,0,0,0,0,0,0,0
2012-05-30,1553.9000244140625,1569.0,1530.4000244140625,1563.4000244140625,79887,83.01000213623047,151.91000366210938,27.961999893188477,24.139999389648438,1313.3199462890625,,,,,,,0.14466113611000714,0,0,0,0,0,0,0
2012-05-31,1562.699951171875,1572.5999755859375,1551.800048828125,1562.5999755859375,5901,83.04000091552734,151.6199951171875,27.740999221801758,24.059999465942383,1310.3299560546875,,,,,,,-0.2562898338937288,0,0,0,0,0,0,0
2012-06-01,1560.0,1630.0,1545.5,1620.5,2820,82.88999938964844,157.5,28.496999740600586,26.65999984741211,1278.0400390625,,,,,,,0.2170758532019659,0,0,0,0,0,0,0
2012-06-04,1623.0,1627.9000244140625,1609.0,1612.199951171875,2134,82.55000305175781,157.32000732421875,27.992000579833984,26.1200008392334,1278.1800537109375,,,,,,,1.3097320258354028,0,0,0,0,0,0,0
2012-06-05,1619.300048828125,1622.699951171875,1612.9000244140625,1615.199951171875,604,82.80000305175781,157.13999938964844,28.389999389648438,24.68000030517578,1285.5,,,,,,,0.4775263303154977,0,0,0,0,0,0,0
2012-06-06,1619.699951171875,1639.699951171875,1616.5,1632.800048828125,419,82.31999969482422,157.2100067138672,29.47599983215332,22.15999984741211,1315.1300048828125,,,,,,,-2.256046289384184,0,0,0,0,0,0,0
2012-06-07,1622.5999755859375,1627.199951171875,1581.9000244140625,1586.5999755859375,1200,82.05000305175781,154.5,28.518999099731445,21.719999313354492,1314.989990234375,,,,,,,0.7404118771791794,0,0,0,0,0,0,0
2012-06-08,1589.9000244140625,1593.9000244140625,1566.5,1590.0999755859375,157,82.51000213623047,154.72999572753906,28.461000442504883,21.229999542236328,1325.6600341796875,,,,,,,0.546509154534038,0,0,0,0,0,0,0
2012-06-11,1608.0,1608.0,1583.0,1595.5,129,82.51000213623047,155.36000061035156,28.606000900268555,23.559999465942383,1308.9300537109375,,,,,,,0.7126078895284953,0,0,0,0,0,0,0
2012-06-12,1594.0999755859375,1612.800048828125,1588.5,1612.699951171875,523,82.41000366210938,156.4600067138672,28.94300079345703,22.09000015258789,1324.1800537109375,,,,,,,-0.3442747135522394,0,0,0,0,0,0,0
2012-06-13,1608.199951171875,1622.4000244140625,1608.199951171875,1618.0999755859375,655,82.05000305175781,157.1199951171875,28.934999465942383,24.270000457763672,1314.8800048828125,,,,,,,-0.08635402700347092,0,0,0,0,0,0,0
2012-06-14,1621.199951171875,1626.4000244140625,1610.0999755859375,1618.4000244140625,493,81.9000015258789,157.75,28.400999069213867,21.68000030517578,1329.0999755859375,,,,,,,1.014630249418697,0,0,0,0,0,0,0
2012-06-15,1624.300048828125,1630.0,1621.5,1627.0,1015,81.58999633789062,157.83999633789062,28.733999252319336,21.110000610351562,1342.8399658203125,,,,,,,-0.35292379122521056,0,0,0,0,0,0,0
2012-06-18,1622.5999755859375,1627.5999755859375,1615.0,1625.699951171875,246,81.94000244140625,157.92999267578125,28.665000915527344,18.31999969482422,1344.780029296875,,,,,,,0.04007914353093601,0,0,0,0,0,0,0
2012-06-19,1629.800048828125,1630.699951171875,1622.0,1622.199951171875,32,81.37000274658203,157.16000366210938,28.36199951171875,18.3799991607666,1357.97998046875,,,,,,,-0.7449604860567814,0,0,0,0,0,0,0
2012-06-20,1618.300048828125,1618.300048828125,1601.300048828125,1614.800048828125,140,81.48999786376953,155.97000122070312,28.382999420166016,17.239999771118164,1355.68994140625,,,,,,,-1.574406807195443,0,0,0,0,0,0,0
2012-06-21,1603.199951171875,1603.300048828125,1564.5,1564.5,29,82.31999969482422,152.02000427246094,26.83300018310547,20.079999923706055,1325.510009765625,,,,,,,0.1468003332846294,0,0,0,0,0,0,0
2012-06-22,1565.5,1568.4000244140625,1560.0,1566.0,16,82.22000122070312,152.63999938964844,26.656999588012695,18.110000610351562,1335.02001953125,,,,,,,1.0219550105174908,0,0,0,0,0,0,0
2012-06-25,1574.9000244140625,1587.5,1571.0,1587.5,32,82.45999908447266,153.75999450683594,27.51799964904785,20.3799991607666,1313.719970703125,,,,,,,-0.7587899271306515,0,0,0,0,0,0,0
2012-06-26,1583.5,1583.5,1567.699951171875,1574.0,104,82.37000274658203,152.6199951171875,27.03700065612793,19.719999313354492,1319.989990234375,,,,,,,-0.44774863352272687,0,0,0,0,0,0,0
2012-06-27,1567.0,1577.5,1563.0,1577.5,220,82.55999755859375,152.8300018310547,26.94099998474121,19.450000762939453,1331.8499755859375,,,,,,,-0.6678761073522259,0,0,0,0,0,0,0
2012-06-28,1573.699951171875,1573.699951171875,1548.4000244140625,1549.699951171875,133,82.66999816894531,151.0500030517578,26.246999740600586,19.709999084472656,1329.0400390625,,,,,,,1.1035774533367928,0,0,0,0,0,0,0
2012-06-29,1562.5999755859375,1603.5,1561.9000244140625,1603.5,61,81.6500015258789,155.19000244140625,27.579999923706055,17.079999923706055,1362.1600341796875,,,,,,,-0.9419155393735598,0,0,0,0,0,0,0
2012-07-02,1597.0999755859375,1598.300048828125,1589.699951171875,1597.199951171875,35,81.87000274658203,155.08999633789062,27.468000411987305,16.799999237060547,1365.510009765625,,,,,,,0.01145253990854317,0,0,0,0,0,0,0
2012-07-03,1603.800048828125,1624.0,1603.800048828125,1621.300048828125,44,81.77999877929688,157.4600067138672,28.243000030517578,16.65999984741211,1374.02001953125,,,,,,,0.0013935540874187048,0,0,0,0,0,0,0
2012-07-05,1618.5,1619.199951171875,1598.0,1608.9000244140625,27,82.80999755859375,155.67999267578125,27.63800048828125,17.5,1367.5799560546875,,,,,,,-1.2084109062659256,0,0,0,0,0,0,0
2012-07-06,1592.300048828125,1593.800048828125,1578.4000244140625,1578.4000244140625,15,83.29000091552734,153.7100067138672,26.888999938964844,17.100000381469727,1354.6800537109375,,,,,,,0.9496524976204689,0,0,0,0,0,0,0
2012-07-09,1582.0999755859375,1588.5999755859375,1580.9000244140625,1588.5999755859375,5,83.16000366210938,154.0399932861328,27.410999298095703,17.979999542236328,1352.4599609375,,,,,,,-0.4968743210939823,0,0,0,0,0,0,0
2012-07-10,1599.199951171875,1599.800048828125,1567.5999755859375,1579.300048828125,12,83.36000061035156,152.14999389648438,26.85099983215332,18.719999313354492,1341.469970703125,,,,,,,-2.490406560185476,0,0,0,0,0,0,0
2012-07-11,1577.4000244140625,1579.5,1575.199951171875,1575.199951171875,12,83.56999969482422,152.99000549316406,26.9950008392334,17.950000762939453,1341.449951171875,,,,,,,0.08625617989175323,0,0,0,0,0,0,0
2012-07-12,1569.300048828125,1574.699951171875,1557.199951171875,1564.9000244140625,44,83.6500015258789,152.58999633789062,27.13599967956543,18.329999923706055,1334.760009765625,,,,,,,1.3022197339125139,0,0,0,0,0,0,0
2012-07-13,1567.800048828125,1594.0999755859375,1567.800048828125,1591.5999755859375,26,83.30000305175781,154.13999938964844,27.3439998626709,16.739999771118164,1356.780029296875,,,,,,,-0.8450481400524206,0,0,0,0,0,0,0
2012-07-16,1586.199951171875,1591.199951171875,1585.800048828125,1591.199951171875,7,83.08999633789062,154.2100067138672,27.297000885009766,17.110000610351562,1353.6400146484375,,,,,,,-0.6028098619437371,0,0,0,0,0,0,0
2012-07-17,1596.0,1596.0,1576.300048828125,1589.0999755859375,27,83.02999877929688,153.47000122070312,27.29199981689453,16.479999542236328,1363.6700439453125,,,,,,,-1.6353794272925695,0,0,0,0,0,0,0
2012-07-18,1581.199951171875,1583.699951171875,1569.9000244140625,1570.4000244140625,30,82.94999694824219,153.0500030517578,27.070999145507812,16.15999984741211,1372.780029296875,,,,,,,1.1447195542340518,0,0,0,0,0,0,0
2012-07-19,1580.0,1586.9000244140625,1578.4000244140625,1580.0999755859375,60,82.9000015258789,153.3800048828125,27.194000244140625,15.449999809265137,1376.510009765625,,,,,,,-0.07517568520566359,0,0,0,0,0,0,0
2012-07-20,1583.9000244140625,1584.4000244140625,1576.0999755859375,1582.5,5,83.47000122070312,153.6699981689453,27.27899932861328,16.270000457763672,1362.6600341796875,,,,,,,0.04077406742387418,0,0,0,0,0,0,0
2012-07-23,1571.699951171875,1577.0999755859375,1569.800048828125,1577.0999755859375,4,83.70999908447266,153.02999877929688,27.018999099731445,18.6200008392334,1350.52001953125,,,,,,,-0.1699385221670949,0,0,0,0,0,0,0
2012-07-24,1574.0,1581.9000244140625,1574.0,1576.0,9,84.01000213623047,153.52000427246094,26.790000915527344,20.469999313354492,1338.31005859375,,,,,,,1.0064240633934423,0,0,0,0,0,0,0
2012-07-25,1583.699951171875,1608.0,1583.300048828125,1608.0,12,83.5199966430664,155.6699981689453,27.44499969482422,19.34000015258789,1337.8900146484375,,,,,,,-0.8708926519216338,0,0,0,0,0,0,0
2012-07-26,1614.9000244140625,1615.0,1614.0999755859375,1615.0,7,82.80999755859375,156.77000427246094,27.430999755859375,17.530000686645508,1360.02001953125,,,,,,,-0.04916468036576404,0,0,0,0,0,0,0
2012-07-27,1613.4000244140625,1617.9000244140625,1613.4000244140625,1617.9000244140625,197976,82.70999908447266,157.5399932861328,27.47800064086914,16.700000762939453,1385.969970703125,,,,,,,0.8778781089467101,0,0,0,0,0,0,0
2012-07-30,1622.9000244140625,1625.800048828125,1613.0999755859375,1619.699951171875,52890,82.79000091552734,157.42999267578125,28.013999938964844,18.030000686645508,1385.300048828125,,,,,,,0.3330643160886817,0,0,0,0,0,0,0
2012-07-31,1621.0999755859375,1627.5,1610.0,1610.5,6281,82.63999938964844,156.49000549316406,27.895000457763672,18.93000030517578,1379.3199462890625,,,,,,,0.23923147045481802,0,0,0,0,0,0,0
2012-08-01,1613.4000244140625,1617.199951171875,1592.0,1603.699951171875,3530,83.05999755859375,155.13999938964844,27.517000198364258,18.959999084472656,1375.3199462890625,,,,,,,-1.081577839532891,0,0,0,0,0,0,0
2012-08-02,1600.0,1615.0,1583.0999755859375,1587.4000244140625,933,83.33000183105469,154.1300048828125,26.981000900268555,17.56999969482422,1365.0,,,,,,,0.038907169175519556,0,0,0,0,0,0,0
2012-08-03,1589.300048828125,1606.0,1585.0999755859375,1606.0,676,82.37999725341797,155.5500030517578,27.790000915527344,15.640000343322754,1390.989990234375,,,,,,,-0.7041093737428321,0,0,0,0,0,0,0
2012-08-06,1604.699951171875,1614.0999755859375,1603.199951171875,1612.9000244140625,662,82.2699966430664,156.3000030517578,27.851999282836914,15.949999809265137,1394.22998046875,,,,,,,-0.5364583084405158,0,0,0,0,0,0,0
2012-08-07,1610.800048828125,1615.699951171875,1609.300048828125,1609.699951171875,449,82.20999908447266,156.27999877929688,28.075000762939453,15.989999771118164,1401.3499755859375,,,,,,,0.031644937006309694,0,0,0,0,0,0,0
2012-08-08,1610.199951171875,1614.800048828125,1603.0,1612.9000244140625,341,82.38999938964844,156.47999572753906,28.066999435424805,15.319999694824219,1402.219970703125,,,,,,,-0.1868349521273429,0,0,0,0,0,0,0
2012-08-09,1612.800048828125,1617.199951171875,1610.0999755859375,1617.0999755859375,433,82.63999938964844,156.99000549316406,28.09000015258789,15.279999732971191,1402.800048828125,,,,,,,0.008247135173268659,0,0,0,0,0,0,0
2012-08-10,1615.800048828125,1624.0999755859375,1605.0,1619.699951171875,1219,82.55000305175781,157.17999267578125,28.05500030517578,14.739999771118164,1405.8699951171875,,,,,,,-0.1156770873952429,0,0,0,0,0,0,0
2012-08-13,1622.0,1623.699951171875,1607.300048828125,1609.5999755859375,402,82.44000244140625,155.99000549316406,27.760000228881836,13.699999809265137,1404.1099853515625,,,,,,,-0.519129005068605,0,0,0,0,0,0,0
2012-08-14,1612.800048828125,1615.5999755859375,1591.199951171875,1599.4000244140625,910,82.4800033569336,155.1300048828125,27.756000518798828,14.850000381469727,1403.9300537109375,,,,,,,-0.3301428000470477,0,0,0,0,0,0,0
2012-08-15,1593.800048828125,1604.5999755859375,1592.0,1603.699951171875,280,82.6500015258789,155.6300048828125,27.80500030517578,14.630000114440918,1405.530029296875,,,,,,,-0.1451239393384017,0,0,0,0,0,0,0
2012-08-16,1600.199951171875,1616.0999755859375,1600.199951171875,1616.0999755859375,199,82.36000061035156,156.55999755859375,28.204999923706055,14.289999961853027,1415.510009765625,,,,,,,-0.6991999487181014,0,0,0,0,0,0,0
2012-08-17,1617.800048828125,1617.800048828125,1611.4000244140625,1616.300048828125,249,82.5999984741211,156.72000122070312,27.9950008392334,13.449999809265137,1418.1600341796875,,,,,,,-0.4012581416699639,0,0,0,0,0,0,0
2012-08-20,1614.0,1621.4000244140625,1611.5999755859375,1620.0999755859375,68,82.45999908447266,157.25999450683594,28.586000442504883,14.020000457763672,1418.1300048828125,,,,,,,-0.03354092707318927,0,0,0,0,0,0,0
2012-08-21,1620.0,1639.9000244140625,1620.0,1639.9000244140625,258,81.91000366210938,158.8300018310547,29.42099952697754,15.020000457763672,1413.1700439453125,,,,,,,-0.7955926324232373,0,0,0,0,0,0,0
2012-08-22,1638.4000244140625,1653.0999755859375,1635.0,1637.4000244140625,37,81.48999786376953,160.5399932861328,29.548999786376953,15.109999656677246,1413.489990234375,,,,,,,3.2527959086818443,0,0,0,0,0,0,0
2012-08-23,1659.9000244140625,1672.699951171875,1658.0,1669.5999755859375,141,81.36000061035156,161.88999938964844,30.44700050354004,15.960000038146973,1402.0799560546875,,,,,,,-0.40073544344796114,0,0,0,0,0,0,0
2012-08-24,1665.800048828125,1669.800048828125,1662.199951171875,1669.800048828125,24,81.58999633789062,161.97000122070312,30.606000900268555,15.180000305175781,1411.1300048828125,,,,,,,-0.2615938061157663,0,0,0,0,0,0,0
2012-08-27,1674.9000244140625,1674.9000244140625,1663.9000244140625,1672.4000244140625,42,81.66000366210938,161.36000061035156,31.038999557495117,16.350000381469727,1410.43994140625,,,,,,,-1.9374275475567146,0,0,0,0,0,0,0
2012-08-28,1659.9000244140625,1671.0,1659.199951171875,1666.5,51,81.37000274658203,161.63999938964844,30.868999481201172,16.489999771118164,1409.300048828125,,,,,,,-0.21387363708207968,0,0,0,0,0,0,0
2012-08-29,1667.199951171875,1667.300048828125,1659.800048828125,1659.800048828125,403,81.55000305175781,160.58999633789062,30.83099937438965,17.059999465942383,1410.489990234375,,,,,,,-1.0023602412736157,0,0,0,0,0,0,0
2012-08-30,1655.4000244140625,1662.0,1650.699951171875,1653.5,418,81.68000030517578,160.52000427246094,30.367000579833984,17.829999923706055,1399.47998046875,,,,,,,0.09334900357842298,0,0,0,0,0,0,0
2012-08-31,1658.5999755859375,1690.0,1646.199951171875,1684.5999755859375,58,81.25,164.22000122070312,31.3700008392334,17.469999313354492,1406.5799560546875,,,,,,,1.4628272110798939,0,0,0,0,0,0,0
2012-09-04,1689.0999755859375,1698.0,1687.699951171875,1692.9000244140625,43,81.31999969482422,164.47999572753906,32.347999572753906,17.979999542236328,1404.93994140625,,,,,,,0.3770824987551511,0,0,0,0,0,0,0
2012-09-05,1690.4000244140625,1693.300048828125,1690.4000244140625,1690.800048828125,82,81.23999786376953,164.30999755859375,32.27199935913086,17.739999771118164,1403.43994140625,,,,,,,0.42029602285620776,0,0,0,0,0,0,0
2012-09-06,1696.4000244140625,1712.4000244140625,1696.4000244140625,1702.5999755859375,39,81.08000183105469,164.88999938964844,32.61899948120117,15.600000381469727,1432.1199951171875,,,,,,,-0.7474563881633697,0,0,0,0,0,0,0
2012-09-07,1696.699951171875,1738.199951171875,1696.699951171875,1737.5,109,80.25,168.44000244140625,33.632999420166016,14.380000114440918,1437.9200439453125,,,,,,,-0.37564022337364295,0,0,0,0,0,0,0
2012-09-10,1733.0999755859375,1733.5,1727.199951171875,1728.699951171875,14,80.36000061035156,167.2899932861328,33.57400131225586,16.280000686645508,1429.0799560546875,,,,,,,-0.9679665128769009,0,0,0,0,0,0,0
2012-09-11,1736.0,1736.0,1731.800048828125,1731.800048828125,2,79.86000061035156,167.89999389648438,33.50899887084961,16.40999984741211,1433.56005859375,,,,,,,-0.3118105250827504,0,0,0,0,0,0,0
2012-09-12,1742.199951171875,1742.300048828125,1730.5,1730.5999755859375,15,79.73999786376953,167.9199981689453,33.233001708984375,15.800000190734863,1436.56005859375,,,,,,,-0.02087768645657816,0,0,0,0,0,0,0
2012-09-13,1728.699951171875,1769.0999755859375,1728.699951171875,1769.0999755859375,33,79.26000213623047,171.30999755859375,34.715999603271484,14.050000190734863,1459.989990234375,,,,,,,-0.7075201607540448,0,0,0,0,0,0,0
2012-09-14,1771.0,1774.5,1766.0,1769.800048828125,25,78.8499984741211,171.8000030517578,34.60300064086914,14.510000228881836,1465.77001953125,,,,,,,0.17268761933424484,0,0,0,0,0,0,0
2012-09-17,1774.800048828125,1774.800048828125,1753.800048828125,1767.699951171875,54,79.01000213623047,170.39999389648438,34.29800033569336,14.59000015258789,1461.18994140625,,,,,,,-2.200281961091632,0,0,0,0,0,0,0
2012-09-18,1766.300048828125,1768.4000244140625,1766.300048828125,1768.4000244140625,13,79.25,171.72000122070312,34.64400100708008,14.180000305175781,1459.3199462890625,,,,,,,0.30850535891940356,0,0,0,0,0,0,0
2012-09-19,1776.0,1778.5,1768.0,1769.0,27,79.05999755859375,171.74000549316406,34.51900100708008,13.880000114440918,1461.050048828125,,,,,,,0.20739504377802914,0,0,0,0,0,0,0
2012-09-20,1769.0999755859375,1771.300048828125,1760.5999755859375,1767.699951171875,17,79.41000366210938,171.47000122070312,34.61800003051758,14.069999694824219,1460.260009765625,,,,,,,-0.07866570560244936,0,0,0,0,0,0,0
2012-09-21,1785.300048828125,1785.300048828125,1772.300048828125,1775.5,10,79.33000183105469,171.9600067138672,34.56700134277344,13.979999542236328,1460.1500244140625,,,,,,,-0.6010265162742844,0,0,0,0,0,0,0
2012-09-24,1762.0999755859375,1762.0999755859375,1762.0999755859375,1762.0999755859375,4,79.5199966430664,171.0500030517578,33.92100143432617,14.149999618530273,1456.8900146484375,,,,,,,0.20365719397355955,0,0,0,0,0,0,0
2012-09-25,1772.5999755859375,1772.699951171875,1763.800048828125,1763.800048828125,5,79.55000305175781,170.77000427246094,33.88600158691406,15.430000305175781,1441.5899658203125,,,,,,,-0.7237231497148413,0,0,0,0,0,0,0
2012-09-26,1762.800048828125,1764.199951171875,1743.0,1750.5999755859375,15237,79.88999938964844,169.80999755859375,33.882999420166016,16.809999465942383,1433.3199462890625,,,,,,,-0.057681530040807644,0,0,0,0,0,0,0
2012-09-27,1752.5999755859375,1780.199951171875,1750.699951171875,1777.5999755859375,6989,79.55000305175781,172.33999633789062,34.595001220703125,14.84000015258789,1447.1500244140625,,,,,,,-0.21808580247427395,0,0,0,0,0,0,0
2012-09-28,1776.800048828125,1782.199951171875,1767.5,1771.0999755859375,2839,79.94000244140625,171.88999938964844,34.516998291015625,15.729999542236328,1440.6700439453125,,,,,,,0.1532150541465089,0,0,0,0,0,0,0
2012-10-01,1766.0,1791.0,1763.300048828125,1780.5,816,79.81999969482422,172.2899932861328,34.88100051879883,16.31999969482422,1444.489990234375,,,,,,,-0.9210095794792129,0,0,0,0,0,0,0
2012-10-02,1777.9000244140625,1779.300048828125,1772.699951171875,1772.699951171875,94,79.73999786376953,172.10000610351562,34.604000091552734,15.710000038146973,1445.75,,,,,,,0.292312358252685,0,0,0,0,0,0,0
2012-10-03,1772.199951171875,1779.9000244140625,1771.9000244140625,1777.300048828125,134,79.97000122070312,172.41000366210938,34.63100051879883,15.430000305175781,1450.989990234375,,,,,,,-0.014923771414921082,0,0,0,0,0,0,0
2012-10-04,1783.5,1794.800048828125,1783.5,1794.0999755859375,199,79.3499984741211,173.61000061035156,35.04100036621094,14.550000190734863,1461.4000244140625,,,,,,,-0.9042708954865745,0,0,0,0,0,0,0
2012-10-05,1792.199951171875,1792.199951171875,1776.5999755859375,1778.5999755859375,257,79.33999633789062,172.6199951171875,34.51599884033203,14.329999923706055,1460.9300537109375,,,,,,,0.19990374735122035,0,0,0,0,0,0,0
2012-10-08,1778.0,1778.0,1766.800048828125,1773.5,33,79.54000091552734,172.0500030517578,33.981998443603516,15.109999656677246,1455.8800048828125,,,,,,,-0.005333143175935317,0,0,0,0,0,0,0
2012-10-09,1776.699951171875,1776.699951171875,1762.300048828125,1763.0,24,79.94999694824219,170.99000549316406,33.95100021362305,16.3700008392334,1441.47998046875,,,,,,,-0.09277817749870101,0,0,0,0,0,0,0
2012-10-10,1762.4000244140625,1764.199951171875,1758.0999755859375,1763.199951171875,29,79.91999816894531,170.83999633789062,34.073001861572266,16.290000915527344,1432.56005859375,,,,,,,-0.46214879969701833,0,0,0,0,0,0,0
2012-10-11,1761.5999755859375,1771.0,1761.5999755859375,1768.800048828125,30,79.77999877929688,171.32000732421875,34.04600143432617,15.59000015258789,1432.8399658203125,,,,,,,-0.613314077753169,0,0,0,0,0,0,0
2012-10-12,1769.5,1769.5,1753.5999755859375,1758.0,84,79.69000244140625,170.05999755859375,33.632999420166016,16.139999389648438,1428.5899658203125,,,,,,,-1.1078230534960924,0,0,0,0,0,0,0
2012-10-15,1750.0,1750.0,1729.9000244140625,1736.0,108,79.73999786376953,168.35000610351562,32.707000732421875,15.270000457763672,1440.1300048828125,,,,,,,-0.12429180484862862,0,0,0,0,0,0,0
2012-10-16,1736.699951171875,1744.699951171875,1736.5999755859375,1744.699951171875,15,79.37000274658203,169.4199981689453,32.922000885009766,15.220000267028809,1454.9200439453125,,,,,,,0.4746185535695259,0,0,0,0,0,0,0
2012-10-17,1749.4000244140625,1751.5,1746.0,1751.5,36,79.0199966430664,169.5399932861328,33.196998596191406,15.069999694824219,1460.9100341796875,,,,,,,-0.8754229133238068,0,0,0,0,0,0,0
2012-10-18,1749.0999755859375,1749.0999755859375,1740.5,1743.300048828125,27,79.37000274658203,168.7899932861328,32.8380012512207,15.029999732971191,1457.3399658203125,,,,,,,-0.7424535116730867,0,0,0,0,0,0,0
2012-10-19,1741.0999755859375,1741.0999755859375,1721.0,1722.800048828125,70,79.63999938964844,166.97000122070312,32.073001861572266,17.059999465942383,1433.18994140625,,,,,,,-0.31140623459227196,0,0,0,0,0,0,0
2012-10-22,1715.0,1728.300048828125,1715.0,1725.0999755859375,12,79.6500015258789,167.5800018310547,32.22700119018555,16.6200008392334,1433.8199462890625,,,,,,,0.7162935692109539,0,0,0,0,0,0,0
2012-10-23,1726.5999755859375,1726.5999755859375,1708.300048828125,1708.300048828125,75,79.9800033569336,165.42999267578125,31.76799964904785,18.829999923706055,1413.1099853515625,,,,,,,-0.6602748441565547,0,0,0,0,0,0,0
2012-10-24,1708.4000244140625,1708.5,1698.5999755859375,1700.5,27,79.97000122070312,164.86000061035156,31.594999313354492,18.329999923706055,1408.75,,,,,,,-0.1571129984704022,0,0,0,0,0,0,0
2012-10-25,1711.699951171875,1716.699951171875,1711.699951171875,1712.0,33,80.04000091552734,166.02000427246094,32.04899978637695,18.1200008392334,1412.969970703125,,,,,,,-0.008965928789682606,0,0,0,0,0,0,0
2012-10-26,1706.0999755859375,1716.199951171875,1706.0999755859375,1710.9000244140625,77,80.06999969482422,165.92999267578125,32.01100158691406,17.809999465942383,1411.93994140625,,,,,,,0.052653915479194825,0,0,0,0,0,0,0
2012-10-31,1714.4000244140625,1724.5,1714.4000244140625,1717.5,64,79.91999816894531,166.8300018310547,32.28799819946289,18.600000381469727,1412.1600341796875,,,,,,,0.7686149064972405,0,0,0,0,0,0,0
2012-11-01,1722.300048828125,1725.0999755859375,1714.0999755859375,1714.0999755859375,24,80.05000305175781,166.07000732421875,32.22600173950195,16.690000534057617,1427.5899658203125,,,,,,,-0.42770643867101826,0,0,0,0,0,0,0
2012-11-02,1711.300048828125,1711.300048828125,1674.0999755859375,1674.0999755859375,50,80.58999633789062,162.60000610351562,30.834999084472656,17.59000015258789,1414.199951171875,,,,,,,0.7200859399680931,0,0,0,0,0,0,0
2012-11-05,1682.800048828125,1683.0999755859375,1674.300048828125,1682.199951171875,7,80.75,163.22999572753906,31.113000869750977,18.420000076293945,1417.260009765625,,,,,,,0.264933326886641,0,0,0,0,0,0,0
2012-11-06,1690.0999755859375,1718.0,1690.0999755859375,1714.0999755859375,47,80.61000061035156,166.3000030517578,32.01900100708008,17.579999923706055,1428.3900146484375,,,,,,,0.18615370386537497,0,0,0,0,0,0,0
2012-11-07,1707.699951171875,1726.5,1703.699951171875,1713.199951171875,42,80.76000213623047,166.49000549316406,31.650999069213867,19.079999923706055,1394.530029296875,,,,,,,0.9445661168588101,0,0,0,0,0,0,0
2012-11-08,1715.9000244140625,1725.4000244140625,1714.199951171875,1725.4000244140625,34,80.79000091552734,167.99000549316406,32.23099899291992,18.489999771118164,1377.510009765625,,,,,,,1.7372145511544421,0,0,0,0,0,0,0
2012-11-09,1733.699951171875,1734.0999755859375,1727.5999755859375,1730.300048828125,6,81.02999877929688,167.82000732421875,32.59000015258789,18.610000610351562,1379.8499755859375,,,,,,,0.017173014779276494,0,0,0,0,0,0,0
2012-11-12,1733.199951171875,1733.4000244140625,1730.300048828125,1730.300048828125,6,81.04000091552734,167.4499969482422,32.51300048828125,16.68000030517578,1380.030029296875,,,,,,,-0.9457002649208561,0,0,0,0,0,0,0
2012-11-13,1721.5999755859375,1728.199951171875,1718.5,1724.199951171875,12,81.08000183105469,167.10000610351562,32.47800064086914,16.649999618530273,1374.530029296875,,,,,,,-0.3055748953723179,0,0,0,0,0,0,0
2012-11-14,1722.0,1729.5,1722.0,1729.5,11,81.05999755859375,167.13999938964844,32.87099838256836,17.920000076293945,1355.489990234375,,,,,,,-1.509036434991971,0,0,0,0,0,0,0
2012-11-15,1724.9000244140625,1724.9000244140625,1706.300048828125,1713.300048828125,10,81.08000183105469,166.08999633789062,32.665000915527344,17.989999771118164,1353.3299560546875,,,,,,,-0.14544965419585615,0,0,0,0,0,0,0
2012-11-16,1710.0,1714.300048828125,1706.9000244140625,1714.300048828125,16,81.26000213623047,165.8800048828125,32.361000061035156,16.40999984741211,1359.8800048828125,,,,,,,-0.9395322540319477,0,0,0,0,0,0,0
2012-11-19,1721.800048828125,1734.0,1721.800048828125,1734.0,4,80.87000274658203,167.8699951171875,33.180999755859375,15.239999771118164,1386.8900146484375,,,,,,,-0.7091713740288076,0,0,0,0,0,0,0
2012-11-20,1730.5999755859375,1731.0999755859375,1722.5,1723.199951171875,21,80.95999908447266,167.38999938964844,32.92300033569336,15.079999923706055,1387.81005859375,,,,,,,0.749320284946411,0,0,0,0,0,0,0
2012-11-21,1725.800048828125,1727.9000244140625,1725.800048828125,1727.9000244140625,23,80.93000030517578,167.55999755859375,33.34400177001953,15.3100004196167,1391.030029296875,,,,,,,0.002433030135060899,0,0,0,0,0,0,0
2012-11-23,1735.0,1751.300048828125,1735.0,1751.300048828125,8,80.19000244140625,169.61000061035156,34.111000061035156,15.140000343322754,1409.1500244140625,,,,,,,-0.5946853481139861,0,0,0,0,0,0,0
2012-11-26,1750.300048828125,1750.5,1749.4000244140625,1749.5,24,80.25,169.42999267578125,34.13800048828125,15.5,1406.2900390625,,,,,,,-0.6005943365945859,0,0,0,0,0,0,0
2012-11-27,1746.4000244140625,1746.4000244140625,1742.199951171875,1742.199951171875,7,80.4000015258789,168.7100067138672,33.981998443603516,15.920000076293945,1398.93994140625,,,,,,,-0.6264224931648362,0,0,0,0,0,0,0
2012-11-28,1739.800048828125,1739.800048828125,1716.5,1716.5,276136,80.33999633789062,166.5500030517578,33.680999755859375,15.510000228881836,1409.9300537109375,,,,,,,0.4211904679012996,0,0,0,0,0,0,0
2012-11-29,1719.5999755859375,1729.0,1717.699951171875,1727.199951171875,65599,80.19999694824219,167.17999267578125,34.347999572753906,15.0600004196167,1415.949951171875,,,,,,,-0.9549832912798133,0,0,0,0,0,0,0
2012-11-30,1725.199951171875,1731.199951171875,1708.4000244140625,1710.9000244140625,3690,80.1500015258789,166.0500030517578,33.20399856567383,15.869999885559082,1416.1800537109375,,,,,,,0.5631831932212084,0,0,0,0,0,0,0
2012-12-03,1714.9000244140625,1721.9000244140625,1714.5,1719.5999755859375,1238,79.87999725341797,166.1300048828125,33.680999755859375,16.639999389648438,1409.4599609375,,,,,,,-1.9764895936955025,0,0,0,0,0,0,0
2012-12-04,1716.300048828125,1716.800048828125,1691.5999755859375,1694.4000244140625,1428,79.63999938964844,164.4199981689453,32.73400115966797,17.1200008392334,1407.050048828125,,,,,,,0.5784684099023926,0,0,0,0,0,0,0
2012-12-05,1697.0999755859375,1706.0,1685.0,1692.4000244140625,1262,79.7699966430664,164.1199951171875,32.882999420166016,16.459999084472656,1409.280029296875,,,,,,,0.20787913613790537,0,0,0,0,0,0,0
2012-12-06,1694.300048828125,1702.0999755859375,1686.4000244140625,1700.300048828125,525,80.26000213623047,164.5,33.03900146484375,16.579999923706055,1413.93994140625,,,,,,,-1.1995358033151045,0,0,0,0,0,0,0
2012-12-07,1701.199951171875,1704.5,1684.0,1704.0,169,80.41999816894531,165.16000366210938,33.053001403808594,15.899999618530273,1418.0699462890625,,,,,,,-0.07380114655157587,0,0,0,0,0,0,0
2012-12-10,1704.199951171875,1717.0,1704.199951171875,1713.0,88,80.33000183105469,165.8000030517578,33.29999923706055,16.049999237060547,1418.550048828125,,,,,,,-0.921497977859238,0,0,0,0,0,0,0
2012-12-11,1710.0,1714.0999755859375,1705.9000244140625,1708.199951171875,88,80.05999755859375,165.64999389648438,32.941001892089844,15.569999694824219,1427.8399658203125,,,,,,,0.2330793481767983,0,0,0,0,0,0,0
2012-12-12,1710.0999755859375,1722.300048828125,1708.0,1716.5999755859375,195,79.88999938964844,165.77000427246094,33.707000732421875,15.949999809265137,1428.47998046875,,,,,,,-2.2300014393910743,0,0,0,0,0,0,0
2012-12-13,1707.199951171875,1707.199951171875,1689.9000244140625,1695.5999755859375,240,79.93000030517578,164.3699951171875,32.279998779296875,16.559999465942383,1419.449951171875,,,,,,,0.05874142261196987,0,0,0,0,0,0,0
2012-12-14,1698.300048828125,1699.199951171875,1694.4000244140625,1695.800048828125,72,79.5999984741211,164.1300048828125,32.222999572753906,17.0,1413.5799560546875,,,,,,,-0.8778398977716769,0,0,0,0,0,0,0
2012-12-17,1690.5,1698.5,1689.5,1697.0,65,79.56999969482422,164.44000244140625,32.20600128173828,16.34000015258789,1430.3599853515625,,,,,,,-0.15911187690191245,0,0,0,0,0,0,0
2012-12-18,1701.4000244140625,1702.800048828125,1661.0,1669.5,501,79.36000061035156,162.0800018310547,31.594999313354492,15.569999694824219,1446.7900390625,,,,,,,0.9876614205263192,0,0,0,0,0,0,0
2012-12-19,1675.300048828125,1676.0,1664.5999755859375,1666.5,76,79.25,161.69000244140625,31.045000076293945,17.360000610351562,1435.81005859375,,,,,,,0.5999803577093843,0,0,0,0,0,0,0
2012-12-20,1667.9000244140625,1671.0,1637.5999755859375,1644.9000244140625,158,79.26000213623047,159.72999572753906,29.61199951171875,17.670000076293945,1443.68994140625,,,,,,,1.1569020268423018,0,0,0,0,0,0,0
2012-12-21,1648.0,1659.0999755859375,1635.800048828125,1659.0999755859375,78,79.62000274658203,160.3300018310547,30.142000198364258,17.84000015258789,1430.1500244140625,,,,,,,-1.9372520403181315,0,0,0,0,0,0,0
2012-12-24,1657.699951171875,1663.800048828125,1654.9000244140625,1658.5999755859375,73,79.63999938964844,160.6199951171875,29.839000701904297,17.84000015258789,1426.6600341796875,,,,,,,-0.5896845477665886,0,0,0,0,0,0,0
2012-12-26,1654.5,1666.699951171875,1654.5,1659.800048828125,73,79.62000274658203,160.77999877929688,29.982999801635742,19.479999542236328,1419.8299560546875,,,,,,,-0.3966206390547962,0,0,0,0,0,0,0
2012-12-27,1656.199951171875,1662.5999755859375,1656.199951171875,1662.5999755859375,446,79.62000274658203,161.16000366210938,30.18400001525879,19.469999313354492,1418.0999755859375,,,,,,,0.025629012433913467,0,0,0,0,0,0,0
2012-12-28,1664.0,1664.0,1653.699951171875,1654.9000244140625,197,79.68000030517578,160.5399932861328,29.920000076293945,22.719999313354492,1402.4300537109375,,,,,,,0.5332466678291914,0,0,0,0,0,0,0
2012-12-31,1655.4000244140625,1677.0999755859375,1655.4000244140625,1674.800048828125,89,79.7699966430664,162.02000427246094,30.17300033569336,18.020000457763672,1426.18994140625,,,,,,,-1.2205100679401288,0,0,0,0,0,0,0
2013-01-02,1672.800048828125,1693.800048828125,1670.0,1687.9000244140625,35,79.8499984741211,163.1699981689453,30.95199966430664,14.680000305175781,1462.4200439453125,,,,,,,-1.6117700241200332,0,0,0,0,0,0,0
2013-01-03,1686.0999755859375,1686.800048828125,1662.0,1673.699951171875,140,80.43000030517578,161.1999969482422,30.67099952697754,14.5600004196167,1459.3699951171875,,,,,,,-3.4948604566951564,0,0,0,0,0,0,0
2013-01-04,1647.0,1658.300048828125,1625.699951171875,1648.0999755859375,199,80.5,160.44000244140625,29.895999908447266,13.829999923706055,1466.469970703125,,,,,,,2.4182152637606946,0,0,0,0,0,0,0
2013-01-07,1656.5,1659.9000244140625,1643.800048828125,1645.5,49,80.26000213623047,159.42999267578125,30.031999588012695,13.789999961853027,1461.8900146484375,,,,,,,-0.1461594979225019,0,0,0,0,0,0,0
2013-01-08,1647.699951171875,1661.5,1647.699951171875,1661.5,17,80.3499984741211,160.55999755859375,30.415000915527344,13.619999885559082,1457.1500244140625,,,,,,,-1.5312064269516295,0,0,0,0,0,0,0
2013-01-09,1658.5999755859375,1662.0999755859375,1651.9000244140625,1654.800048828125,9,80.55999755859375,160.49000549316406,30.201000213623047,13.8100004196167,1461.02001953125,,,,,,,0.40617352007265856,0,0,0,0,0,0,0
2013-01-10,1672.5,1677.300048828125,1672.5,1677.300048828125,9,79.73999786376953,161.97999572753906,30.875,13.489999771118164,1472.1199951171875,,,,,,,-1.8004669384430896,0,0,0,0,0,0,0
2013-01-11,1673.0999755859375,1673.0999755859375,1654.199951171875,1660.0,147,79.55999755859375,161.05999755859375,30.367000579833984,13.359999656677246,1472.050048828125,,,,,,,0.6440631369508955,0,0,0,0,0,0,0
2013-01-14,1665.4000244140625,1673.800048828125,1664.0999755859375,1668.9000244140625,10,79.48999786376953,161.5399932861328,31.079999923706055,13.520000457763672,1470.6800537109375,,,,,,,-0.5881083348013663,0,0,0,0,0,0,0
2013-01-15,1671.5999755859375,1684.300048828125,1671.5999755859375,1683.4000244140625,20,79.77999877929688,162.55999755859375,31.49799919128418,13.550000190734863,1472.3399658203125,,,,,,,-1.7468586459843518,0,0,0,0,0,0,0
2013-01-16,1674.4000244140625,1682.699951171875,1674.4000244140625,1682.699951171875,11,79.80000305175781,162.64999389648438,31.513999938964844,13.420000076293945,1472.6300048828125,,,,,,,-1.2400247853180522,0,0,0,0,0,0,0
2013-01-17,1676.4000244140625,1694.5999755859375,1671.0,1690.4000244140625,81,79.6500015258789,163.35000610351562,31.785999298095703,13.569999694824219,1480.93994140625,,,,,,,-1.330578106121693,0,0,0,0,0,0,0
2013-01-18,1687.4000244140625,1692.0,1686.5999755859375,1686.5999755859375,14,80.05000305175781,163.08999633789062,31.902000427246094,12.460000038146973,1485.97998046875,,,,,,,-0.9718408999682527,0,0,0,0,0,0,0
2013-01-22,1690.300048828125,1694.699951171875,1687.800048828125,1692.800048828125,15,79.87000274658203,163.6699981689453,32.14699935913086,12.430000305175781,1492.56005859375,,,,,,,-1.0153842737322267,0,0,0,0,0,0,0
2013-01-23,1691.300048828125,1693.699951171875,1685.199951171875,1686.300048828125,28,79.91999816894531,163.2100067138672,32.409000396728516,12.460000038146973,1494.81005859375,,,,,,,-0.4994306056658898,0,0,0,0,0,0,0
2013-01-24,1680.800048828125,1681.699951171875,1668.0,1669.5,13,79.94999694824219,161.4199981689453,31.69499969482422,12.6899995803833,1494.8199462890625,,,,,,,-0.9764572660626661,0,0,0,0,0,0,0
2013-01-25,1663.0,1663.0,1656.4000244140625,1656.4000244140625,44,79.75,160.64999389648438,31.18000030517578,12.890000343322754,1502.9599609375,,,,,,,0.5670215045940739,0,0,0,0,0,0,0
2013-01-28,1651.5999755859375,1655.5,1651.5999755859375,1652.4000244140625,82,79.77999877929688,160.2899932861328,30.756000518798828,13.569999694824219,1500.1800537109375,,,,,,,0.6386104485072526,0,0,0,0,0,0,0
2013-01-29,1661.199951171875,1661.5,1660.699951171875,1660.699951171875,145863,79.55999755859375,160.99000549316406,31.159000396728516,13.3100004196167,1507.8399658203125,,,,,,,0.31449824086182293,0,0,0,0,0,0,0
2013-01-30,1662.4000244140625,1683.0,1661.800048828125,1679.9000244140625,44893,79.27999877929688,162.19000244140625,32.152000427246094,14.319999694824219,1501.9599609375,,,,,,,-1.6367060016880695,0,0,0,0,0,0,0
2013-01-31,1675.4000244140625,1680.0,1657.4000244140625,1660.5999755859375,6044,79.20999908447266,161.1999969482422,31.334999084472656,14.279999732971191,1498.1099853515625,,,,,,,0.9944979351978086,0,0,0,0,0,0,0
2013-02-01,1663.9000244140625,1681.199951171875,1659.9000244140625,1669.4000244140625,3250,79.12999725341797,161.4499969482422,31.941999435424805,12.899999618530273,1513.1700439453125,,,,,,,-0.78835919013801,0,0,0,0,0,0,0
2013-02-04,1668.0,1676.5,1661.5999755859375,1675.300048828125,450,79.55000305175781,162.0,31.700000762939453,14.670000076293945,1495.7099609375,,,,,,,-0.83082704879509,0,0,0,0,0,0,0
2013-02-05,1674.199951171875,1683.4000244140625,1666.5,1672.4000244140625,353,79.48999786376953,161.9600067138672,31.858999252319336,13.720000267028809,1511.2900390625,,,,,,,-0.08833663998288784,0,0,0,0,0,0,0
2013-02-06,1672.199951171875,1678.5,1668.0,1677.699951171875,376,79.72000122070312,162.38999938964844,31.861000061035156,13.40999984741211,1512.1199951171875,,,,,,,-0.32325289067774293,0,0,0,0,0,0,0
2013-02-07,1677.0,1682.0999755859375,1663.0999755859375,1670.4000244140625,475,80.19000244140625,161.83999633789062,31.386999130249023,13.5,1509.3900146484375,,,,,,,0.16799899230800613,0,0,0,0,0,0,0
2013-02-08,1671.5,1672.5,1664.800048828125,1666.0,289,80.25,161.57000732421875,31.424999237060547,13.020000457763672,1517.9300537109375,,,,,,,0.680408460584262,0,0,0,0,0,0,0
2013-02-11,1666.5,1668.0,1643.699951171875,1648.199951171875,868,80.30999755859375,159.6999969482422,30.895000457763672,12.9399995803833,1517.010009765625,,,,,,,0.2786391058429188,0,0,0,0,0,0,0
2013-02-12,1643.800048828125,1650.4000244140625,1642.4000244140625,1648.699951171875,85,80.11000061035156,159.88999938964844,31.003999710083008,12.640000343322754,1519.4300537109375,,,,,,,0.7595168476340635,0,0,0,0,0,0,0
2013-02-13,1652.199951171875,1652.300048828125,1640.199951171875,1644.199951171875,236,80.08999633789062,159.0500030517578,30.854000091552734,12.979999542236328,1520.3299560546875,,,,,,,-0.607547250107389,0,0,0,0,0,0,0
2013-02-14,1641.0999755859375,1646.9000244140625,1632.699951171875,1634.699951171875,219,80.45999908447266,158.35000610351562,30.343000411987305,12.65999984741211,1521.3800048828125,,,,,,,0.14401096291538923,0,0,0,0,0,0,0
2013-02-15,1633.199951171875,1633.9000244140625,1599.5,1608.800048828125,460,80.58000183105469,155.75999450683594,29.839000701904297,12.460000038146973,1519.7900390625,,,,,,,-0.15493239715353918,0,0,0,0,0,0,0
2013-02-19,1610.0,1617.0,1599.699951171875,1603.5999755859375,272,80.47000122070312,155.3300018310547,29.413000106811523,12.3100004196167,1530.93994140625,,,,,,,0.11084173332527457,0,0,0,0,0,0,0
2013-02-20,1604.699951171875,1606.9000244140625,1561.800048828125,1577.5999755859375,278,81.08999633789062,151.44000244140625,28.614999771118164,14.680000305175781,1511.949951171875,,,,,,,-4.055737386929948,0,0,0,0,0,0,0
2013-02-21,1568.5,1581.199951171875,1555.199951171875,1578.199951171875,2019,81.45999908447266,152.6199951171875,28.69499969482422,15.220000267028809,1502.4200439453125,,,,,,,-0.6021963456948226,0,0,0,0,0,0,0
2013-02-22,1580.0,1585.4000244140625,1572.4000244140625,1572.4000244140625,76,81.4800033569336,152.97000122070312,28.45599937438965,14.170000076293945,1515.5999755859375,,,,,,,2.139514634655741,0,0,0,0,0,0,0
2013-02-25,1579.4000244140625,1596.0,1577.699951171875,1586.199951171875,118,81.66999816894531,154.33999633789062,28.982999801635742,18.989999771118164,1487.8499755859375,,,,,,,2.121942554070394,0,0,0,0,0,0,0
2013-02-26,1593.300048828125,1615.199951171875,1589.0,1615.199951171875,1158,81.87000274658203,156.22000122070312,29.256000518798828,16.8700008392334,1496.93994140625,,,,,,,-0.5316965339210499,0,0,0,0,0,0,0
2013-02-27,1612.800048828125,1612.800048828125,1591.800048828125,1595.199951171875,700,81.5999984741211,154.57000732421875,28.94300079345703,14.729999542236328,1515.989990234375,,,,,,,0.27709901579049684,0,0,0,0,0,0,0
2013-02-28,1596.0,1601.5999755859375,1575.0999755859375,1577.699951171875,102,81.9800033569336,153.0,28.395000457763672,15.510000228881836,1514.6800537109375,,,,,,,0.6279609495259629,0,0,0,0,0,0,0
2013-03-01,1579.5999755859375,1585.5999755859375,1566.0,1571.9000244140625,68,82.30999755859375,152.44000244140625,28.451000213623047,15.359999656677246,1518.199951171875,,,,,,,0.6405089617813067,0,0,0,0,0,0,0
2013-03-04,1580.800048828125,1580.800048828125,1569.699951171875,1572.0999755859375,64,82.22000122070312,152.3000030517578,28.457000732421875,14.010000228881836,1525.199951171875,,,,,,,0.1727005805355488,0,0,0,0,0,0,0
2013-03-05,1577.5999755859375,1585.5,1571.4000244140625,1574.5999755859375,65,82.08999633789062,152.3800048828125,28.562999725341797,13.479999542236328,1539.7900390625,,,,,,,-0.27819799315781185,0,0,0,0,0,0,0
2013-03-06,1577.5999755859375,1582.5999755859375,1566.800048828125,1574.5999755859375,106,82.45999908447266,153.22999572753906,28.760000228881836,13.529999732971191,1541.4599609375,,,,,,,2.087397814783365,0,0,0,0,0,0,0
2013-03-07,1580.0,1583.5,1573.9000244140625,1574.800048828125,52,82.08000183105469,152.69000244140625,28.767000198364258,13.0600004196167,1544.260009765625,,,,,,,0.5104361494226248,0,0,0,0,0,0,0
2013-03-08,1578.5999755859375,1581.199951171875,1561.800048828125,1576.5999755859375,68,82.69999694824219,152.7100067138672,28.909000396728516,12.59000015258789,1551.1800537109375,,,,,,,0.0799619517694842,0,0,0,0,0,0,0
2013-03-11,1576.0,1579.699951171875,1576.0,1577.800048828125,1115,82.56999969482422,152.99000549316406,28.812000274658203,11.5600004196167,1556.219970703125,,,,,,,0.5301033229155482,0,0,0,0,0,0,0
2013-03-12,1579.800048828125,1595.5999755859375,1579.800048828125,1591.5,159,82.58000183105469,154.19000244140625,29.131000518798828,12.270000457763672,1552.47998046875,,,,,,,0.17122744612670177,0,0,0,0,0,0,0
2013-03-13,1592.300048828125,1596.0,1585.0,1588.300048828125,396,82.88999938964844,153.66000366210938,28.922000885009766,11.829999923706055,1554.52001953125,,,,,,,-0.4469366314794551,0,0,0,0,0,0,0
2013-03-14,1585.699951171875,1590.5999755859375,1575.699951171875,1590.5999755859375,137,82.61000061035156,153.67999267578125,28.77199935913086,11.300000190734863,1563.22998046875,,,,,,,-0.9873534839899456,0,0,0,0,0,0,0
2013-03-15,1590.5,1594.4000244140625,1590.199951171875,1592.5,11,82.26000213623047,154.0,28.816999435424805,11.300000190734863,1560.699951171875,,,,,,,-0.6201844075303669,0,0,0,0,0,0,0
2013-03-18,1605.9000244140625,1607.699951171875,1601.5999755859375,1604.5999755859375,613,82.69000244140625,155.3800048828125,28.840999603271484,13.359999656677246,1552.0999755859375,,,,,,,-0.023972401109198713,0,0,0,0,0,0,0
2013-03-19,1613.0999755859375,1613.0999755859375,1611.300048828125,1611.300048828125,202,82.98999786376953,156.0800018310547,28.809999465942383,14.390000343322754,1548.3399658203125,,,,,,,0.11361288327538849,0,0,0,0,0,0,0
2013-03-20,1610.0,1612.5,1606.199951171875,1607.5,5,82.77999877929688,155.3699951171875,28.783000946044922,12.670000076293945,1558.7099609375,,,,,,,-0.8237490488043879,0,0,0,0,0,0,0
2013-03-21,1612.800048828125,1613.800048828125,1611.9000244140625,1613.800048828125,7,82.80000305175781,156.25,29.179000854492188,13.989999771118164,1545.800048828125,,,,,,,-0.05187635232257567,0,0,0,0,0,0,0
2013-03-22,1611.0,1611.0,1604.0999755859375,1606.199951171875,101,82.52999877929688,155.5500030517578,28.666000366210938,13.569999694824219,1556.8900146484375,,,,,,,0.06264988835802472,0,0,0,0,0,0,0
2013-03-25,1607.0999755859375,1607.800048828125,1596.0999755859375,1604.5999755859375,27,82.87000274658203,155.24000549316406,28.78499984741211,13.739999771118164,1551.68994140625,,,,,,,-0.35632507742366615,0,0,0,0,0,0,0
2013-03-26,1595.800048828125,1595.800048828125,1595.800048828125,1595.800048828125,165484,82.87999725341797,154.72000122070312,28.643999099731445,12.770000457763672,1563.77001953125,,,,,,,0.5809240105842723,0,0,0,0,0,0,0
2013-03-27,1598.5,1608.0999755859375,1590.300048828125,1606.199951171875,50450,83.20999908447266,155.36000061035156,28.57699966430664,13.149999618530273,1562.8499755859375,,,,,,,-0.4719049766672198,0,0,0,0,0,0,0
2013-03-28,1604.699951171875,1606.5999755859375,1593.5999755859375,1594.800048828125,4717,82.98999786376953,154.4499969482422,28.29199981689453,12.699999809265137,1569.18994140625,,,,,,,0.08821052750044098,0,0,0,0,0,0,0
2013-04-01,1596.800048828125,1600.5,1594.800048828125,1600.0,688,82.7300033569336,154.6699981689453,27.913000106811523,13.579999923706055,1562.1700439453125,,,,,,,-0.7105695790624397,0,0,0,0,0,0,0
2013-04-02,1599.199951171875,1602.5999755859375,1574.0999755859375,1575.0999755859375,2289,82.94000244140625,152.42999267578125,27.216999053955078,12.779999732971191,1570.25,,,,,,,-0.2051997144139327,0,0,0,0,0,0,0
2013-04-03,1575.699951171875,1576.4000244140625,1549.199951171875,1552.800048828125,2171,82.72000122070312,150.72999572753906,26.773000717163086,14.210000038146973,1553.68994140625,,,,,,,1.1288967250371924,0,0,0,0,0,0,0
2013-04-04,1557.300048828125,1557.300048828125,1539.0999755859375,1551.800048828125,829,82.68000030517578,150.2899932861328,26.74799919128418,13.890000343322754,1559.97998046875,,,,,,,0.10029118897092067,0,0,0,0,0,0,0
2013-04-05,1553.199951171875,1580.5999755859375,1550.0999755859375,1575.4000244140625,1184,82.5,152.80999755859375,27.201000213623047,13.920000076293945,1553.280029296875,,,,,,,0.7696138929329086,0,0,0,0,0,0,0
2013-04-08,1575.800048828125,1577.800048828125,1567.800048828125,1572.0,101,82.75,152.16000366210938,27.1200008392334,13.1899995803833,1563.0699462890625,,,,,,,-0.17899040963411436,0,0,0,0,0,0,0
2013-04-09,1571.5999755859375,1589.300048828125,1570.0,1586.199951171875,215,82.30999755859375,153.33999633789062,27.865999221801758,12.84000015258789,1568.6099853515625,,,,,,,-0.7807636522100989,0,0,0,0,0,0,0
2013-04-10,1584.4000244140625,1586.0,1557.0,1558.300048828125,359,82.52999877929688,150.75,27.638999938964844,12.359999656677246,1587.72998046875,,,,,,,-0.44419908807355707,0,0,0,0,0,0,0
2013-04-11,1557.0999755859375,1566.699951171875,1554.800048828125,1564.300048828125,1070,82.25,151.0500030517578,27.684999465942383,12.239999771118164,1593.3699951171875,,,,,,,-1.310123710629124,0,0,0,0,0,0,0
2013-04-12,1560.800048828125,1560.800048828125,1480.199951171875,1501.0,881,82.30999755859375,143.9499969482422,26.32200050354004,12.0600004196167,1588.8499755859375,,,,,,,-3.9855763191392146,0,0,0,0,0,0,0
2013-04-15,1478.199951171875,1487.4000244140625,1338.0,1360.5999755859375,1309,82.41999816894531,131.30999755859375,23.354999542236328,17.270000457763672,1552.3599853515625,,,,,,,-1.2787722884411994,0,0,0,0,0,0,0
2013-04-16,1358.0,1401.0,1323.0,1386.800048828125,619,81.75,132.8000030517578,23.621999740600586,13.960000038146973,1574.5699462890625,,,,,,,-3.8837679675328154,0,0,0,0,0,0,0
2013-04-17,1373.199951171875,1394.199951171875,1370.199951171875,1382.199951171875,92,82.66000366210938,132.8699951171875,23.301000595092773,16.510000228881836,1552.010009765625,,,,,,,-2.35728114042491,0,0,0,0,0,0,0
2013-04-18,1347.5,1396.4000244140625,1347.5,1392.0,57,82.55000305175781,134.3000030517578,23.23900032043457,17.559999465942383,1541.6099853515625,,,,,,,-1.0655078905796767,0,0,0,0,0,0,0
2013-04-19,1419.300048828125,1420.300048828125,1395.0999755859375,1395.300048828125,241,82.70999908447266,135.47000122070312,22.954999923706055,14.970000267028809,1555.25,,,,,,,1.0988283693642884,0,0,0,0,0,0,0
2013-04-22,1406.800048828125,1434.9000244140625,1406.800048828125,1421.0,70,82.68000030517578,137.89999389648438,23.31999969482422,14.390000343322754,1562.5,,,,,,,0.9095369879979861,0,0,0,0,0,0,0
2013-04-23,1429.5,1429.5,1405.800048828125,1408.5999755859375,334,83.02999877929688,136.8800048828125,22.812999725341797,13.479999542236328,1578.780029296875,,,,,,,1.3264381080459604,0,0,0,0,0,0,0
2013-04-24,1423.199951171875,1430.0999755859375,1420.4000244140625,1423.4000244140625,138,82.93000030517578,138.3699951171875,22.82900047302246,13.609999656677246,1578.7900390625,,,,,,,1.4069852148418243,0,0,0,0,0,0,0
2013-04-25,1433.0,1461.800048828125,1433.0,1461.800048828125,222,82.73999786376953,141.6300048828125,24.139999389648438,13.619999885559082,1585.1600341796875,,,,,,,0.28075411976430237,0,0,0,0,0,0,0
2013-04-26,1467.4000244140625,1476.199951171875,1451.4000244140625,1453.5999755859375,976,82.4800033569336,140.91000366210938,23.757999420166016,13.609999656677246,1582.239990234375,,,,,,,0.4609060020000213,0,0,0,0,0,0,0
2013-04-29,1462.699951171875,1475.5,1462.300048828125,1467.4000244140625,269,82.1500015258789,142.3000030517578,24.121999740600586,13.710000038146973,1593.6099853515625,,,,,,,0.586205080291772,0,0,0,0,0,0,0
2013-04-30,1471.0999755859375,1476.5999755859375,1461.0,1472.199951171875,534,81.7300033569336,142.77000427246094,24.143999099731445,13.520000457763672,1597.5699462890625,,,,,,,0.5942219611972285,0,0,0,0,0,0,0
2013-05-01,1475.800048828125,1477.0999755859375,1440.0,1446.300048828125,131,81.63999938964844,141.11000061035156,23.30500030517578,14.489999771118164,1582.699951171875,,,,,,,2.4584947056018125,0,0,0,0,0,0,0
2013-05-02,1459.0,1471.199951171875,1453.5,1467.699951171875,244,82.20999908447266,141.9199981689453,23.790000915527344,13.59000015258789,1597.5899658203125,,,,,,,-0.3979696620447604,0,0,0,0,0,0,0
2013-05-03,1465.5,1487.0999755859375,1461.4000244140625,1464.300048828125,68,82.0999984741211,142.08999633789062,23.975000381469727,12.850000381469727,1614.4200439453125,,,,,,,0.7121110273858433,0,0,0,0,0,0,0
2013-05-06,1468.0999755859375,1477.199951171875,1466.800048828125,1468.0999755859375,33,82.31999969482422,142.14999389648438,23.917999267578125,12.65999984741211,1617.5,,,,,,,0.010369519120982306,0,0,0,0,0,0,0
2013-05-07,1462.0,1466.199951171875,1441.199951171875,1449.0,91,82.30000305175781,140.3800048828125,23.770999908447266,12.829999923706055,1625.9599609375,,,,,,,0.18966028615193967,0,0,0,0,0,0,0
2013-05-08,1455.5,1474.699951171875,1450.699951171875,1473.9000244140625,81,81.9000015258789,142.4600067138672,23.892000198364258,12.65999984741211,1632.68994140625,,,,,,,-0.5478592935660245,0,0,0,0,0,0,0
2013-05-09,1471.199951171875,1473.4000244140625,1453.0,1468.800048828125,27,82.79000091552734,140.80999755859375,23.878999710083008,13.130000114440918,1626.6700439453125,,,,,,,-2.878240324498016,0,0,0,0,0,0,0
2013-05-10,1455.5999755859375,1459.300048828125,1423.0,1436.800048828125,569,83.13999938964844,139.60000610351562,23.631999969482422,12.59000015258789,1633.699951171875,,,,,,,1.074717926183043,0,0,0,0,0,0,0
2013-05-13,1440.0,1440.5999755859375,1427.800048828125,1434.5,344,83.26000213623047,138.42999267578125,23.670000076293945,12.550000190734863,1633.77001953125,,,,,,,-0.9117382548764988,0,0,0,0,0,0,0
2013-05-14,1430.0999755859375,1444.4000244140625,1422.0,1424.699951171875,72,83.56999969482422,137.80999755859375,23.354999542236328,12.770000457763672,1650.3399658203125,,,,,,,-0.20765244242932715,0,0,0,0,0,0,0
2013-05-15,1425.699951171875,1425.699951171875,1390.0999755859375,1396.5,364,83.83000183105469,134.6300048828125,22.64299964904785,12.8100004196167,1658.780029296875,,,,,,,-1.1619715794763166,0,0,0,0,0,0,0
2013-05-16,1390.4000244140625,1395.0999755859375,1370.5999755859375,1387.0999755859375,38,83.7699966430664,134.08999633789062,22.64299964904785,13.069999694824219,1650.469970703125,,,,,,,-0.35966575319077715,0,0,0,0,0,0,0
2013-05-17,1386.699951171875,1391.0999755859375,1359.0999755859375,1364.9000244140625,50,84.27999877929688,131.07000732421875,22.339000701904297,12.449999809265137,1667.469970703125,,,,,,,-2.156171551871134,0,0,0,0,0,0,0
2013-05-20,1342.9000244140625,1387.5,1342.9000244140625,1384.300048828125,21,83.80999755859375,135.1199951171875,22.56800079345703,13.020000457763672,1666.2900390625,,,,,,,2.2654108555637453,0,0,0,0,0,0,0
2013-05-21,1386.5,1392.300048828125,1358.5,1377.800048828125,51,83.86000061035156,132.8800048828125,22.441999435424805,13.369999885559082,1669.1600341796875,,,,,,,-1.0044790701509767,0,0,0,0,0,0,0
2013-05-22,1387.199951171875,1395.699951171875,1364.5,1367.5999755859375,14,84.25,131.94000244140625,22.45800018310547,13.819999694824219,1655.3499755859375,,,,,,,-0.8973605859562006,0,0,0,0,0,0,0
2013-05-23,1380.5999755859375,1394.800048828125,1377.800048828125,1392.0,58,83.80000305175781,134.61000061035156,22.493999481201172,14.069999694824219,1650.510009765625,,,,,,,-0.23100361794070853,0,0,0,0,0,0,0
2013-05-24,1386.800048828125,1386.800048828125,1386.800048828125,1386.800048828125,2,83.69999694824219,133.75999450683594,22.48200035095215,13.989999771118164,1649.5999755859375,,,,,,,-0.9240730597365117,0,0,0,0,0,0,0
2013-05-28,1380.800048828125,1390.4000244140625,1379.0999755859375,1379.0999755859375,55,84.13999938964844,133.49000549316406,22.18000030517578,14.479999542236328,1660.06005859375,,,,,,,0.07149751255725044,0,0,0,0,0,0,0
2013-05-29,1391.300048828125,1391.300048828125,1391.300048828125,1391.300048828125,168665,83.63999938964844,134.8300018310547,22.44499969482422,14.829999923706055,1648.3599853515625,,,,,,,0.4041792601008487,0,0,0,0,0,0,0
2013-05-30,1392.0999755859375,1417.5,1388.300048828125,1411.5,45133,83.01000213623047,136.6999969482422,22.673999786376953,14.529999732971191,1654.4100341796875,,,,,,,0.229920448162486,0,0,0,0,0,0,0
2013-05-31,1412.4000244140625,1421.0999755859375,1384.199951171875,1392.5999755859375,5997,83.37999725341797,133.9199981689453,22.22800064086914,16.299999237060547,1630.739990234375,,,,,,,-1.6891882096530828,0,0,0,0,0,0,0
2013-06-03,1389.0999755859375,1416.300048828125,1388.300048828125,1411.699951171875,1420,82.68000030517578,136.50999450683594,22.71500015258789,16.280000686645508,1640.4200439453125,,,,,,,-0.1543609739149202,0,0,0,0,0,0,0
2013-06-04,1410.9000244140625,1413.699951171875,1389.0,1397.0999755859375,930,82.7699966430664,135.22999572753906,22.399999618530273,16.270000457763672,1631.3800048828125,,,,,,,0.11492361409402638,0,0,0,0,0,0,0
2013-06-05,1397.5,1410.0,1395.5999755859375,1398.4000244140625,1687,82.56999969482422,135.52000427246094,22.46500015258789,17.5,1608.9000244140625,,,,,,,0.4787584467606293,0,0,0,0,0,0,0
2013-06-06,1401.699951171875,1422.699951171875,1391.5999755859375,1415.699951171875,782,81.5199966430664,136.52999877929688,22.701000213623047,16.6299991607666,1622.56005859375,,,,,,,-0.86960326578427,0,0,0,0,0,0,0
2013-06-07,1411.5,1416.0999755859375,1377.9000244140625,1383.0,1163,81.69000244140625,133.27999877929688,21.73699951171875,15.140000343322754,1643.3800048828125,,,,,,,-1.041632487373682,0,0,0,0,0,0,0
2013-06-10,1378.800048828125,1386.9000244140625,1375.5999755859375,1386.199951171875,367,81.6500015258789,133.94000244140625,21.92099952697754,15.4399995803833,1642.81005859375,,,,,,,-0.2942214917432842,0,0,0,0,0,0,0
2013-06-11,1384.199951171875,1384.4000244140625,1366.0,1377.0,482,81.05999755859375,133.25,21.645000457763672,17.06999969482422,1626.1300048828125,,,,,,,0.12983878606612906,0,0,0,0,0,0,0
2013-06-12,1375.0,1393.5,1373.699951171875,1391.800048828125,514,80.95999908447266,134.25,21.79599952697754,18.59000015258789,1612.52001953125,,,,,,,-0.7544856911452684,0,0,0,0,0,0,0
2013-06-13,1386.800048828125,1390.9000244140625,1373.4000244140625,1377.5999755859375,458,80.62000274658203,133.74000549316406,21.582000732421875,16.40999984741211,1636.3599853515625,,,,,,,1.0187115070798858,0,0,0,0,0,0,0
2013-06-14,1383.9000244140625,1389.5999755859375,1377.800048828125,1387.300048828125,90,80.66999816894531,134.42999267578125,21.952999114990234,17.149999618530273,1626.72998046875,,,,,,,0.4888400708024191,0,0,0,0,0,0,0
2013-06-17,1390.300048828125,1390.5,1380.0,1382.800048828125,114,80.56999969482422,133.77000427246094,21.756999969482422,16.799999237060547,1639.0400390625,,,,,,,0.030008991004138934,0,0,0,0,0,0,0
2013-06-18,1383.0999755859375,1383.5,1363.0,1366.5999755859375,346,80.62000274658203,132.1300048828125,21.676000595092773,16.610000610351562,1651.81005859375,,,,,,,-0.11445251279645109,0,0,0,0,0,0,0
2013-06-19,1368.0999755859375,1373.5999755859375,1348.0999755859375,1373.5999755859375,198,81.43000030517578,130.58999633789062,21.621999740600586,16.639999389648438,1628.9300537109375,,,,,,,-4.007569027042876,0,0,0,0,0,0,0
2013-06-20,1348.0999755859375,1348.0999755859375,1275.4000244140625,1285.9000244140625,712,81.83999633789062,123.5999984741211,19.82200050354004,20.489999771118164,1588.18994140625,,,,,,,-1.3801621813559124,0,0,0,0,0,0,0
2013-06-21,1280.4000244140625,1300.0,1268.9000244140625,1291.5999755859375,456,82.31999969482422,125.05000305175781,19.95800018310547,18.899999618530273,1592.4300537109375,,,,,,,0.31374871519293857,0,0,0,0,0,0,0
2013-06-24,1297.300048828125,1297.300048828125,1275.699951171875,1276.800048828125,321,82.43000030517578,123.93000030517578,19.493000030517578,20.110000610351562,1573.0899658203125,,,,,,,0.8900452067436133,0,0,0,0,0,0,0
2013-06-25,1281.300048828125,1286.0,1273.199951171875,1274.800048828125,953,82.58000183105469,123.47000122070312,19.525999069213867,18.469999313354492,1588.030029296875,,,,,,,0.3922101924697537,0,0,0,0,0,0,0
2013-06-26,1273.9000244140625,1273.9000244140625,1228.800048828125,1229.5999755859375,981,82.94999694824219,118.27999877929688,18.586999893188477,17.209999084472656,1603.260009765625,,,,,,,-1.1686139020317525,0,0,0,0,0,0,0
2013-06-27,1224.699951171875,1241.4000244140625,1198.300048828125,1211.4000244140625,533,82.91000366210938,115.94000244140625,18.533000946044922,16.860000610351562,1613.199951171875,,,,,,,-2.196943644458377,0,0,0,0,0,0,0
2013-06-28,1200.9000244140625,1232.300048828125,1183.199951171875,1223.800048828125,232,83.16999816894531,119.11000061035156,19.451000213623047,16.860000610351562,1606.280029296875,,,,,,,1.4688190025470045,0,0,0,0,0,0,0
2013-07-01,1234.699951171875,1261.0,1234.199951171875,1255.9000244140625,150,82.9800033569336,121.12999725341797,19.559999465942383,16.3700008392334,1614.9599609375,,,,,,,-0.4991059646388889,0,0,0,0,0,0,0
2013-07-02,1254.0999755859375,1266.300048828125,1241.199951171875,1243.5999755859375,107,83.54000091552734,120.05000305175781,19.29800033569336,16.440000534057617,1614.0799560546875,,,,,,,-0.28943857078039475,0,0,0,0,0,0,0
2013-07-03,1243.800048828125,1258.199951171875,1240.300048828125,1252.0999755859375,19,83.2300033569336,120.73999786376953,19.68899917602539,16.200000762939453,1615.4100341796875,,,,,,,-0.5099145467111249,0,0,0,0,0,0,0
2013-07-05,1252.699951171875,1254.0999755859375,1208.9000244140625,1212.9000244140625,72,84.41999816894531,118.08999633789062,18.72599983215332,14.890000343322754,1631.8900146484375,,,,,,,1.5590455552696476,0,0,0,0,0,0,0
2013-07-08,1218.800048828125,1235.199951171875,1215.4000244140625,1234.9000244140625,58,84.19999694824219,119.51000213623047,19.024999618530273,14.779999732971191,1640.4599609375,,,,,,,0.25825859964106546,0,0,0,0,0,0,0
2013-07-09,1234.699951171875,1254.5,1234.4000244140625,1245.9000244140625,33,84.58000183105469,120.62000274658203,19.125,14.350000381469727,1652.3199462890625,,,,,,,0.3341520933173044,0,0,0,0,0,0,0
2013-07-10,1244.5999755859375,1263.9000244140625,1244.5999755859375,1247.4000244140625,58,84.04000091552734,120.94999694824219,19.150999069213867,14.210000038146973,1652.6199951171875,,,,,,,0.6536810556967518,0,0,0,0,0,0,0
2013-07-11,1284.5999755859375,1285.0,1278.9000244140625,1280.0999755859375,18,82.75,124.23999786376953,19.94300079345703,14.010000228881836,1675.02001953125,,,,,,,0.8385310498608893,0,0,0,0,0,0,0
2013-07-12,1282.300048828125,1282.300048828125,1274.300048828125,1277.800048828125,6,82.98999786376953,124.12999725341797,19.77899932861328,13.84000015258789,1680.18994140625,,,,,,,1.0064381384286538,0,0,0,0,0,0,0
2013-07-15,1292.0999755859375,1292.4000244140625,1281.5999755859375,1283.800048828125,19,83.04000091552734,124.18000030517578,19.826000213623047,13.789999961853027,1682.5,,,,,,,0.06863482697916426,0,0,0,0,0,0,0
2013-07-16,1279.4000244140625,1291.4000244140625,1279.4000244140625,1290.800048828125,13,82.43000030517578,124.88999938964844,19.92300033569336,14.420000076293945,1676.260009765625,,,,,,,0.09389164645285393,0,0,0,0,0,0,0
2013-07-17,1286.199951171875,1294.4000244140625,1272.9000244140625,1277.9000244140625,11,82.70999908447266,123.31999969482422,19.409000396728516,13.779999732971191,1680.9100341796875,,,,,,,-0.5135030552815434,0,0,0,0,0,0,0
2013-07-18,1275.300048828125,1286.4000244140625,1275.199951171875,1284.5999755859375,26,82.81999969482422,124.01000213623047,19.375999450683594,13.770000457763672,1689.3699951171875,,,,,,,-0.4362221658511199,0,0,0,0,0,0,0
2013-07-19,1291.699951171875,1293.300048828125,1290.0,1293.300048828125,9,82.58000183105469,125.11000061035156,19.447999954223633,12.539999961853027,1692.0899658203125,,,,,,,0.05275061123281795,0,0,0,0,0,0,0
2013-07-22,1317.0,1336.4000244140625,1317.0,1336.4000244140625,18,82.22000122070312,128.83999633789062,20.49799919128418,12.289999961853027,1695.530029296875,,,,,,,-0.7058625355318289,0,0,0,0,0,0,0
2013-07-23,1334.800048828125,1342.300048828125,1327.9000244140625,1335.0999755859375,10,82.01000213623047,129.7100067138672,20.246000289916992,12.65999984741211,1692.3900146484375,,,,,,,1.0707128431119128,0,0,0,0,0,0,0
2013-07-24,1342.199951171875,1343.5,1318.5999755859375,1319.699951171875,42,82.30000305175781,127.4800033569336,20.013999938964844,13.180000305175781,1685.93994140625,,,,,,,-0.23376307818913436,0,0,0,0,0,0,0
2013-07-25,1318.5,1336.800048828125,1318.5,1329.0,55,81.97000122070312,128.6699981689453,20.14699935913086,12.970000267028809,1690.25,,,,,,,0.29821988568065516,0,0,0,0,0,0,0
2013-07-26,1326.5,1326.5,1321.699951171875,1321.699951171875,66,81.62000274658203,128.77999877929688,19.764999389648438,12.720000267028809,1691.6500244140625,,,,,,,1.731393001068583,0,0,0,0,0,0,0
2013-07-29,1328.4000244140625,1328.4000244140625,1328.4000244140625,1328.4000244140625,134359,81.66000366210938,128.47000122070312,19.854000091552734,13.390000343322754,1685.3299560546875,,,,,,,0.03092996646741088,0,0,0,0,0,0,0
2013-07-30,1327.199951171875,1329.5999755859375,1316.199951171875,1324.0,44769,81.83000183105469,128.1199951171875,19.666000366210938,13.390000343322754,1685.9599609375,,,,,,,0.1744766982499954,0,0,0,0,0,0,0
2013-07-31,1325.5,1338.4000244140625,1304.9000244140625,1312.4000244140625,6252,81.44999694824219,127.95999908447266,19.617000579833984,13.449999809265137,1685.72998046875,,,,,,,1.92911334581012,0,0,0,0,0,0,0
2013-08-01,1323.0,1328.5,1306.9000244140625,1311.0,1562,82.33999633789062,126.61000061035156,19.614999771118164,12.9399995803833,1706.8699951171875,,,,,,,-0.2764652085960518,0,0,0,0,0,0,0
2013-08-02,1306.699951171875,1317.0,1283.0,1310.5999755859375,1451,81.91000366210938,126.36000061035156,19.902999877929688,11.979999542236328,1709.6700439453125,,,,,,,-0.6391893412786841,0,0,0,0,0,0,0
2013-08-05,1311.199951171875,1318.300048828125,1297.5,1302.5999755859375,904,81.87999725341797,125.69999694824219,19.711000442504883,11.84000015258789,1707.1400146484375,,,,,,,-0.4222154887888494,0,0,0,0,0,0,0
2013-08-06,1303.0,1305.9000244140625,1279.300048828125,1283.199951171875,1314,81.5999984741211,123.97000122070312,19.514999389648438,12.720000267028809,1697.3699951171875,,,,,,,-0.14749232449853733,0,0,0,0,0,0,0
2013-08-07,1282.5,1288.4000244140625,1274.0,1286.0999755859375,989,81.29000091552734,124.1500015258789,19.49799919128418,12.979999542236328,1690.9100341796875,,,,,,,-0.32906037059592885,0,0,0,0,0,0,0
2013-08-08,1283.9000244140625,1312.800048828125,1283.699951171875,1310.699951171875,482,81.01000213623047,126.86000061035156,20.18400001525879,12.729999542236328,1697.47998046875,,,,,,,0.2558222663495785,0,0,0,0,0,0,0
2013-08-09,1315.0999755859375,1315.800048828125,1306.699951171875,1312.9000244140625,449,81.12999725341797,126.86000061035156,20.39900016784668,13.40999984741211,1691.4200439453125,,,,,,,-0.1247992742655057,0,0,0,0,0,0,0
2013-08-12,1317.199951171875,1342.4000244140625,1317.199951171875,1334.699951171875,312,81.33000183105469,129.1300048828125,21.332000732421875,12.8100004196167,1689.469970703125,,,,,,,0.1714058115990069,0,0,0,0,0,0,0
2013-08-13,1331.9000244140625,1339.0999755859375,1320.199951171875,1321.199951171875,209,81.7300033569336,127.73999786376953,21.336000442504883,12.3100004196167,1694.1600341796875,,,,,,,0.014491604599892818,0,0,0,0,0,0,0
2013-08-14,1317.699951171875,1336.300048828125,1317.699951171875,1334.0,333,81.69999694824219,129.0,21.7810001373291,13.039999961853027,1685.3900146484375,,,,,,,0.04492786279133744,0,0,0,0,0,0,0
2013-08-15,1340.0999755859375,1369.5999755859375,1319.9000244140625,1361.5999755859375,235,81.12999725341797,131.69000244140625,22.929000854492188,14.729999542236328,1661.3199462890625,,,,,,,0.08178155469781746,0,0,0,0,0,0,0
2013-08-16,1366.800048828125,1378.9000244140625,1361.0,1371.699951171875,175,81.26000213623047,132.5800018310547,23.316999435424805,14.369999885559082,1655.8299560546875,,,,,,,-0.10421976328186076,0,0,0,0,0,0,0
2013-08-19,1379.0,1384.4000244140625,1363.9000244140625,1366.199951171875,139,81.2300033569336,132.00999450683594,23.160999298095703,15.100000381469727,1646.06005859375,,,,,,,-0.14288737164005824,0,0,0,0,0,0,0
2013-08-20,1355.0,1377.0,1355.0,1373.0999755859375,123,80.91000366210938,132.4499969482422,23.06599998474121,14.90999984741211,1652.3499755859375,,,,,,,-0.5879202512128037,0,0,0,0,0,0,0
2013-08-21,1372.5,1377.300048828125,1360.9000244140625,1370.5999755859375,109,81.31999969482422,132.07000732421875,22.95800018310547,15.9399995803833,1642.800048828125,,,,,,,-0.8524845538938052,0,0,0,0,0,0,0
2013-08-22,1362.0,1380.4000244140625,1362.0,1371.199951171875,79,81.48999786376953,132.80999755859375,23.030000686645508,14.760000228881836,1656.9599609375,,,,,,,0.4739376771292483,0,0,0,0,0,0,0
2013-08-23,1376.800048828125,1398.199951171875,1373.9000244140625,1395.699951171875,178,81.33999633789062,134.89999389648438,23.732999801635742,13.979999542236328,1663.5,,,,,,,-0.07750115779834649,0,0,0,0,0,0,0
2013-08-26,1398.5999755859375,1402.800048828125,1391.300048828125,1393.0,203,81.37000274658203,135.4499969482422,24.007999420166016,14.989999771118164,1656.780029296875,,,,,,,1.4422576212513927,0,0,0,0,0,0,0
2013-08-27,1403.800048828125,1421.0999755859375,1398.699951171875,1420.5999755859375,397,81.16999816894531,136.75,24.64900016784668,16.770000457763672,1630.47998046875,,,,,,,-1.0942820719346507,0,0,0,0,0,0,0
2013-08-28,1417.300048828125,1428.0,1417.300048828125,1419.0,489,81.41999816894531,136.7100067138672,24.388999938964844,16.489999771118164,1634.9599609375,,,,,,,-0.8587786724358778,0,0,0,0,0,0,0
2013-08-29,1417.4000244140625,1417.4000244140625,1404.5,1412.9000244140625,375,81.94999694824219,135.8699951171875,24.09000015258789,16.809999465942383,1638.1700439453125,,,,,,,-1.3246233519473427,0,0,0,0,0,0,0
2013-08-30,1407.199951171875,1409.800048828125,1392.300048828125,1396.0999755859375,0,82.08999633789062,134.6199951171875,23.46299934387207,17.010000228881836,1632.969970703125,,,,,,,-0.6280719897515246,0,0,0,0,0,0,0
2013-09-03,1393.0,1414.4000244140625,1382.300048828125,1412.0,139,82.36000061035156,136.4199981689453,24.381999969482422,16.610000610351562,1639.77001953125,,,,,,,-0.129284179860824,0,0,0,0,0,0,0
2013-09-04,1413.0,1413.0,1387.0999755859375,1389.9000244140625,104,82.16999816894531,134.66000366210938,23.368999481201172,15.880000114440918,1653.0799560546875,,,,,,,0.5747957022489864,0,0,0,0,0,0,0
2013-09-05,1393.5,1397.5,1367.0999755859375,1373.0999755859375,37,82.62999725341797,132.1999969482422,23.20599937438965,15.770000457763672,1655.0799560546875,,,,,,,-0.9920785827360613,0,0,0,0,0,0,0
2013-09-06,1371.0,1390.0999755859375,1368.9000244140625,1386.699951171875,52,82.1500015258789,134.14999389648438,23.841999053955078,15.850000381469727,1655.1700439453125,,,,,,,0.19037956291033317,0,0,0,0,0,0,0
2013-09-09,1389.800048828125,1389.800048828125,1386.5,1386.800048828125,44,81.79000091552734,133.91000366210938,23.667999267578125,15.630000114440918,1671.7099609375,,,,,,,-0.27533935528895026,0,0,0,0,0,0,0
2013-09-10,1377.5,1377.5,1357.5999755859375,1364.0999755859375,21,81.81999969482422,131.74000549316406,22.965999603271484,14.529999732971191,1683.989990234375,,,,,,,-0.22564289265221085,0,0,0,0,0,0,0
2013-09-11,1365.800048828125,1365.800048828125,1356.699951171875,1363.9000244140625,60,81.5199966430664,131.6999969482422,23.121000289916992,13.819999694824219,1689.1300048828125,,,,,,,-0.2698631319233306,0,0,0,0,0,0,0
2013-09-12,1360.0,1360.0,1322.4000244140625,1330.4000244140625,120,81.48999786376953,127.66999816894531,22.099000930786133,14.289999961853027,1683.4200439453125,,,,,,,-1.7527365737176532,0,0,0,0,0,0,0
2013-09-13,1322.9000244140625,1323.0,1305.300048828125,1308.4000244140625,38,81.44999694824219,127.81999969482422,21.670000076293945,14.15999984741211,1687.989990234375,,,,,,,2.5144950394876897,0,0,0,0,0,0,0
2013-09-16,1328.4000244140625,1329.5999755859375,1310.800048828125,1317.9000244140625,107,81.25,126.44999694824219,21.96299934387207,14.380000114440918,1697.5999755859375,,,,,,,-1.6644507113513092,0,0,0,0,0,0,0
2013-09-17,1313.0,1313.0999755859375,1309.5,1309.5,24,81.16999816894531,126.5,21.735000610351562,14.529999732971191,1704.760009765625,,,,,,,-0.10493929350651461,0,0,0,0,0,0,0
2013-09-18,1292.0999755859375,1347.699951171875,1292.0999755859375,1307.800048828125,29,80.23999786376953,132.00999450683594,21.513999938964844,13.59000015258789,1725.52001953125,,,,,,,6.444155508150668,0,0,0,0,0,0,0
2013-09-19,1362.9000244140625,1373.0,1362.9000244140625,1369.4000244140625,35,80.36000061035156,131.75,23.242000579833984,13.15999984741211,1722.3399658203125,,,,,,,-0.81514444561305,0,0,0,0,0,0,0
2013-09-20,1347.5,1347.5,1330.699951171875,1332.5,2,80.44000244140625,127.95999908447266,21.875999450683594,13.119999885559082,1709.9100341796875,,,,,,,-1.0627008796704438,0,0,0,0,0,0,0
2013-09-23,1327.0999755859375,1327.800048828125,1317.5999755859375,1326.9000244140625,78,80.44999694824219,127.55000305175781,21.80500030517578,14.3100004196167,1701.8399658203125,,,,,,,-0.8895257241644718,0,0,0,0,0,0,0
2013-09-24,1321.199951171875,1324.9000244140625,1309.4000244140625,1316.0,61,80.55999755859375,127.66000366210938,21.538999557495117,14.079999923706055,1697.4200439453125,,,,,,,0.4400512128626343,0,0,0,0,0,0,0
2013-09-25,1322.699951171875,1335.9000244140625,1322.699951171875,1335.9000244140625,51,80.33000183105469,128.7899932861328,21.83799934387207,14.010000228881836,1692.77001953125,,,,,,,-0.47388896937167757,0,0,0,0,0,0,0
2013-09-26,1335.199951171875,1338.300048828125,1323.5999755859375,1323.5999755859375,13170,80.5199966430664,127.79000091552734,21.719999313354492,14.0600004196167,1698.6700439453125,,,,,,,-0.28626983797409905,0,0,0,0,0,0,0
2013-09-27,1321.5,1343.800048828125,1319.699951171875,1338.4000244140625,2990,80.2699966430664,128.97000122070312,21.783000946044922,15.460000038146973,1691.75,,,,,,,-0.5529624475798223,0,0,0,0,0,0,0
2013-09-30,1345.800048828125,1350.9000244140625,1322.0,1326.5,597,80.22000122070312,128.17999267578125,21.6560001373291,16.600000381469727,1681.550048828125,,,,,,,-0.1393690107357435,0,0,0,0,0,0,0
2013-10-01,1328.0,1334.0,1284.5,1286.0,815,80.0999984741211,124.58999633789062,21.124000549316406,15.539999961853027,1695.0,,,,,,,0.2438918017872146,0,0,0,0,0,0,0
2013-10-02,1288.5,1321.0,1280.0,1320.5999755859375,152,79.87999725341797,127.05999755859375,21.84600067138672,16.600000381469727,1693.8699951171875,,,,,,,-0.7885693885490217,0,0,0,0,0,0,0
2013-10-03,1312.0,1319.5,1302.5,1317.4000244140625,217,79.7699966430664,127.18000030517578,21.73900032043457,17.670000076293945,1678.6600341796875,,,,,,,-0.2660747957468824,0,0,0,0,0,0,0
2013-10-04,1316.199951171875,1318.0999755859375,1305.699951171875,1309.699951171875,38,80.12000274658203,126.52999877929688,21.704999923706055,16.739999771118164,1690.5,,,,,,,-0.15041484955473228,0,0,0,0,0,0,0
2013-10-07,1313.800048828125,1325.4000244140625,1311.800048828125,1324.800048828125,84,79.94000244140625,127.63999938964844,22.339000701904297,19.40999984741211,1676.1199951171875,,,,,,,-0.549409621442426,0,0,0,0,0,0,0
2013-10-08,1326.5,1330.0,1321.199951171875,1324.199951171875,57,80.05999755859375,127.4000015258789,22.39699935913086,20.34000015258789,1655.449951171875,,,,,,,-0.743112503281191,0,0,0,0,0,0,0
2013-10-09,1317.5999755859375,1319.0,1295.300048828125,1306.9000244140625,140,80.37000274658203,126.11000061035156,21.84600067138672,19.600000381469727,1656.4000244140625,,,,,,,-0.28420484414263675,0,0,0,0,0,0,0
2013-10-10,1303.4000244140625,1310.800048828125,1285.0,1296.5999755859375,89,80.41999816894531,124.2699966430664,21.850000381469727,16.479999542236328,1692.56005859375,,,,,,,-1.2581036930480733,0,0,0,0,0,0,0
2013-10-11,1286.9000244140625,1291.5999755859375,1263.800048828125,1268.0,210,80.36000061035156,122.5999984741211,21.21500015258789,15.720000267028809,1703.199951171875,,,,,,,0.04812509478758165,0,0,0,0,0,0,0
2013-10-14,1275.800048828125,1285.800048828125,1273.9000244140625,1276.4000244140625,61,80.26000213623047,122.83000183105469,21.309999465942383,16.06999969482422,1710.1400146484375,,,,,,,-0.641816507364912,0,0,0,0,0,0,0
2013-10-15,1270.5,1283.5999755859375,1254.0999755859375,1273.0,208,80.4800033569336,123.7300033569336,21.145999908447266,18.65999984741211,1698.06005859375,,,,,,,0.8218908754153489,0,0,0,0,0,0,0
2013-10-16,1282.800048828125,1284.0,1269.199951171875,1282.0,86,80.5,123.54000091552734,21.31999969482422,14.710000038146973,1721.5400390625,,,,,,,-0.4461072027862169,0,0,0,0,0,0,0
2013-10-17,1307.0,1322.699951171875,1307.0,1322.699951171875,72,79.6500015258789,127.41999816894531,21.902999877929688,13.479999542236328,1733.1500244140625,,,,,,,-0.4840858476852694,0,0,0,0,0,0,0
2013-10-18,1318.800048828125,1326.0,1312.5999755859375,1314.4000244140625,65,79.63999938964844,126.8499984741211,21.868999481201172,13.039999961853027,1744.5,,,,,,,-0.21986339514134506,0,0,0,0,0,0,0
2013-10-21,1316.800048828125,1317.699951171875,1315.699951171875,1315.699951171875,23,79.68000030517578,126.9800033569336,22.232999801635742,13.15999984741211,1744.6600341796875,,,,,,,-0.1998884298550037,0,0,0,0,0,0,0
2013-10-22,1313.9000244140625,1342.5999755859375,1313.9000244140625,1342.5,55,79.23999786376953,129.33999633789062,22.753999710083008,13.329999923706055,1754.6700439453125,,,,,,,-0.452035814194126,0,0,0,0,0,0,0
2013-10-23,1331.9000244140625,1333.9000244140625,1331.9000244140625,1333.9000244140625,13,79.26000213623047,128.69000244140625,22.582000732421875,13.420000076293945,1746.3800048828125,,,,,,,-0.23856310292757596,0,0,0,0,0,0,0
2013-10-24,1334.5,1350.199951171875,1334.5,1350.199951171875,18,79.19000244140625,129.89999389648438,22.785999298095703,13.199999809265137,1752.0699462890625,,,,,,,-0.6262851088685633,0,0,0,0,0,0,0
2013-10-25,1346.199951171875,1353.0,1346.199951171875,1352.4000244140625,23,79.18000030517578,130.4600067138672,22.60300064086914,13.09000015258789,1759.77001953125,,,,,,,-0.22154640664233882,0,0,0,0,0,0,0
2013-10-28,1351.4000244140625,1359.199951171875,1349.0,1352.0,23,79.25,130.55999755859375,22.49799919128418,13.3100004196167,1762.1099853515625,,,,,,,-0.058063469466667926,0,0,0,0,0,0,0
2013-10-29,1359.5999755859375,1359.699951171875,1345.199951171875,1345.199951171875,168,79.62999725341797,129.77000427246094,22.45199966430664,13.40999984741211,1771.949951171875,,,,,,,-0.18909676594365488,0,0,0,0,0,0,0
2013-10-30,1340.800048828125,1355.800048828125,1335.5999755859375,1349.0,44,79.75,129.60000610351562,22.945999145507812,13.649999618530273,1763.31005859375,,,,,,,-0.7978819422016139,0,0,0,0,0,0,0
2013-10-31,1334.0,1334.0,1321.699951171875,1323.5999755859375,62,80.19999694824219,127.73999786376953,21.832000732421875,13.75,1756.5400390625,,,,,,,-0.11452519287052615,0,0,0,0,0,0,0
2013-11-01,1325.699951171875,1325.699951171875,1308.0,1313.0999755859375,21,80.7300033569336,126.94999694824219,21.804000854492188,13.279999732971191,1761.6400146484375,,,,,,,0.14721471847035378,0,0,0,0,0,0,0
2013-11-04,1314.5999755859375,1320.5,1312.0999755859375,1314.5999755859375,39,80.55000305175781,126.80999755859375,21.67799949645996,12.930000305175781,1767.9300537109375,,,,,,,-0.18840768064015187,0,0,0,0,0,0,0
2013-11-05,1313.300048828125,1317.5,1306.9000244140625,1308.0,98,80.70999908447266,126.55999755859375,21.61400032043457,13.270000457763672,1762.969970703125,,,,,,,0.2683560702583585,0,0,0,0,0,0,0
2013-11-06,1313.5,1318.5999755859375,1312.5,1317.699951171875,11,80.4800033569336,127.19999694824219,21.746000289916992,12.670000076293945,1770.489990234375,,,,,,,-0.07966589534930818,0,0,0,0,0,0,0
2013-11-07,1323.5999755859375,1323.5999755859375,1298.0,1308.4000244140625,129,80.81999969482422,126.16000366210938,21.638999938964844,13.90999984741211,1747.1500244140625,,,,,,,-0.24467552231853543,0,0,0,0,0,0,0
2013-11-08,1308.0,1308.0999755859375,1281.300048828125,1284.5,22,81.20999908447266,124.27999877929688,21.30699920654297,12.899999618530273,1770.6099853515625,,,,,,,0.27216897554956265,0,0,0,0,0,0,0
2013-11-11,1281.5999755859375,1281.800048828125,1281.0,1281.0,5,81.08999633789062,123.87000274658203,21.27199935913086,12.529999732971191,1771.8900146484375,,,,,,,0.18469662157037847,0,0,0,0,0,0,0
2013-11-12,1282.300048828125,1282.300048828125,1271.0999755859375,1271.0999755859375,3,81.19000244140625,122.44999694824219,20.76799964904785,12.819999694824219,1767.68994140625,,,,,,,-0.3752251506013159,0,0,0,0,0,0,0
2013-11-13,1274.0,1280.5,1268.300048828125,1268.300048828125,17,80.93000030517578,122.8499984741211,20.43199920654297,12.520000457763672,1782.0,,,,,,,0.4458926362020151,0,0,0,0,0,0,0
2013-11-14,1280.199951171875,1293.300048828125,1278.0999755859375,1286.199951171875,29,80.9800033569336,124.2699966430664,20.711999893188477,12.369999885559082,1790.6199951171875,,,,,,,0.06593612882344059,0,0,0,0,0,0,0
2013-11-15,1287.699951171875,1288.5,1281.5,1287.300048828125,16,80.83999633789062,124.31999969482422,20.716999053955078,12.1899995803833,1798.1800537109375,,,,,,,-0.0010446217822633638,0,0,0,0,0,0,0
2013-11-18,1284.699951171875,1284.800048828125,1272.199951171875,1272.199951171875,10,80.83000183105469,122.9000015258789,20.349000930786133,13.100000381469727,1791.530029296875,,,,,,,0.042379973431257434,0,0,0,0,0,0,0
2013-11-19,1274.199951171875,1275.199951171875,1271.0,1273.4000244140625,10,80.69999694824219,122.94999694824219,20.326000213623047,13.390000343322754,1787.8699951171875,,,,,,,-0.043306182514469126,0,0,0,0,0,0,0
2013-11-20,1269.0,1269.0,1241.9000244140625,1257.9000244140625,120,81.11000061035156,120.12000274658203,20.049999237060547,13.399999618530273,1781.3699951171875,,,,,,,-1.6320076813089344,0,0,0,0,0,0,0
2013-11-21,1245.699951171875,1247.0999755859375,1236.5,1243.5,90,81.05000305175781,119.94000244140625,19.92799949645996,12.65999984741211,1795.8499755859375,,,,,,,-0.15589909461060159,0,0,0,0,0,0,0
2013-11-22,1243.199951171875,1247.0,1241.4000244140625,1244.0,77,80.70999908447266,119.91999816894531,19.856000900268555,12.260000228881836,1804.760009765625,,,,,,,-0.221402000098197,0,0,0,0,0,0,0
2013-11-25,1231.0999755859375,1241.0999755859375,1229.0,1241.0999755859375,19,80.91999816894531,120.45999908447266,19.8799991607666,12.789999961853027,1802.47998046875,,,,,,,0.7759680820964641,0,0,0,0,0,0,0
2013-11-26,1243.0,1243.0,1241.4000244140625,1241.4000244140625,178417,80.61000061035156,119.81999969482422,19.84600067138672,12.8100004196167,1802.75,,,,,,,-0.05778346463478113,0,0,0,0,0,0,0
2013-11-27,1241.5999755859375,1254.800048828125,1235.5,1237.800048828125,82331,80.73999786376953,119.45999908447266,19.632999420166016,12.979999542236328,1807.22998046875,,,,,,,-0.08207483067875376,0,0,0,0,0,0,0
2013-11-29,1237.800048828125,1254.5,1233.699951171875,1250.5999755859375,9203,80.68000030517578,120.69999694824219,19.981000900268555,13.699999809265137,1805.81005859375,,,,,,,-0.07847788477702722,0,0,0,0,0,0,0
2013-12-02,1251.4000244140625,1251.5,1217.800048828125,1222.300048828125,4979,80.91000366210938,117.58000183105469,19.232999801635742,14.229999542236328,1800.9000244140625,,,,,,,-0.5580967173411202,0,0,0,0,0,0,0
2013-12-03,1219.199951171875,1225.699951171875,1215.5999755859375,1221.699951171875,1932,80.62000274658203,117.95999908447266,19.01099967956543,14.550000190734863,1795.1500244140625,,,,,,,0.002193227413493247,0,0,0,0,0,0,0
2013-12-04,1225.0999755859375,1250.4000244140625,1212.9000244140625,1248.199951171875,1823,80.62999725341797,119.95999908447266,19.77400016784668,14.699999809265137,1792.81005859375,,,,,,,-0.6832272710440969,0,0,0,0,0,0,0
2013-12-05,1240.0,1241.5,1218.5999755859375,1233.199951171875,446,80.2699966430664,118.30000305175781,19.513999938964844,15.079999923706055,1785.030029296875,,,,,,,-0.9302517361864667,0,0,0,0,0,0,0
2013-12-06,1228.699951171875,1242.0,1213.0,1230.300048828125,1032,80.2699966430664,118.55000305175781,19.46500015258789,13.789999961853027,1805.0899658203125,,,,,,,-0.26796783118339196,0,0,0,0,0,0,0
2013-12-09,1230.199951171875,1243.199951171875,1229.0,1235.300048828125,352,80.12999725341797,119.72000122070312,19.643999099731445,13.489999771118164,1808.3699951171875,,,,,,,0.574632121998494,0,0,0,0,0,0,0
2013-12-10,1239.0,1267.0,1239.0,1262.4000244140625,882,79.97000122070312,121.81999969482422,20.256000518798828,13.90999984741211,1802.6199951171875,,,,,,,-0.06014158313448647,0,0,0,0,0,0,0
2013-12-11,1261.9000244140625,1261.9000244140625,1252.0999755859375,1258.5,147,79.88999938964844,120.86000061035156,20.29800033569336,15.420000076293945,1782.219970703125,,,,,,,-0.7706300451200464,0,0,0,0,0,0,0
2013-12-12,1253.5,1255.4000244140625,1225.9000244140625,1226.0,609,80.19999694824219,118.29000091552734,19.402000427246094,15.539999961853027,1775.5,,,,,,,-0.05585228625732492,0,0,0,0,0,0,0
2013-12-13,1226.699951171875,1239.0,1222.199951171875,1235.699951171875,446,80.20999908447266,119.37999725341797,19.55900001525879,15.760000228881836,1775.3199462890625,,,,,,,0.1240886088587636,0,0,0,0,0,0,0
2013-12-16,1238.4000244140625,1250.5999755859375,1228.9000244140625,1245.5,242,80.06999969482422,119.69000244140625,20.048999786376953,16.030000686645508,1786.5400390625,,,,,,,-0.6680047702907248,0,0,0,0,0,0,0
2013-12-17,1237.0,1240.4000244140625,1231.199951171875,1231.199951171875,22,80.05999755859375,118.6500015258789,19.79199981689453,16.209999084472656,1781.0,,,,,,,-0.27769834353678824,0,0,0,0,0,0,0
2013-12-18,1231.5,1245.0999755859375,1217.0,1236.0999755859375,114,80.11000061035156,117.61000061035156,20.013999938964844,13.800000190734863,1810.6500244140625,,,,,,,-3.871035790810033,0,0,0,0,0,0,0
2013-12-19,1226.5999755859375,1226.5999755859375,1188.699951171875,1195.0,124,80.62999725341797,114.81999969482422,19.14299964904785,14.149999618530273,1809.5999755859375,,,,,,,-1.0567444271041397,0,0,0,0,0,0,0
2013-12-20,1190.9000244140625,1207.800048828125,1190.9000244140625,1205.0999755859375,204,80.58000183105469,115.94000244140625,19.417999267578125,13.789999961853027,1818.3199462890625,,,,,,,-0.6885014372774548,0,0,0,0,0,0,0
2013-12-23,1205.199951171875,1205.199951171875,1195.9000244140625,1198.4000244140625,123,80.44999694824219,115.56999969482422,19.378000259399414,13.039999961853027,1827.989990234375,,,,,,,0.03300857913290043,0,0,0,0,0,0,0
2013-12-24,1199.800048828125,1205.5999755859375,1197.699951171875,1205.0999755859375,184,80.52999877929688,116.0999984741211,19.452999114990234,12.479999542236328,1833.3199462890625,,,,,,,-0.26257506329595814,0,0,0,0,0,0,0
2013-12-26,1207.0999755859375,1215.9000244140625,1207.0999755859375,1214.0999755859375,140,80.4800033569336,116.73999786376953,19.885000228881836,12.329999923706055,1842.02001953125,,,,,,,-0.8196085189492834,0,0,0,0,0,0,0
2013-12-27,1213.4000244140625,1218.5,1212.9000244140625,1216.0999755859375,278,80.38999938964844,117.12000274658203,20.01300048828125,12.460000038146973,1841.4000244140625,,,,,,,-0.34018480760127157,0,0,0,0,0,0,0
2013-12-30,1215.0,1215.0,1194.4000244140625,1203.0999755859375,351,80.0,115.38999938964844,19.58099937438965,13.5600004196167,1841.0699462890625,,,,,,,-1.5073873270317109,0,0,0,0,0,0,0
2013-12-31,1196.4000244140625,1212.4000244140625,1182.0,1201.9000244140625,124,80.04000091552734,116.12000274658203,19.339000701904297,13.720000267028809,1848.3599853515625,,,,,,,0.6508120728545808,0,0,0,0,0,0,0
2014-01-02,1204.300048828125,1227.300048828125,1204.300048828125,1225.0,209,80.62999725341797,118.0,20.097999572753906,14.229999542236328,1831.97998046875,,,,,,,-0.23993541434677673,0,0,0,0,0,0,0
2014-01-03,1221.699951171875,1239.0,1221.699951171875,1238.4000244140625,142,80.79000091552734,119.29000091552734,20.18199920654297,13.760000228881836,1831.3699951171875,,,,,,,-0.2316713035700981,0,0,0,0,0,0,0
2014-01-06,1232.800048828125,1247.0,1221.9000244140625,1237.800048828125,127,80.6500015258789,119.5,20.07699966430664,13.550000190734863,1826.77001953125,,,,,,,0.4411522349606851,0,0,0,0,0,0,0
2014-01-07,1239.300048828125,1242.4000244140625,1226.300048828125,1229.4000244140625,73,80.83000183105469,118.81999969482422,19.764999389648438,12.920000076293945,1837.8800048828125,,,,,,,0.752795704234683,0,0,0,0,0,0,0
2014-01-08,1227.5,1227.5,1218.5999755859375,1225.300048828125,189,81.04000091552734,118.12000274658203,19.51799964904785,12.869999885559082,1837.489990234375,,,,,,,-0.020853021973961782,0,0,0,0,0,0,0
2014-01-09,1225.800048828125,1229.300048828125,1225.800048828125,1229.300048828125,7,81.01000213623047,118.45999908447266,19.663000106811523,12.890000343322754,1838.1300048828125,,,,,,,-0.12916229415365063,0,0,0,0,0,0,0
2014-01-10,1235.0,1246.800048828125,1234.0,1246.699951171875,58,80.66000366210938,120.26000213623047,20.201000213623047,12.140000343322754,1842.3699951171875,,,,,,,0.15005897895270504,0,0,0,0,0,0,0
2014-01-13,1250.5999755859375,1252.699951171875,1245.5,1250.9000244140625,46,80.51000213623047,121.0199966430664,20.361000061035156,13.279999732971191,1819.199951171875,,,,,,,1.0441046057067764,0,0,0,0,0,0,0
2014-01-14,1251.0,1251.300048828125,1242.0,1245.199951171875,37,80.61000061035156,119.88999938964844,20.250999450683594,12.279999732971191,1838.8800048828125,,,,,,,-0.4288131410205478,0,0,0,0,0,0,0
2014-01-15,1243.0999755859375,1243.199951171875,1238.0999755859375,1238.0999755859375,68,81.0,119.66000366210938,20.10300064086914,12.279999732971191,1848.3800048828125,,,,,,,0.7960214070557068,0,0,0,0,0,0,0
2014-01-16,1239.300048828125,1242.800048828125,1239.0,1240.0,48,80.9000015258789,119.79000091552734,20.024999618530273,12.529999732971191,1845.8900146484375,,,,,,,0.6377011410156653,0,0,0,0,0,0,0
2014-01-17,1239.699951171875,1254.300048828125,1239.699951171875,1251.699951171875,101,81.26000213623047,120.93000030517578,20.267000198364258,12.4399995803833,1838.699951171875,,,,,,,0.6468830835180528,0,0,0,0,0,0,0
2014-01-21,1256.4000244140625,1257.5,1240.0,1242.300048828125,224,81.0999984741211,119.69999694824219,19.83799934387207,12.869999885559082,1843.800048828125,,,,,,,-0.2003337065441377,0,0,0,0,0,0,0
2014-01-22,1241.699951171875,1242.0,1239.0,1239.0,58,81.16999816894531,119.19000244140625,19.80900001525879,12.84000015258789,1844.8599853515625,,,,,,,-0.6935838515569065,0,0,0,0,0,0,0
2014-01-23,1235.199951171875,1264.199951171875,1235.199951171875,1262.5999755859375,40,80.44000244140625,121.79000091552734,19.986000061035156,13.770000457763672,1828.4599609375,,,,,,,0.16003084478308327,0,0,0,0,0,0,0
2014-01-24,1258.300048828125,1269.4000244140625,1258.300048828125,1264.5,38,80.45999908447266,122.29000091552734,19.743000030517578,18.139999389648438,1790.2900390625,,,,,,,0.965468070208383,0,0,0,0,0,0,0
2014-01-27,1259.800048828125,1264.4000244140625,1254.4000244140625,1263.5999755859375,92,80.5,120.95999908447266,19.770999908447266,17.420000076293945,1781.56005859375,,,,,,,-2.147220866212826,0,0,0,0,0,0,0
2014-01-28,1257.9000244140625,1258.4000244140625,1251.0,1251.0,20,80.56999969482422,120.94999694824219,19.482999801635742,15.800000190734863,1792.5,,,,,,,0.8533215602586715,0,0,0,0,0,0,0
2014-01-29,1262.199951171875,1262.199951171875,1262.199951171875,1262.199951171875,137028,80.51000213623047,122.47000122070312,19.533000946044922,17.350000381469727,1774.199951171875,,,,,,,1.865036284767943,0,0,0,0,0,0,0
2014-01-30,1267.0,1267.699951171875,1237.5,1242.199951171875,45276,81.08999633789062,119.7699966430664,19.111000061035156,17.290000915527344,1794.18994140625,,,,,,,0.0016614894424795232,0,0,0,0,0,0,0
2014-01-31,1243.5999755859375,1254.5,1238.4000244140625,1240.0999755859375,5820,81.2699966430664,120.08999633789062,19.104999542236328,18.40999984741211,1782.5899658203125,,,,,,,1.2460015242705695,0,0,0,0,0,0,0
2014-02-03,1242.4000244140625,1266.300048828125,1241.199951171875,1260.4000244140625,2914,81.01000213623047,121.31999969482422,19.388999938964844,21.440000534057617,1741.8900146484375,,,,,,,-0.5164635627058158,0,0,0,0,0,0,0
2014-02-04,1258.4000244140625,1260.699951171875,1247.800048828125,1251.699951171875,1745,81.12000274658203,120.98999786376953,19.402000427246094,19.110000610351562,1755.199951171875,,,,,,,0.7158255323399095,0,0,0,0,0,0,0
2014-02-05,1254.0,1273.699951171875,1253.0999755859375,1257.300048828125,1616,81.02999877929688,121.29000091552734,19.78499984741211,19.950000762939453,1751.6400146484375,,,,,,,0.13240207365252485,0,0,0,0,0,0,0
2014-02-06,1258.0,1267.0,1253.5,1257.5999755859375,274,80.88999938964844,121.23999786376953,19.908000946044922,17.229999542236328,1773.4300537109375,,,,,,,-0.041652137132517975,0,0,0,0,0,0,0
2014-02-07,1258.300048828125,1271.4000244140625,1257.9000244140625,1263.300048828125,436,80.69000244140625,122.16999816894531,19.920000076293945,15.289999961853027,1797.02001953125,,,,,,,0.8681106450153605,0,0,0,0,0,0,0
2014-02-10,1269.5999755859375,1277.300048828125,1265.699951171875,1274.800048828125,742,80.66999816894531,122.91999816894531,20.099000930786133,15.260000228881836,1799.8399658203125,,,,,,,0.002251109852509941,0,0,0,0,0,0,0
2014-02-11,1274.0,1292.0,1273.800048828125,1290.0999755859375,562,80.62999725341797,124.36000061035156,20.14299964904785,14.510000228881836,1819.75,,,,,,,-0.06427930186837481,0,0,0,0,0,0,0
2014-02-12,1290.5,1296.199951171875,1285.5,1295.300048828125,140,80.68000030517578,124.43000030517578,20.33099937438965,14.300000190734863,1819.260009765625,,,,,,,-1.053514939234762,0,0,0,0,0,0,0
2014-02-13,1293.300048828125,1303.5,1287.5,1300.4000244140625,877,80.29000091552734,125.48999786376953,20.385000228881836,14.140000343322754,1829.8299560546875,,,,,,,0.2817448342837892,0,0,0,0,0,0,0
2014-02-14,1301.699951171875,1320.699951171875,1301.699951171875,1319.0,308,80.12999725341797,127.1500015258789,21.410999298095703,13.569999694824219,1838.6300048828125,,,,,,,-0.009259036756720657,0,0,0,0,0,0,0
2014-02-18,1322.9000244140625,1330.5999755859375,1313.9000244140625,1324.699951171875,373,80.01000213623047,127.4000015258789,21.891000747680664,13.869999885559082,1840.760009765625,,,,,,,-0.6909244947415945,0,0,0,0,0,0,0
2014-02-19,1318.300048828125,1321.5999755859375,1309.0999755859375,1320.5999755859375,193,80.16999816894531,126.2699966430664,21.8439998626709,15.5,1828.75,,,,,,,-2.2799221868209973,0,0,0,0,0,0,0
2014-02-20,1310.699951171875,1323.5,1309.5999755859375,1317.0999755859375,116,80.29000091552734,127.5999984741211,21.67799949645996,14.789999961853027,1839.780029296875,,,,,,,1.4588010185352727,0,0,0,0,0,0,0
2014-02-21,1320.0,1328.300048828125,1317.4000244140625,1323.9000244140625,171,80.23999786376953,127.58000183105469,21.777000427246094,14.680000305175781,1836.25,,,,,,,-0.04159555944958745,0,0,0,0,0,0,0
2014-02-24,1324.300048828125,1339.0,1321.4000244140625,1338.300048828125,93,80.20999908447266,128.99000549316406,22.047000885009766,14.229999542236328,1847.6099853515625,,,,,,,-0.036217731225674184,0,0,0,0,0,0,0
2014-02-25,1336.4000244140625,1343.9000244140625,1333.0999755859375,1343.0,290,80.1500015258789,129.2100067138672,21.959999084472656,13.670000076293945,1845.1199951171875,,,,,,,-0.5658658978289641,0,0,0,0,0,0,0
2014-02-26,1341.199951171875,1342.0,1325.5999755859375,1328.199951171875,485,80.41000366210938,128.11000061035156,21.253999710083008,14.350000381469727,1845.1600341796875,,,,,,,0.19294486493357205,0,0,0,0,0,0,0
2014-02-27,1329.300048828125,1335.0,1324.5999755859375,1331.5999755859375,369,80.29000091552734,128.1999969482422,21.31399917602539,14.039999961853027,1854.2900390625,,,,,,,-0.3380301367540112,0,0,0,0,0,0,0
2014-02-28,1329.800048828125,1332.5999755859375,1321.0999755859375,1321.4000244140625,239,79.77999877929688,127.62000274658203,21.20400047302246,14.0,1859.449951171875,,,,,,,0.6423946778049024,0,0,0,0,0,0,0
2014-03-03,1335.9000244140625,1354.0999755859375,1332.9000244140625,1350.0999755859375,232,80.06999969482422,130.2899932861328,21.447999954223633,16.0,1845.72998046875,,,,,,,0.39906617676702066,0,0,0,0,0,0,0
2014-03-04,1350.4000244140625,1350.4000244140625,1332.199951171875,1337.800048828125,80,80.16000366210938,128.67999267578125,21.187999725341797,14.100000381469727,1873.9100341796875,,,,,,,-0.6050101095709947,0,0,0,0,0,0,0
2014-03-05,1334.800048828125,1341.0,1334.800048828125,1340.199951171875,32,80.11000061035156,128.88999938964844,21.23900032043457,13.890000343322754,1873.81005859375,,,,,,,-0.6534723441576706,0,0,0,0,0,0,0
2014-03-06,1338.0,1351.699951171875,1333.300048828125,1351.699951171875,59,79.68000030517578,130.1699981689453,21.54199981689453,14.210000038146973,1877.030029296875,,,,,,,-0.22599481006897662,0,0,0,0,0,0,0
2014-03-07,1349.5,1352.699951171875,1329.199951171875,1338.0999755859375,97,79.72000122070312,129.08999633789062,20.89699935913086,14.109999656677246,1878.0400390625,,,,,,,0.31153170320804585,0,0,0,0,0,0,0
2014-03-10,1336.0,1344.699951171875,1330.5,1341.4000244140625,97,79.75,129.1300048828125,20.878999710083008,14.199999809265137,1877.1700439453125,,,,,,,-0.3861357209854378,0,0,0,0,0,0,0
2014-03-11,1340.0,1352.4000244140625,1338.0999755859375,1346.5,53,79.7699966430664,129.86000061035156,20.784000396728516,14.800000190734863,1867.6300048828125,,,,,,,0.19562867428156497,0,0,0,0,0,0,0
2014-03-12,1349.0999755859375,1370.5,1348.699951171875,1370.300048828125,58,79.61000061035156,131.75999450683594,21.327999114990234,14.470000267028809,1868.199951171875,,,,,,,-0.7325102251133314,0,0,0,0,0,0,0
2014-03-13,1366.800048828125,1374.5,1366.5,1372.199951171875,23,79.62000274658203,132.2100067138672,21.16900062561035,16.219999313354492,1846.3399658203125,,,,,,,-0.06744643860065827,0,0,0,0,0,0,0
2014-03-14,1376.0999755859375,1386.5999755859375,1371.0999755859375,1379.0,91,79.44000244140625,133.10000610351562,21.384000778198242,17.81999969482422,1841.1300048828125,,,,,,,0.485987984986893,0,0,0,0,0,0,0
2014-03-17,1386.0999755859375,1391.4000244140625,1372.199951171875,1372.9000244140625,29,79.38999938964844,131.63999938964844,21.249000549316406,15.640000343322754,1858.8299560546875,,,,,,,-1.6103080105000378,0,0,0,0,0,0,0
2014-03-18,1359.300048828125,1361.800048828125,1353.4000244140625,1359.0,35,79.41000366210938,130.6199951171875,20.836000442504883,14.520000457763672,1872.25,,,,,,,-0.8157849072170104,0,0,0,0,0,0,0
2014-03-19,1357.0999755859375,1358.0,1332.699951171875,1341.4000244140625,57,79.98999786376953,128.08999633789062,20.799999237060547,15.119999885559082,1860.77001953125,,,,,,,-2.708411457747718,0,0,0,0,0,0,0
2014-03-20,1333.699951171875,1333.699951171875,1325.800048828125,1330.5,72,80.20999908447266,127.86000061035156,20.40399932861328,14.520000457763672,1872.010009765625,,,,,,,-0.7713702810573856,0,0,0,0,0,0,0
2014-03-21,1339.0999755859375,1339.0999755859375,1335.800048828125,1336.0,3,80.11000061035156,128.47000122070312,20.285999298095703,15.0,1866.52001953125,,,,,,,-0.7164866809678595,0,0,0,0,0,0,0
2014-03-24,1333.0,1333.0,1310.5,1311.199951171875,103,79.93000030517578,126.18000030517578,20.042999267578125,15.09000015258789,1857.43994140625,,,,,,,-0.47042479348353666,0,0,0,0,0,0,0
2014-03-25,1315.5,1315.5,1307.5,1311.4000244140625,46,79.94000244140625,126.41000366210938,19.954999923706055,14.020000457763672,1865.6199951171875,,,,,,,0.09516308183198012,0,0,0,0,0,0,0
2014-03-26,1315.199951171875,1315.199951171875,1303.4000244140625,1303.4000244140625,4,79.9800033569336,125.41000366210938,19.759000778198242,14.930000305175781,1852.56005859375,,,,,,,-0.5222095588658755,0,0,0,0,0,0,0
2014-03-27,1294.699951171875,1294.699951171875,1294.699951171875,1294.699951171875,185016,80.11000061035156,124.58999633789062,19.690000534057617,14.619999885559082,1849.0400390625,,,,,,,-0.4677985367963681,0,0,0,0,0,0,0
2014-03-28,1292.199951171875,1299.4000244140625,1285.9000244140625,1293.800048828125,65486,80.18000030517578,124.55999755859375,19.77199935913086,14.40999984741211,1857.6199951171875,,,,,,,-0.3192457023885664,0,0,0,0,0,0,0
2014-03-31,1294.300048828125,1298.800048828125,1282.4000244140625,1283.4000244140625,4121,80.0999984741211,123.61000061035156,19.733999252319336,13.880000114440918,1872.3399658203125,,,,,,,-0.1761089285575534,0,0,0,0,0,0,0
2014-04-01,1285.0999755859375,1287.9000244140625,1277.300048828125,1279.5999755859375,884,80.08000183105469,123.38999938964844,19.66900062561035,13.100000381469727,1885.52001953125,,,,,,,0.2088835272211787,0,0,0,0,0,0,0
2014-04-02,1280.199951171875,1294.0999755859375,1280.199951171875,1290.5,1099,80.22000122070312,124.31999969482422,20.0310001373291,13.09000015258789,1890.9000244140625,,,,,,,-0.12022022808033252,0,0,0,0,0,0,0
2014-04-03,1290.800048828125,1293.5,1282.699951171875,1284.4000244140625,775,80.47000122070312,123.91999816894531,19.785999298095703,13.369999885559082,1888.77001953125,,,,,,,0.4102714659396412,0,0,0,0,0,0,0
2014-04-04,1285.5,1306.0999755859375,1284.4000244140625,1303.199951171875,976,80.41999816894531,125.56999969482422,19.927000045776367,13.960000038146973,1865.0899658203125,,,,,,,-0.05561357903172898,0,0,0,0,0,0,0
2014-04-07,1301.4000244140625,1304.0,1296.300048828125,1298.0,361,80.22000122070312,124.91000366210938,19.891000747680664,15.569999694824219,1845.0400390625,,,,,,,-0.4903594363069458,0,0,0,0,0,0,0
2014-04-08,1296.5999755859375,1314.0999755859375,1296.5999755859375,1308.699951171875,264,79.75,126.08999633789062,20.04199981689453,14.890000343322754,1851.9599609375,,,,,,,-0.04840538160212558,0,0,0,0,0,0,0
2014-04-09,1309.5,1313.5999755859375,1301.0999755859375,1305.5,191,79.4800033569336,126.31999969482422,19.7549991607666,13.819999694824219,1872.1800537109375,,,,,,,1.4439500704122161,0,0,0,0,0,0,0
2014-04-10,1311.800048828125,1323.800048828125,1311.199951171875,1320.0999755859375,127,79.37999725341797,127.01000213623047,20.077999114990234,15.890000343322754,1833.0799560546875,,,,,,,-0.5538412281565184,0,0,0,0,0,0,0
2014-04-11,1319.0,1322.800048828125,1316.300048828125,1318.699951171875,76,79.44999694824219,126.93000030517578,19.933000564575195,17.030000686645508,1815.68994140625,,,,,,,-0.38989159433577425,0,0,0,0,0,0,0
2014-04-14,1320.0999755859375,1330.0,1320.0999755859375,1327.199951171875,328,79.7300033569336,127.8499984741211,19.999000549316406,16.110000610351562,1830.6099853515625,,,,,,,-0.08647843245518841,0,0,0,0,0,0,0
2014-04-15,1322.699951171875,1322.699951171875,1291.5,1300.0,238,79.80000305175781,125.48999786376953,19.47800064086914,15.609999656677246,1842.97998046875,,,,,,,0.6413734254667619,0,0,0,0,0,0,0
2014-04-16,1302.699951171875,1303.5,1295.0,1303.0999755859375,177,79.81999969482422,125.54000091552734,19.62299919128418,14.180000305175781,1862.31005859375,,,,,,,-0.05028709426931128,0,0,0,0,0,0,0
2014-04-17,1300.0999755859375,1303.0,1292.5,1293.4000244140625,124,79.83000183105469,124.75,19.586000442504883,13.359999656677246,1864.8499755859375,,,,,,,0.37945949318526545,0,0,0,0,0,0,0
2014-04-21,1290.0,1299.199951171875,1283.800048828125,1288.0,100,79.94999694824219,124.23999786376953,19.340999603271484,13.25,1871.8900146484375,,,,,,,0.4230840875684157,0,0,0,0,0,0,0
2014-04-22,1289.199951171875,1291.5999755859375,1276.0,1280.5999755859375,100,79.91000366210938,123.77999877929688,19.35099983215332,13.1899995803833,1879.550048828125,,,,,,,1.1439222172073202,0,0,0,0,0,0,0
2014-04-23,1284.300048828125,1287.699951171875,1282.4000244140625,1284.199951171875,176,79.86000061035156,123.76000213623047,19.43000030517578,13.270000457763672,1875.3900146484375,,,,,,,0.058876216891192365,0,0,0,0,0,0,0
2014-04-24,1284.5999755859375,1297.9000244140625,1272.4000244140625,1290.5,522,79.80000305175781,124.55999755859375,19.68199920654297,13.319999694824219,1878.6099853515625,,,,,,,0.6162349213030973,0,0,0,0,0,0,0
2014-04-25,1293.800048828125,1304.5999755859375,1293.800048828125,1300.699951171875,274,79.7699966430664,125.43000030517578,19.684999465942383,14.0600004196167,1863.4000244140625,,,,,,,0.30645789368712945,0,0,0,0,0,0,0
2014-04-28,1305.4000244140625,1305.4000244140625,1293.0,1298.9000244140625,388,79.68000030517578,124.87999725341797,19.584999084472656,13.970000267028809,1869.4300537109375,,,,,,,-0.8579689785381824,0,0,0,0,0,0,0
2014-04-29,1295.5,1300.5,1289.0999755859375,1296.0,904,79.80999755859375,124.86000061035156,19.488000869750977,13.710000038146973,1878.3299560546875,,,,,,,-0.04358344610331824,0,0,0,0,0,0,0
2014-04-30,1296.0,1296.5,1286.5999755859375,1295.5999755859375,181,79.48999786376953,124.22000122070312,19.118999481201172,13.40999984741211,1883.949951171875,,,,,,,-1.9039541017580242,0,0,0,0,0,0,0
2014-05-01,1288.699951171875,1288.699951171875,1278.0,1283.0999755859375,25,79.52999877929688,123.80000305175781,18.98900032043457,13.25,1883.6800537109375,,,,,,,0.6191227106382587,0,0,0,0,0,0,0
2014-05-02,1276.699951171875,1302.699951171875,1276.699951171875,1302.5999755859375,90,79.5199966430664,125.05999755859375,19.492000579833984,12.90999984741211,1881.1400146484375,,,,,,,-1.339761761298348,0,0,0,0,0,0,0
2014-05-05,1305.5999755859375,1314.199951171875,1305.5,1309.0,31,79.48999786376953,126.22000122070312,19.520000457763672,13.289999961853027,1884.6600341796875,,,,,,,0.42082366172531677,0,0,0,0,0,0,0
2014-05-06,1309.4000244140625,1309.4000244140625,1306.9000244140625,1308.300048828125,14,79.13999938964844,125.9800033569336,19.597999572753906,13.800000190734863,1867.719970703125,,,,,,,-0.11661167217399251,0,0,0,0,0,0,0
2014-05-07,1310.300048828125,1312.0,1288.0,1288.5999755859375,21,79.22000122070312,124.16999816894531,19.29800033569336,13.399999618530273,1878.2099609375,,,,,,,0.1830315821339447,0,0,0,0,0,0,0
2014-05-08,1291.5,1291.5,1285.5,1287.4000244140625,65,79.43000030517578,124.16999816894531,19.0939998626709,13.430000305175781,1875.6300048828125,,,,,,,0.5684615516641994,0,0,0,0,0,0,0
2014-05-09,1287.300048828125,1287.300048828125,1287.300048828125,1287.300048828125,3,79.9000015258789,124.0999984741211,19.07699966430664,12.920000076293945,1878.47998046875,,,,,,,0.39514196207475355,0,0,0,0,0,0,0
2014-05-12,1282.0999755859375,1295.9000244140625,1281.199951171875,1295.5999755859375,19,79.9000015258789,124.94000244140625,19.5,12.229999542236328,1896.6500244140625,,,,,,,0.5303387270275617,0,0,0,0,0,0,0
2014-05-13,1295.5,1295.5,1292.0,1294.5999755859375,20,80.13999938964844,124.5999984741211,19.503999710083008,12.130000114440918,1897.449951171875,,,,,,,-0.2917084357577234,0,0,0,0,0,0,0
2014-05-14,1292.800048828125,1306.9000244140625,1292.800048828125,1305.699951171875,25,80.06999969482422,125.80999755859375,19.735000610351562,12.170000076293945,1888.530029296875,,,,,,,0.16970607635351484,0,0,0,0,0,0,0
2014-05-15,1302.5,1302.5,1292.800048828125,1293.5,27,80.0,124.7699966430664,19.44700050354004,13.170000076293945,1870.8499755859375,,,,,,,0.6424082905401542,0,0,0,0,0,0,0
2014-05-16,1293.300048828125,1293.300048828125,1293.300048828125,1293.300048828125,8,80.04000091552734,124.5,19.29199981689453,12.4399995803833,1877.8599853515625,,,,,,,-0.2166965573355266,0,0,0,0,0,0,0
2014-05-19,1293.699951171875,1293.699951171875,1293.699951171875,1293.699951171875,44,79.98999786376953,124.58000183105469,19.32200050354004,12.420000076293945,1885.0799560546875,,,,,,,-0.08200423344152204,0,0,0,0,0,0,0
2014-05-20,1290.699951171875,1294.5,1290.0999755859375,1294.5,8,80.04000091552734,124.69000244140625,19.367000579833984,12.960000038146973,1872.8299560546875,,,,,,,-0.019654207058093766,0,0,0,0,0,0,0
2014-05-21,1287.4000244140625,1288.0,1287.4000244140625,1288.0,2,80.0999984741211,124.38999938964844,19.30699920654297,11.90999984741211,1888.030029296875,,,,,,,1.3124384625198766,0,0,0,0,0,0,0
2014-05-22,1294.199951171875,1295.0,1294.199951171875,1294.9000244140625,4,80.25,124.66999816894531,19.489999771118164,12.029999732971191,1892.489990234375,,,,,,,-0.2220578703554424,0,0,0,0,0,0,0
2014-05-23,1293.199951171875,1293.4000244140625,1291.5999755859375,1291.5999755859375,3,80.38999938964844,124.51000213623047,19.38800048828125,11.359999656677246,1900.530029296875,,,,,,,0.4074099394880466,0,0,0,0,0,0,0
2014-05-27,1291.9000244140625,1291.9000244140625,1265.4000244140625,1265.4000244140625,25,80.3499984741211,121.8499984741211,19.038999557495117,11.510000228881836,1911.9100341796875,,,,,,,-0.14810372050382417,0,0,0,0,0,0,0
2014-05-28,1259.300048828125,1259.300048828125,1259.300048828125,1259.300048828125,168825,80.56999969482422,121.19999694824219,19.03499984741211,11.680000305175781,1909.780029296875,,,,,,,-0.38929176610868627,0,0,0,0,0,0,0
2014-05-29,1258.300048828125,1260.5999755859375,1250.9000244140625,1256.300048828125,38045,80.48999786376953,120.94000244140625,18.982999801635742,11.569999694824219,1920.030029296875,,,,,,,-0.26981305589018306,0,0,0,0,0,0,0
2014-05-30,1255.0999755859375,1259.5999755859375,1241.800048828125,1245.5999755859375,3839,80.37000274658203,120.43000030517578,18.652999877929688,11.399999618530273,1923.5699462890625,,,,,,,1.8622184321306114,0,0,0,0,0,0,0
2014-06-02,1250.0,1250.699951171875,1240.9000244140625,1243.699951171875,774,80.63999938964844,119.69999694824219,18.708999633789062,11.579999923706055,1924.969970703125,,,,,,,-0.3670526397086863,0,0,0,0,0,0,0
2014-06-03,1244.0999755859375,1247.5,1240.5,1244.300048828125,654,80.55000305175781,120.01000213623047,18.73200035095215,11.869999885559082,1924.239990234375,,,,,,,0.6556741843957158,0,0,0,0,0,0,0
2014-06-04,1245.0999755859375,1248.800048828125,1242.699951171875,1244.0,604,80.66999816894531,119.76000213623047,18.766000747680664,12.079999923706055,1927.8800048828125,,,,,,,-0.26860529815020096,0,0,0,0,0,0,0
2014-06-05,1244.0,1256.5999755859375,1241.199951171875,1253.0,1317,80.37000274658203,120.66000366210938,19.05500030517578,11.680000305175781,1940.4599609375,,,,,,,-0.12970649649600124,0,0,0,0,0,0,0
2014-06-06,1253.4000244140625,1256.5999755859375,1246.300048828125,1252.0999755859375,381,80.41000366210938,120.61000061035156,18.96299934387207,10.729999542236328,1949.43994140625,,,,,,,0.03392290197176907,0,0,0,0,0,0,0
2014-06-09,1252.699951171875,1256.0999755859375,1252.5999755859375,1253.5,97,80.6500015258789,120.6500015258789,19.045000076293945,11.149999618530273,1951.27001953125,,,,,,,-0.35803540154764435,0,0,0,0,0,0,0
2014-06-10,1252.4000244140625,1262.300048828125,1251.0,1259.800048828125,1007,80.81999969482422,121.38999938964844,19.14699935913086,10.989999771118164,1950.7900390625,,,,,,,0.2006826608649462,0,0,0,0,0,0,0
2014-06-11,1259.9000244140625,1264.4000244140625,1259.0999755859375,1260.800048828125,128,80.79000091552734,121.41000366210938,19.15399932861328,11.600000381469727,1943.8900146484375,,,,,,,-0.12737539611285092,0,0,0,0,0,0,0
2014-06-12,1260.0,1274.5,1260.0,1273.5999755859375,129,80.58000183105469,122.63999938964844,19.514999389648438,12.5600004196167,1930.1099853515625,,,,,,,-0.13345070944434073,0,0,0,0,0,0,0
2014-06-13,1272.5,1274.699951171875,1271.300048828125,1273.699951171875,145,80.58000183105469,122.95999908447266,19.636999130249023,12.180000305175781,1936.1600341796875,,,,,,,1.1404369298661408,0,0,0,0,0,0,0
2014-06-16,1279.800048828125,1282.0999755859375,1270.800048828125,1274.9000244140625,334,80.47000122070312,122.41999816894531,19.70199966430664,12.649999618530273,1937.780029296875,,,,,,,-1.5995032584344797,0,0,0,0,0,0,0
2014-06-17,1272.800048828125,1272.800048828125,1260.9000244140625,1271.699951171875,819,80.62999725341797,122.27999877929688,19.72100067138672,12.0600004196167,1941.989990234375,,,,,,,-0.9016557849610408,0,0,0,0,0,0,0
2014-06-18,1269.9000244140625,1272.699951171875,1267.4000244140625,1272.4000244140625,143,80.58000183105469,122.66999816894531,19.767000198364258,10.609999656677246,1956.97998046875,,,,,,,0.4660842994511819,0,0,0,0,0,0,0
2014-06-19,1277.199951171875,1321.0,1277.199951171875,1313.699951171875,601,80.31999969482422,126.94000244140625,20.636999130249023,10.619999885559082,1959.47998046875,,,,,,,1.8327453679267143,0,0,0,0,0,0,0
2014-06-20,1321.4000244140625,1321.4000244140625,1306.800048828125,1316.199951171875,254,80.37000274658203,126.5,20.941999435424805,10.850000381469727,1962.8699951171875,,,,,,,-1.5128896844597366,0,0,0,0,0,0,0
2014-06-23,1312.300048828125,1318.0,1312.300048828125,1318.0,142,80.26000213623047,126.8499984741211,20.909000396728516,10.979999542236328,1962.6099853515625,,,,,,,-0.6490538104665468,0,0,0,0,0,0,0
2014-06-24,1315.5999755859375,1325.5999755859375,1315.5999755859375,1320.9000244140625,223,80.33000183105469,126.9800033569336,21.038000106811523,12.130000114440918,1949.97998046875,,,,,,,-1.3317537033650144,0,0,0,0,0,0,0
2014-06-25,1315.300048828125,1323.4000244140625,1312.0,1322.199951171875,294,80.22000122070312,126.98999786376953,21.111000061035156,11.59000015258789,1959.530029296875,,,,,,,-1.824969116986087,0,0,0,0,0,0,0
2014-06-26,1319.5999755859375,1319.5999755859375,1312.4000244140625,1316.0999755859375,1204,80.2300033569336,126.7300033569336,21.10300064086914,11.630000114440918,1957.219970703125,,,,,,,-0.2925059438280804,0,0,0,0,0,0,0
2014-06-27,1317.4000244140625,1320.9000244140625,1313.300048828125,1319.0,625,80.04000091552734,126.66000366210938,21.07699966430664,11.260000228881836,1960.9599609375,,,,,,,-1.8659806202674365,0,0,0,0,0,0,0
2014-06-30,1315.300048828125,1328.699951171875,1311.800048828125,1321.800048828125,744,79.77999877929688,128.0399932861328,21.006999969482422,11.569999694824219,1960.22998046875,,,,,,,2.9434363733362967,0,0,0,0,0,0,0
2014-07-01,1326.699951171875,1331.4000244140625,1326.199951171875,1326.4000244140625,51,79.81999969482422,127.69999694824219,21.066999435424805,11.149999618530273,1973.3199462890625,,,,,,,-0.3698133792685211,0,0,0,0,0,0,0
2014-07-02,1326.800048828125,1330.699951171875,1326.800048828125,1330.699951171875,226,79.95999908447266,127.69999694824219,21.253999710083008,10.819999694824219,1974.6199951171875,,,,,,,-2.014873563332718,0,0,0,0,0,0,0
2014-07-03,1327.300048828125,1327.699951171875,1313.0,1320.4000244140625,40,80.20999908447266,127.16000366210938,21.089000701904297,10.319999694824219,1985.43994140625,,,,,,,-0.1560300077188547,0,0,0,0,0,0,0
2014-07-07,1318.699951171875,1320.300048828125,1313.199951171875,1316.5,93,80.22000122070312,127.0199966430664,20.965999603271484,11.329999923706055,1977.6500244140625,,,,,,,0.8052726095992144,0,0,0,0,0,0,0
2014-07-08,1318.4000244140625,1323.5,1316.0,1316.0,6,80.18000030517578,127.06999969482422,20.966999053955078,11.979999542236328,1963.7099609375,,,,,,,1.17212998450603,0,0,0,0,0,0,0
2014-07-09,1324.0,1330.4000244140625,1323.800048828125,1323.800048828125,16,79.98999786376953,127.83999633789062,21.02199935913086,11.649999618530273,1972.8299560546875,,,,,,,1.2068944685417708,0,0,0,0,0,0,0
2014-07-10,1330.5,1343.699951171875,1328.0,1338.699951171875,28,80.12999725341797,128.5399932861328,21.458999633789062,12.59000015258789,1964.6800537109375,,,,,,,-1.694903911716355,0,0,0,0,0,0,0
2014-07-11,1337.9000244140625,1339.0,1336.199951171875,1337.0,112,80.19000244140625,128.77999877929688,21.410999298095703,12.079999923706055,1967.5699462890625,,,,,,,-0.07219426397924478,0,0,0,0,0,0,0
2014-07-14,1332.800048828125,1332.800048828125,1304.699951171875,1306.300048828125,103,80.19000244140625,125.72000122070312,20.86400032043457,11.819999694824219,1977.0999755859375,,,,,,,-0.4989153880842819,0,0,0,0,0,0,0
2014-07-15,1307.4000244140625,1311.9000244140625,1294.0999755859375,1296.9000244140625,368,80.38999938964844,124.52999877929688,20.841999053955078,11.960000038146973,1973.280029296875,,,,,,,-1.6297004418528576,0,0,0,0,0,0,0
2014-07-16,1298.4000244140625,1303.0999755859375,1296.9000244140625,1299.5999755859375,34,80.55999755859375,124.97000122070312,20.726999282836914,11.0,1981.5699462890625,,,,,,,-0.8631834855104213,0,0,0,0,0,0,0
2014-07-17,1303.0999755859375,1323.800048828125,1303.0999755859375,1316.699951171875,16,80.5199966430664,127.08999633789062,21.086000442504883,14.539999961853027,1958.1199951171875,,,,,,,1.0363238735345979,0,0,0,0,0,0,0
2014-07-18,1322.699951171875,1322.699951171875,1306.199951171875,1309.199951171875,27,80.5199966430664,126.12999725341797,20.83799934387207,12.0600004196167,1978.219970703125,,,,,,,0.09382845494944236,0,0,0,0,0,0,0
2014-07-21,1311.0,1315.5,1311.0,1313.699951171875,18,80.55999755859375,126.33999633789062,20.965999603271484,12.8100004196167,1973.6300048828125,,,,,,,-0.782852753567792,0,0,0,0,0,0,0
2014-07-22,1306.0999755859375,1306.0999755859375,1306.0999755859375,1306.0999755859375,2,80.77999877929688,125.73999786376953,20.96500015258789,12.239999771118164,1983.530029296875,,,,,,,-0.22572025769740717,0,0,0,0,0,0,0
2014-07-23,1304.5,1304.5,1304.5,1304.5,0,80.80999755859375,125.62000274658203,20.95199966430664,11.520000457763672,1987.010009765625,,,,,,,-0.07753741917047487,0,0,0,0,0,0,0
2014-07-24,1297.5,1297.5,1290.5999755859375,1290.5999755859375,1,80.87000274658203,124.3499984741211,20.375999450683594,11.84000015258789,1987.97998046875,,,,,,,0.2284544688368598,0,0,0,0,0,0,0
2014-07-25,1294.800048828125,1303.0999755859375,1294.800048828125,1303.0999755859375,8,81.02999877929688,125.79000091552734,20.58799934387207,12.6899995803833,1978.3399658203125,,,,,,,1.2040049493233216,0,0,0,0,0,0,0
2014-07-28,1307.4000244140625,1308.0,1303.300048828125,1303.300048828125,52,81.02999877929688,125.58000183105469,20.525999069213867,12.5600004196167,1978.9100341796875,,,,,,,0.22766504502057627,0,0,0,0,0,0,0
2014-07-29,1310.9000244140625,1310.9000244140625,1298.300048828125,1298.300048828125,181554,81.20999908447266,125.19999694824219,20.54599952697754,13.279999732971191,1969.949951171875,,,,,,,0.6478295682950722,0,0,0,0,0,0,0
2014-07-30,1298.5999755859375,1303.0,1291.0,1294.9000244140625,36189,81.41999816894531,124.83000183105469,20.558000564575195,13.329999923706055,1970.0699462890625,,,,,,,0.4451636355791372,0,0,0,0,0,0,0
2014-07-31,1295.0999755859375,1297.300048828125,1280.5999755859375,1281.300048828125,5663,81.45999908447266,123.38999938964844,20.37299919128418,16.950000762939453,1930.6700439453125,,,,,,,-0.11619093632372297,0,0,0,0,0,0,0
2014-08-01,1284.0999755859375,1296.5999755859375,1279.699951171875,1293.5999755859375,1985,81.30000305175781,124.37999725341797,20.332000732421875,17.030000686645508,1925.1500244140625,,,,,,,-1.016887092902273,0,0,0,0,0,0,0
2014-08-04,1294.4000244140625,1295.0,1285.9000244140625,1287.699951171875,917,81.33000183105469,123.98999786376953,20.194000244140625,15.119999885559082,1938.989990234375,,,,,,,-0.1940372715016989,0,0,0,0,0,0,0
2014-08-05,1288.0,1292.699951171875,1282.5999755859375,1284.0,825,81.5199966430664,123.87000274658203,19.79400062561035,16.8700008392334,1920.2099609375,,,,,,,0.8701272595818718,0,0,0,0,0,0,0
2014-08-06,1288.0999755859375,1309.0,1287.800048828125,1306.699951171875,706,81.44000244140625,125.66999816894531,19.985000610351562,16.3700008392334,1920.239990234375,,,,,,,-0.8584281367005044,0,0,0,0,0,0,0
2014-08-07,1305.300048828125,1313.0999755859375,1302.5,1310.800048828125,225,81.5199966430664,126.18000030517578,19.951000213623047,16.65999984741211,1909.5699462890625,,,,,,,-0.3273444675549798,0,0,0,0,0,0,0
2014-08-08,1310.800048828125,1321.4000244140625,1308.0,1308.9000244140625,586,81.38999938964844,126.19000244140625,19.902000427246094,15.770000457763672,1931.5899658203125,,,,,,,0.535082425966941,0,0,0,0,0,0,0
2014-08-11,1308.4000244140625,1309.699951171875,1305.300048828125,1308.5,194,81.47000122070312,125.95999908447266,20.059999465942383,14.229999542236328,1936.9200439453125,,,,,,,-0.30652825065304323,0,0,0,0,0,0,0
2014-08-12,1306.199951171875,1315.800048828125,1305.800048828125,1308.800048828125,438,81.5,125.98999786376953,19.8700008392334,14.130000114440918,1933.75,,,,,,,-0.30336515268673464,0,0,0,0,0,0,0
2014-08-13,1308.800048828125,1312.800048828125,1305.0,1312.800048828125,238,81.5999984741211,126.19999694824219,19.809999465942383,12.899999618530273,1946.719970703125,,,,,,,-1.0566969483919346,0,0,0,0,0,0,0
2014-08-14,1311.800048828125,1316.4000244140625,1309.699951171875,1313.9000244140625,320,81.58999633789062,126.30999755859375,19.871000289916992,12.420000076293945,1955.1800537109375,,,,,,,-1.0054217668969092,0,0,0,0,0,0,0
2014-08-15,1311.699951171875,1312.800048828125,1292.0,1304.5,199,81.41999816894531,125.4800033569336,19.489999771118164,13.149999618530273,1955.06005859375,,,,,,,-0.6681654990865006,0,0,0,0,0,0,0
2014-08-18,1301.4000244140625,1302.0999755859375,1295.699951171875,1297.699951171875,100,81.58000183105469,124.95999908447266,19.600000381469727,12.319999694824219,1971.739990234375,,,,,,,-0.06920218708184264,0,0,0,0,0,0,0
2014-08-19,1298.800048828125,1301.5999755859375,1294.0,1295.0999755859375,144,81.87999725341797,124.68000030517578,19.386999130249023,12.210000038146973,1981.5999755859375,,,,,,,-0.19691095604797063,0,0,0,0,0,0,0
2014-08-20,1295.4000244140625,1295.800048828125,1288.4000244140625,1293.4000244140625,332,82.25,124.22000122070312,19.472000122070312,11.779999732971191,1986.510009765625,,,,,,,-1.4783201753767061,0,0,0,0,0,0,0
2014-08-21,1290.0,1290.0,1272.0,1273.699951171875,264,82.1500015258789,122.87999725341797,19.389999389648438,11.760000228881836,1992.3699951171875,,,,,,,1.0111962490274282,0,0,0,0,0,0,0
2014-08-22,1276.0,1280.0,1275.0,1278.5999755859375,119,82.33999633789062,123.19000244140625,19.361000061035156,11.470000267028809,1988.4000244140625,,,,,,,0.2838423462067265,0,0,0,0,0,0,0
2014-08-25,1277.300048828125,1277.5999755859375,1273.699951171875,1277.300048828125,251,82.55000305175781,122.73999786376953,19.33799934387207,11.699999809265137,1997.9200439453125,,,,,,,-1.1519906989022906,0,0,0,0,0,0,0
2014-08-26,1289.4000244140625,1289.5,1281.0999755859375,1283.800048828125,74,82.6500015258789,123.3499984741211,19.3700008392334,11.630000114440918,2000.02001953125,,,,,,,-1.1890624002515786,0,0,0,0,0,0,0
2014-08-27,1281.5,1282.300048828125,1281.5,1281.9000244140625,783,82.43000030517578,123.31999969482422,19.395000457763672,11.779999732971191,2000.1199951171875,,,,,,,-0.5104818484541852,0,0,0,0,0,0,0
2014-08-28,1284.5,1293.699951171875,1284.300048828125,1288.699951171875,817,82.4800033569336,124.0,19.534000396728516,12.050000190734863,1996.739990234375,,,,,,,-0.37089281254214107,0,0,0,0,0,0,0
2014-08-29,1289.5,1289.699951171875,1284.800048828125,1285.800048828125,116,82.75,123.86000061035156,19.398000717163086,12.09000015258789,2003.3699951171875,,,,,,,0.255603734153113,0,0,0,0,0,0,0
2014-09-02,1284.5,1286.4000244140625,1262.5,1263.699951171875,280,82.98999786376953,121.6500015258789,19.070999145507812,12.25,2002.280029296875,,,,,,,-0.10467481835842386,0,0,0,0,0,0,0
2014-09-03,1266.300048828125,1271.0999755859375,1263.0999755859375,1268.9000244140625,279,82.87000274658203,122.1500015258789,19.107999801635742,12.359999656677246,2000.719970703125,,,,,,,-0.10686594771368357,0,0,0,0,0,0,0
2014-09-04,1268.699951171875,1272.699951171875,1260.4000244140625,1265.0999755859375,290,83.81999969482422,121.4800033569336,19.06399917602539,12.640000343322754,1997.6500244140625,,,,,,,-1.4751785177116765,0,0,0,0,0,0,0
2014-09-05,1263.199951171875,1268.0999755859375,1263.199951171875,1265.800048828125,123,83.76000213623047,122.05999755859375,19.082000732421875,12.09000015258789,2007.7099609375,,,,,,,0.8614633126758744,0,0,0,0,0,0,0
2014-09-08,1268.4000244140625,1268.4000244140625,1252.699951171875,1252.699951171875,2,84.2300033569336,120.7300033569336,18.886999130249023,12.65999984741211,2001.5400390625,,,,,,,0.5412113133243708,0,0,0,0,0,0,0
2014-09-09,1246.800048828125,1246.800048828125,1246.800048828125,1246.800048828125,0,84.27999877929688,120.87000274658203,18.8439998626709,13.5,1988.43994140625,,,,,,,3.3925192548262304,0,0,0,0,0,0,0
2014-09-10,1256.699951171875,1256.699951171875,1243.5,1243.5,95,84.25,120.26000213623047,18.856000900268555,12.880000114440918,1995.68994140625,,,,,,,2.069647438549916,0,0,0,0,0,0,0
2014-09-11,1237.4000244140625,1237.4000244140625,1237.4000244140625,1237.4000244140625,0,84.30000305175781,119.47000122070312,18.533000946044922,12.800000190734863,1997.449951171875,,,,,,,1.2240580486045332,0,0,0,0,0,0,0
2014-09-12,1227.0,1229.9000244140625,1227.0,1229.9000244140625,47,84.23999786376953,118.37999725341797,18.54599952697754,13.3100004196167,1985.5400390625,,,,,,,-0.22788304273829885,0,0,0,0,0,0,0
2014-09-15,1226.699951171875,1235.0,1226.699951171875,1233.5999755859375,21,84.26000213623047,118.63999938964844,18.555999755859375,14.119999885559082,1984.1300048828125,,,,,,,-0.6373846104776658,0,0,0,0,0,0,0
2014-09-16,1238.300048828125,1238.300048828125,1235.199951171875,1235.199951171875,3,84.06999969482422,118.83000183105469,18.6560001373291,12.729999542236328,1998.97998046875,,,,,,,-0.4943611902995289,0,0,0,0,0,0,0
2014-09-17,1236.199951171875,1236.199951171875,1221.9000244140625,1234.4000244140625,10,84.69999694824219,117.54000091552734,18.663000106811523,12.649999618530273,2001.5699462890625,,,,,,,-4.442006589923755,0,0,0,0,0,0,0
2014-09-18,1216.199951171875,1225.699951171875,1216.199951171875,1225.699951171875,5,84.31999969482422,117.77999877929688,18.45199966430664,12.029999732971191,2011.3599853515625,,,,,,,-0.7674648770562139,0,0,0,0,0,0,0
2014-09-19,1218.300048828125,1218.300048828125,1215.300048828125,1215.300048828125,4,84.80000305175781,117.08999633789062,17.7810001373291,12.109999656677246,2010.4000244140625,,,,,,,0.2965880044204612,0,0,0,0,0,0,0
2014-09-22,1214.9000244140625,1216.800048828125,1212.4000244140625,1216.800048828125,7,84.66999816894531,116.8499984741211,17.698999404907227,13.6899995803833,1994.2900390625,,,,,,,-1.0241083995449367,0,0,0,0,0,0,0
2014-09-23,1221.0,1221.0,1221.0,1221.0,5,84.66000366210938,117.5999984741211,17.71299934387207,14.930000305175781,1982.77001953125,,,,,,,0.16130126037922807,0,0,0,0,0,0,0
2014-09-24,1218.5999755859375,1218.5999755859375,1216.800048828125,1218.5999755859375,2,85.05000305175781,117.05000305175781,17.64299964904785,13.270000457763672,1998.300048828125,,,,,,,-0.9460561940045359,0,0,0,0,0,0,0
2014-09-25,1209.5,1221.199951171875,1209.5,1221.199951171875,11,85.19999694824219,117.38999938964844,17.378999710083008,15.640000343322754,1965.989990234375,,,,,,,-0.6203267241362943,0,0,0,0,0,0,0
2014-09-26,1214.0999755859375,1214.0999755859375,1214.0999755859375,1214.0999755859375,19497,85.63999938964844,117.05999755859375,17.476999282836914,14.850000381469727,1982.8499755859375,,,,,,,0.5815808498844278,0,0,0,0,0,0,0
2014-09-29,1216.300048828125,1222.199951171875,1214.800048828125,1217.5,6344,85.58999633789062,117.02999877929688,17.516000747680664,15.979999542236328,1977.800048828125,,,,,,,-0.6471388004589597,0,0,0,0,0,0,0
2014-09-30,1214.800048828125,1218.199951171875,1204.0,1210.5,680,85.94000244140625,116.20999908447266,17.006000518798828,16.309999465942383,1972.2900390625,,,,,,,-1.1572419573009898,0,0,0,0,0,0,0
2014-10-01,1207.699951171875,1217.800048828125,1205.5,1214.5999755859375,178,85.97000122070312,116.7699966430664,17.209999084472656,16.709999084472656,1946.1600341796875,,,,,,,-0.5715719909342957,0,0,0,0,0,0,0
2014-10-02,1215.300048828125,1219.5,1210.300048828125,1214.199951171875,176,85.5999984741211,116.73999786376953,17.000999450683594,16.15999984741211,1946.1700439453125,,,,,,,-0.5281329384406929,0,0,0,0,0,0,0
2014-10-03,1212.4000244140625,1212.4000244140625,1191.0,1192.199951171875,499,86.69000244140625,114.61000061035156,16.780000686645508,14.550000190734863,1967.9000244140625,,,,,,,-0.5616364754216057,0,0,0,0,0,0,0
2014-10-06,1187.699951171875,1208.0,1182.800048828125,1206.699951171875,415,85.70999908447266,116.02999877929688,17.18000030517578,15.460000038146973,1964.8199462890625,,,,,,,-0.44206227573833395,0,0,0,0,0,0,0
2014-10-07,1209.0999755859375,1211.699951171875,1205.300048828125,1211.699951171875,272,85.66999816894531,116.36000061035156,17.19099998474121,17.200000762939453,1935.0999755859375,,,,,,,-0.9773494146555333,0,0,0,0,0,0,0
2014-10-08,1210.199951171875,1217.9000244140625,1205.300048828125,1205.300048828125,9,85.30000305175781,117.47000122070312,17.014999389648438,15.109999656677246,1968.8900146484375,,,,,,,4.510498281576647,0,0,0,0,0,0,0
2014-10-09,1223.9000244140625,1229.0,1223.9000244140625,1224.5999755859375,19,85.5199966430664,117.63999938964844,17.367000579833984,18.760000228881836,1928.2099609375,,,,,,,-0.7459000317782832,0,0,0,0,0,0,0
2014-10-10,1223.5,1223.5,1217.0,1221.0,186,85.91000366210938,117.58999633789062,17.25200080871582,21.239999771118164,1906.1300048828125,,,,,,,0.16102394335131134,0,0,0,0,0,0,0
2014-10-13,1229.800048828125,1234.0,1227.0,1229.300048828125,103,85.43000030517578,118.5199966430664,17.29400062561035,24.639999389648438,1874.739990234375,,,,,,,0.539564857544306,0,0,0,0,0,0,0
2014-10-14,1235.9000244140625,1235.9000244140625,1233.5999755859375,1233.5999755859375,73,85.81999969482422,118.58999633789062,17.35300064086914,22.790000915527344,1877.699951171875,,,,,,,-0.5129973114398191,0,0,0,0,0,0,0
2014-10-15,1243.699951171875,1247.0,1243.699951171875,1244.0999755859375,250,85.1500015258789,118.98999786376953,17.415000915527344,25.270000457763672,1862.489990234375,,,,,,,-2.2290094994551124,0,0,0,0,0,0,0
2014-10-16,1242.0999755859375,1243.0,1236.699951171875,1240.5,6,85.0,119.22000122070312,17.38800048828125,25.200000762939453,1862.760009765625,,,,,,,-0.5280558122778918,0,0,0,0,0,0,0
2014-10-17,1237.4000244140625,1238.300048828125,1232.5999755859375,1238.300048828125,356,85.19000244140625,118.98999786376953,17.281999588012695,21.989999771118164,1886.760009765625,,,,,,,-0.5768417677819446,0,0,0,0,0,0,0
2014-10-20,1237.300048828125,1244.0,1235.4000244140625,1244.0,105,84.94999694824219,119.80000305175781,17.304000854492188,18.56999969482422,1904.010009765625,,,,,,,0.1867272536992727,0,0,0,0,0,0,0
2014-10-21,1251.0,1251.0,1251.0,1251.0,48,85.30999755859375,120.0199966430664,17.503999710083008,16.079999923706055,1941.280029296875,,,,,,,-1.0993096849394497,0,0,0,0,0,0,0
2014-10-22,1244.800048828125,1244.800048828125,1244.800048828125,1244.800048828125,2,85.73999786376953,119.33999633789062,17.18600082397461,17.8700008392334,1927.1099853515625,,,,,,,-1.3010048232699605,0,0,0,0,0,0,0
2014-10-23,1228.0,1228.5,1227.9000244140625,1228.5,2,85.83999633789062,118.5199966430664,17.11400032043457,16.530000686645508,1950.8199462890625,,,,,,,0.8496919079908486,0,0,0,0,0,0,0
2014-10-24,1229.4000244140625,1232.699951171875,1229.4000244140625,1231.199951171875,71,85.7300033569336,118.3499984741211,17.13599967956543,16.110000610351562,1964.5799560546875,,,,,,,-0.3817314643891606,0,0,0,0,0,0,0
2014-10-27,1230.199951171875,1230.199951171875,1227.300048828125,1229.0999755859375,282,85.5,118.05999755859375,17.114999771118164,16.040000915527344,1961.6300048828125,,,,,,,-0.6162116168041052,0,0,0,0,0,0,0
2014-10-28,1224.9000244140625,1231.0,1224.699951171875,1229.199951171875,46,85.41000366210938,118.0999984741211,17.184999465942383,14.390000343322754,1985.050048828125,,,,,,,-0.5103684367229187,0,0,0,0,0,0,0
2014-10-29,1224.300048828125,1224.300048828125,1224.300048828125,1224.300048828125,631,85.94999694824219,116.41000366210938,17.2189998626709,15.149999618530273,1982.300048828125,,,,,,,-3.5578646768575353,0,0,0,0,0,0,0
2014-10-30,1213.699951171875,1214.699951171875,1195.800048828125,1198.0999755859375,521,86.1500015258789,115.19000244140625,16.391000747680664,14.520000457763672,1994.6500244140625,,,,,,,-0.18587030158762788,0,0,0,0,0,0,0
2014-10-31,1199.5999755859375,1199.699951171875,1161.4000244140625,1171.0999755859375,260,86.87999725341797,112.66000366210938,16.07699966430664,14.029999732971191,2018.050048828125,,,,,,,-0.0026679143898298446,0,0,0,0,0,0,0
2014-11-03,1166.4000244140625,1172.300048828125,1163.0999755859375,1169.4000244140625,60,87.30999755859375,112.1500015258789,16.174999237060547,14.729999542236328,2017.81005859375,,,,,,,-0.9153065506310863,0,0,0,0,0,0,0
2014-11-04,1166.9000244140625,1171.0,1165.0,1167.4000244140625,40,86.9800033569336,112.22000122070312,15.927000045776367,14.890000343322754,2012.0999755859375,,,,,,,-0.20045201713379987,0,0,0,0,0,0,0
2014-11-05,1168.0999755859375,1168.699951171875,1137.800048828125,1145.4000244140625,157,87.44000244140625,109.79000091552734,15.418000221252441,14.170000076293945,2023.5699462890625,,,,,,,-1.0447722794915826,0,0,0,0,0,0,0
2014-11-06,1141.0999755859375,1147.5,1137.9000244140625,1142.300048828125,137,88.01000213623047,109.87999725341797,15.392000198364258,13.670000076293945,2031.2099609375,,,,,,,0.033408459696885426,0,0,0,0,0,0,0
2014-11-07,1139.9000244140625,1169.699951171875,1133.0,1169.5999755859375,97,87.63999938964844,112.97000122070312,15.699000358581543,13.119999885559082,2031.9200439453125,,,,,,,1.2554815545865976,0,0,0,0,0,0,0
2014-11-10,1171.0,1171.0,1150.699951171875,1159.5999755859375,40,87.80999755859375,110.45999908447266,15.656999588012695,12.670000076293945,2038.260009765625,,,,,,,-2.68045734675136,0,0,0,0,0,0,0
2014-11-11,1155.0,1170.5,1151.5999755859375,1162.800048828125,22,87.52999877929688,112.04000091552734,15.663999557495117,12.920000076293945,2039.6800537109375,,,,,,,0.5257662523009085,0,0,0,0,0,0,0
2014-11-12,1162.5,1168.0999755859375,1157.5,1158.9000244140625,17,87.81999969482422,111.5,15.619000434875488,13.020000457763672,2038.25,,,,,,,0.10724242449614976,0,0,0,0,0,0,0
2014-11-13,1163.699951171875,1164.5,1155.0,1161.0999755859375,1047,87.66999816894531,111.66999816894531,15.616999626159668,13.789999961853027,2039.3299560546875,,,,,,,0.002834443156517029,0,0,0,0,0,0,0
2014-11-14,1155.199951171875,1191.0,1148.0,1185.0,486,87.52999877929688,114.47000122070312,16.309999465942383,13.3100004196167,2039.8199462890625,,,,,,,1.2137884719769902,0,0,0,0,0,0,0
2014-11-17,1183.0999755859375,1186.9000244140625,1180.5999755859375,1183.0,17,87.93000030517578,114.05000305175781,16.05299949645996,13.989999771118164,2041.3199462890625,,,,,,,0.650530362013176,0,0,0,0,0,0,0
2014-11-18,1197.0999755859375,1197.0999755859375,1193.9000244140625,1196.699951171875,2,87.58000183105469,115.05000305175781,16.170000076293945,13.859999656677246,2051.800048828125,,,,,,,-0.12793477992741412,0,0,0,0,0,0,0
2014-11-19,1196.5,1198.300048828125,1190.5999755859375,1193.5999755859375,23,87.6500015258789,113.68000030517578,16.290000915527344,13.960000038146973,2048.719970703125,,,,,,,-2.5373124260466517,0,0,0,0,0,0,0
2014-11-20,1191.800048828125,1191.9000244140625,1190.699951171875,1190.699951171875,3,87.58999633789062,114.86000061035156,16.132999420166016,13.579999923706055,2052.75,,,,,,,0.8175392160130952,0,0,0,0,0,0,0
2014-11-21,1191.0,1202.4000244140625,1189.0,1197.5,20,88.30999755859375,115.38999938964844,16.391000747680664,12.899999618530273,2063.5,,,,,,,0.5167706065555714,0,0,0,0,0,0,0
2014-11-24,1197.699951171875,1197.9000244140625,1195.5,1195.5,17,88.1500015258789,115.11000061035156,16.37700080871582,12.619999885559082,2069.409912109375,,,,,,,0.3081295037361374,0,0,0,0,0,0,0
2014-11-25,1197.0999755859375,1197.0999755859375,1197.0999755859375,1197.0999755859375,210753,87.91999816894531,115.37999725341797,16.554000854492188,12.25,2067.030029296875,,,,,,,0.5636078377269063,0,0,0,0,0,0,0
2014-11-26,1200.5,1201.0,1193.699951171875,1196.5999755859375,75297,87.61000061035156,115.16000366210938,16.54800033569336,12.069999694824219,2072.830078125,,,,,,,0.17121889722409683,0,0,0,0,0,0,0
2014-11-28,1197.0,1198.199951171875,1163.800048828125,1175.199951171875,11175,88.36000061035156,112.11000061035156,15.48900032043457,13.329999923706055,2067.56005859375,,,,,,,-2.018738579302909,0,0,0,0,0,0,0
2014-12-01,1160.0,1220.4000244140625,1141.699951171875,1218.0,5524,87.94999694824219,116.58000183105469,16.648000717163086,14.15999984741211,2053.43994140625,,,,,,,-1.1455958268003417,0,0,0,0,0,0,0
2014-12-02,1212.300048828125,1212.300048828125,1191.300048828125,1199.199951171875,1236,88.6500015258789,115.13999938964844,16.408000946044922,12.850000381469727,2066.550048828125,,,,,,,-0.3524717599739929,0,0,0,0,0,0,0
2014-12-03,1198.0999755859375,1213.699951171875,1196.0999755859375,1208.5,440,88.95999908447266,116.33000183105469,16.358999252319336,12.5,2074.330078125,,,,,,,0.2794754216699508,0,0,0,0,0,0,0
2014-12-04,1208.199951171875,1213.0,1201.5999755859375,1207.5,358,88.69999694824219,115.87999725341797,16.520000457763672,12.380000114440918,2071.919921875,,,,,,,-0.4674129610729052,0,0,0,0,0,0,0
2014-12-05,1203.0999755859375,1206.0,1186.699951171875,1190.0999755859375,560,89.33000183105469,114.43000030517578,16.195999145507812,11.890000343322754,2075.3701171875,,,,,,,0.02545603419066987,0,0,0,0,0,0,0
2014-12-08,1190.5999755859375,1207.0,1187.199951171875,1194.699951171875,183,89.04000091552734,115.77999877929688,16.215999603271484,14.210000038146973,2060.31005859375,,,,,,,2.027239879365846,0,0,0,0,0,0,0
2014-12-09,1202.0,1238.0,1202.0,1231.5,314,88.69000244140625,118.19000244140625,17.08099937438965,15.350000381469727,2059.820068359375,,,,,,,-0.42124783825980433,0,0,0,0,0,0,0
2014-12-10,1231.199951171875,1234.5999755859375,1226.5999755859375,1228.9000244140625,306,88.2699966430664,117.95999908447266,17.132999420166016,18.530000686645508,2026.1400146484375,,,,,,,-0.3581948690485312,0,0,0,0,0,0,0
2014-12-11,1226.5999755859375,1231.199951171875,1216.199951171875,1225.0999755859375,264,88.66000366210938,117.69000244140625,17.05900001525879,20.079999923706055,2035.3299560546875,,,,,,,-0.1411619762270594,0,0,0,0,0,0,0
2014-12-12,1227.800048828125,1227.800048828125,1216.199951171875,1222.0,203,88.36000061035156,117.41000366210938,17.018999099731445,21.079999923706055,2002.3299560546875,,,,,,,-0.09772347672506504,0,0,0,0,0,0,0
2014-12-15,1223.0999755859375,1223.0999755859375,1198.4000244140625,1207.199951171875,77,88.45999908447266,114.38999938964844,16.527000427246094,20.420000076293945,1989.6300048828125,,,,,,,-3.284612607445568,0,0,0,0,0,0,0
2014-12-16,1197.199951171875,1222.0,1192.699951171875,1193.9000244140625,223,88.12999725341797,114.94999694824219,15.71500015258789,23.56999969482422,1972.739990234375,,,,,,,0.4360253942886114,0,0,0,0,0,0,0
2014-12-17,1198.199951171875,1199.5999755859375,1184.0,1194.300048828125,94,89.12999725341797,114.2699966430664,15.890999794006348,19.440000534057617,2012.8900146484375,,,,,,,-1.0718806649895396,0,0,0,0,0,0,0
2014-12-18,1189.699951171875,1207.300048828125,1189.699951171875,1194.699951171875,197,89.23999786376953,115.1500015258789,15.894000053405762,16.809999465942383,2061.22998046875,,,,,,,0.7063883619873718,0,0,0,0,0,0,0
2014-12-19,1198.0,1200.800048828125,1195.9000244140625,1195.9000244140625,96,89.5999984741211,114.7699966430664,15.991000175476074,16.489999771118164,2070.64990234375,,,,,,,-0.33730557757594204,0,0,0,0,0,0,0
2014-12-22,1198.0,1198.0,1172.699951171875,1179.699951171875,223,89.7699966430664,112.55000305175781,15.64900016784668,15.25,2078.5400390625,,,,,,,-1.6869214221838418,0,0,0,0,0,0,0
2014-12-23,1179.300048828125,1180.300048828125,1175.0,1177.9000244140625,232,90.05999755859375,112.73999786376953,15.729999542236328,14.800000190734863,2082.169921875,,,,,,,-0.9091966594397887,0,0,0,0,0,0,0
2014-12-24,1177.0,1179.300048828125,1173.5,1173.5,23,89.97000122070312,112.7699966430664,15.67300033569336,14.369999885559082,2081.8798828125,,,,,,,0.034784593753601434,0,0,0,0,0,0,0
2014-12-26,1177.199951171875,1195.300048828125,1177.199951171875,1195.300048828125,124,90.02999877929688,114.83000183105469,16.11199951171875,14.5,2088.77001953125,,,,,,,-0.023398820803856944,0,0,0,0,0,0,0
2014-12-29,1186.5,1186.5,1181.300048828125,1181.699951171875,180,90.19000244140625,113.66999816894531,15.744000434875488,15.0600004196167,2090.570068359375,,,,,,,0.2795775102747729,0,0,0,0,0,0,0
2014-12-30,1181.4000244140625,1210.300048828125,1181.4000244140625,1200.199951171875,191,89.98999786376953,115.19999694824219,16.239999771118164,15.920000076293945,2080.35009765625,,,,,,,-0.23222571523719987,0,0,0,0,0,0,0
2014-12-31,1199.199951171875,1199.199951171875,1182.699951171875,1183.9000244140625,92,90.2699966430664,113.58000183105469,15.5649995803833,19.200000762939453,2058.89990234375,,,,,,,-0.33954436950551253,0,0,0,0,0,0,0
2015-01-02,1184.0,1194.5,1169.5,1186.0,138,91.08000183105469,114.08000183105469,15.734000205993652,17.790000915527344,2058.199951171875,,,,,,,0.2785595608124412,0,0,0,0,0,0,0
2015-01-05,1180.300048828125,1206.9000244140625,1180.0999755859375,1203.9000244140625,470,91.37999725341797,115.80000305175781,16.179000854492188,19.920000076293945,2020.5799560546875,,,,,,,0.27267689752068097,0,0,0,0,0,0,0
2015-01-06,1203.5,1220.0,1203.5,1219.300048828125,97,91.5,117.12000274658203,16.60300064086914,21.1200008392334,2002.6099853515625,,,,,,,-0.048938567529479594,0,0,0,0,0,0,0
2015-01-07,1219.199951171875,1219.199951171875,1210.5999755859375,1210.5999755859375,29,91.88999938964844,116.43000030517578,16.510000228881836,19.309999465942383,2025.9000244140625,,,,,,,0.24150297971558524,0,0,0,0,0,0,0
2015-01-08,1207.0,1215.699951171875,1206.300048828125,1208.4000244140625,92,92.37000274658203,115.94000244140625,16.35099983215332,17.010000228881836,2062.139892578125,,,,,,,-0.2955354843356226,0,0,0,0,0,0,0
2015-01-09,1211.0999755859375,1220.199951171875,1210.300048828125,1216.0,43,91.94000244140625,117.26000213623047,16.38599967956543,17.549999237060547,2044.81005859375,,,,,,,1.007421343331342,0,0,0,0,0,0,0
2015-01-12,1224.199951171875,1234.4000244140625,1219.0999755859375,1232.699951171875,100,91.9800033569336,118.55999755859375,16.53499984741211,19.600000381469727,2028.260009765625,,,,,,,0.33166025578636876,0,0,0,0,0,0,0
2015-01-13,1239.199951171875,1239.300048828125,1230.300048828125,1234.300048828125,20,92.30999755859375,118.16000366210938,17.125,20.559999465942383,2023.030029296875,,,,,,,-0.8594004963734602,0,0,0,0,0,0,0
2015-01-14,1229.5999755859375,1243.800048828125,1225.5999755859375,1234.4000244140625,21,92.16000366210938,117.97000122070312,16.95599937438965,21.479999542236328,2011.27001953125,,,,,,,-1.2588572977189825,0,0,0,0,0,0,0
2015-01-15,1231.5,1265.0,1227.300048828125,1264.699951171875,130,92.3499984741211,120.94000244140625,17.072999954223633,22.389999389648438,1992.6700439453125,,,,,,,-1.0995592390777533,0,0,0,0,0,0,0
2015-01-16,1256.0999755859375,1279.699951171875,1256.0999755859375,1276.9000244140625,44,92.5199966430664,122.5199966430664,17.73900032043457,20.950000762939453,2019.4200439453125,,,,,,,-0.22387632381656214,0,0,0,0,0,0,0
2015-01-20,1278.9000244140625,1297.300048828125,1273.800048828125,1294.199951171875,157,93.05000305175781,124.19999694824219,17.94700050354004,19.889999389648438,2022.550048828125,,,,,,,-0.17695509374875645,0,0,0,0,0,0,0
2015-01-21,1295.199951171875,1303.5,1286.699951171875,1293.699951171875,78,92.9000015258789,124.2300033569336,18.179000854492188,18.850000381469727,2032.1199951171875,,,,,,,-0.0034242938396702766,0,0,0,0,0,0,0
2015-01-22,1293.199951171875,1302.0999755859375,1283.5,1300.699951171875,131,94.23999786376953,125.2300033569336,18.34600067138672,16.399999618530273,2063.14990234375,,,,,,,0.6594015267933865,0,0,0,0,0,0,0
2015-01-23,1299.800048828125,1299.800048828125,1292.5999755859375,1292.5999755859375,23,95.0,124.2300033569336,18.284000396728516,16.65999984741211,2051.820068359375,,,,,,,0.19180346050912236,0,0,0,0,0,0,0
2015-01-26,1289.5,1290.5999755859375,1279.4000244140625,1279.4000244140625,26,94.80000305175781,122.98999786376953,17.966999053955078,15.520000457763672,2057.090087890625,,,,,,,0.26964233957172346,0,0,0,0,0,0,0
2015-01-27,1277.199951171875,1291.699951171875,1277.199951171875,1291.699951171875,20,94.0199966430664,124.4000015258789,18.06800079345703,17.219999313354492,2029.550048828125,,,,,,,0.7382201435962435,0,0,0,0,0,0,0
2015-01-28,1285.9000244140625,1286.800048828125,1285.9000244140625,1285.9000244140625,180387,94.47000122070312,123.41999816894531,18.06800079345703,20.440000534057617,2002.1600341796875,,,,,,,-0.14658853619659948,0,0,0,0,0,0,0
2015-01-29,1283.300048828125,1285.4000244140625,1251.0,1254.5999755859375,67983,94.77999877929688,120.76000213623047,16.757999420166016,18.760000228881836,2021.25,,,,,,,0.5874960127080052,0,0,0,0,0,0,0
2015-01-30,1258.0,1284.300048828125,1257.0,1278.5,8626,94.80000305175781,123.44999694824219,17.191999435424805,20.969999313354492,1994.989990234375,,,,,,,1.404021655953573,0,0,0,0,0,0,0
2015-02-02,1284.0999755859375,1284.0999755859375,1266.0,1276.199951171875,1654,94.5,122.41999816894531,17.235000610351562,19.43000030517578,2020.8499755859375,,,,,,,-0.36829483217168746,0,0,0,0,0,0,0
2015-02-03,1273.5,1284.699951171875,1255.300048828125,1259.699951171875,2380,93.5999984741211,121.05000305175781,17.30500030517578,17.329999923706055,2050.030029296875,,,,,,,0.11180767415156956,0,0,0,0,0,0,0
2015-02-04,1262.0,1271.5999755859375,1256.800048828125,1263.800048828125,668,93.98999786376953,121.58000183105469,17.378999710083008,18.329999923706055,2041.510009765625,,,,,,,0.40169950461881576,0,0,0,0,0,0,0
2015-02-05,1271.800048828125,1272.5999755859375,1257.800048828125,1262.0,133,94.69999694824219,121.79000091552734,17.18000030517578,16.850000381469727,2062.52001953125,,,,,,,1.2252941392039747,0,0,0,0,0,0,0
2015-02-06,1265.0,1267.5999755859375,1228.0,1233.9000244140625,432,94.69999694824219,118.63999938964844,16.67799949645996,17.290000915527344,2055.469970703125,,,,,,,0.2241966240692571,0,0,0,0,0,0,0
2015-02-09,1237.5,1242.300048828125,1235.4000244140625,1240.800048828125,319,94.44999694824219,119.16999816894531,17.054000854492188,18.549999237060547,2046.739990234375,,,,,,,-0.06935262126689172,0,0,0,0,0,0,0
2015-02-10,1237.5,1245.0,1231.199951171875,1231.5999755859375,231,94.76000213623047,118.47000122070312,16.85700035095215,17.229999542236328,2068.590087890625,,,,,,,0.37066139715609236,0,0,0,0,0,0,0
2015-02-11,1233.300048828125,1237.4000244140625,1219.0,1219.0,102,94.98999786376953,117.06999969482422,16.7450008392334,16.959999084472656,2068.530029296875,,,,,,,-0.1070697358844953,0,0,0,0,0,0,0
2015-02-12,1217.9000244140625,1229.800048828125,1217.9000244140625,1220.0999755859375,99,94.08999633789062,117.33999633789062,16.777999877929688,15.34000015258789,2088.47998046875,,,,,,,0.30289510850983453,0,0,0,0,0,0,0
2015-02-13,1222.199951171875,1232.800048828125,1222.199951171875,1226.5,65,94.19999694824219,117.9800033569336,17.277999877929688,14.6899995803833,2096.989990234375,,,,,,,0.3635538661585637,0,0,0,0,0,0,0
2015-02-17,1227.699951171875,1234.0,1203.0,1208.0999755859375,204,94.05999755859375,116.01000213623047,16.36199951171875,15.800000190734863,2100.340087890625,,,,,,,-0.12371870009904276,0,0,0,0,0,0,0
2015-02-18,1207.0999755859375,1210.199951171875,1197.800048828125,1199.699951171875,147,94.19999694824219,116.33999633789062,16.25,15.449999809265137,2099.679931640625,,,,,,,2.5900506342475635,0,0,0,0,0,0,0
2015-02-19,1216.5,1220.0,1205.0,1207.0999755859375,65,94.4000015258789,115.94000244140625,16.371000289916992,15.289999961853027,2097.449951171875,,,,,,,-0.058325527073946566,0,0,0,0,0,0,0
2015-02-20,1206.5,1213.0999755859375,1199.0999755859375,1204.4000244140625,51,94.25,115.27999877929688,16.26300048828125,14.300000190734863,2110.300048828125,,,,,,,-0.995601256309652,0,0,0,0,0,0,0
2015-02-23,1201.300048828125,1203.300048828125,1191.5999755859375,1200.300048828125,268,94.56999969482422,115.43000030517578,16.246999740600586,14.5600004196167,2109.659912109375,,,,,,,0.2748968913386132,0,0,0,0,0,0,0
2015-02-24,1203.4000244140625,1203.5,1193.800048828125,1196.9000244140625,151,94.48999786376953,115.26000213623047,16.18199920654297,13.6899995803833,2115.47998046875,,,,,,,0.6834885974060804,0,0,0,0,0,0,0
2015-02-25,1204.300048828125,1204.5999755859375,1201.0,1201.0,570,94.20999908447266,115.69999694824219,16.423999786376953,13.84000015258789,2113.860107421875,,,,,,,0.7996205415939841,0,0,0,0,0,0,0
2015-02-26,1204.800048828125,1219.0,1204.800048828125,1209.5999755859375,560,95.29000091552734,116.06999969482422,16.58300018310547,13.90999984741211,2110.739990234375,,,,,,,-0.33825238860841034,0,0,0,0,0,0,0
2015-02-27,1207.699951171875,1217.800048828125,1204.5,1212.5999755859375,195,95.25,116.16000366210938,16.51300048828125,13.34000015258789,2104.5,,,,,,,-0.809104280591462,0,0,0,0,0,0,0
2015-03-02,1214.300048828125,1222.699951171875,1204.9000244140625,1207.699951171875,124,95.45999908447266,115.68000030517578,16.406999588012695,13.039999961853027,2117.389892578125,,,,,,,-0.8115495129773065,0,0,0,0,0,0,0
2015-03-03,1201.5,1212.0,1195.0,1204.0,51,95.37999725341797,115.47000122070312,16.257999420166016,13.859999656677246,2107.780029296875,,,,,,,-0.4859368844735997,0,0,0,0,0,0,0
2015-03-04,1204.800048828125,1206.9000244140625,1198.0,1200.5999755859375,27,95.97000122070312,115.11000061035156,16.131999969482422,14.229999542236328,2098.530029296875,,,,,,,-0.5869975524515325,0,0,0,0,0,0,0
2015-03-05,1201.699951171875,1205.4000244140625,1195.9000244140625,1195.9000244140625,29,96.37999725341797,115.0,16.131999969482422,14.039999961853027,2101.0400390625,,,,,,,0.307562969875553,0,0,0,0,0,0,0
2015-03-06,1195.0,1195.699951171875,1163.699951171875,1164.0999755859375,168,97.62000274658203,111.86000061035156,15.784000396728516,15.199999809265137,2071.260009765625,,,,,,,0.09319191346909962,0,0,0,0,0,0,0
2015-03-09,1169.4000244140625,1174.199951171875,1166.300048828125,1166.4000244140625,45,97.58999633789062,111.97000122070312,15.755000114440918,15.0600004196167,2079.429931640625,,,,,,,-0.2105924187845418,0,0,0,0,0,0,0
2015-03-10,1166.4000244140625,1168.4000244140625,1156.5,1160.0999755859375,94,98.62000274658203,111.41999816894531,15.61299991607666,16.690000534057617,2044.1600341796875,,,,,,,-0.055180472334865956,0,0,0,0,0,0,0
2015-03-11,1162.0,1162.0,1147.699951171875,1150.699951171875,74,99.80000305175781,110.75,15.345000267028809,16.8700008392334,2040.239990234375,,,,,,,0.6600833226814068,0,0,0,0,0,0,0
2015-03-12,1155.4000244140625,1160.5,1149.699951171875,1152.0999755859375,63,99.1500015258789,110.72000122070312,15.493000030517578,15.420000076293945,2065.949951171875,,,,,,,0.17041292488597212,0,0,0,0,0,0,0
2015-03-13,1158.199951171875,1159.199951171875,1152.5999755859375,1152.5999755859375,44,100.33000183105469,110.87999725341797,15.47700023651123,16.0,2053.39990234375,,,,,,,0.48629906759569297,0,0,0,0,0,0,0
2015-03-16,1159.699951171875,1162.300048828125,1150.0999755859375,1153.300048828125,56,99.5999984741211,110.80999755859375,15.60099983215332,15.609999656677246,2081.18994140625,,,,,,,0.08393979947776051,0,0,0,0,0,0,0
2015-03-17,1153.5999755859375,1158.199951171875,1144.300048828125,1148.300048828125,71,99.58999633789062,110.20999908447266,15.562000274658203,15.65999984741211,2074.280029296875,,,,,,,-0.26153507375098994,0,0,0,0,0,0,0
2015-03-18,1148.699951171875,1174.300048828125,1147.0,1151.4000244140625,112,98.55000305175781,112.37000274658203,15.524999618530273,13.970000267028809,2099.5,,,,,,,4.797922884135453,0,0,0,0,0,0,0
2015-03-19,1171.5999755859375,1171.5999755859375,1159.300048828125,1169.0999755859375,39,99.0999984741211,112.29000091552734,16.097999572753906,14.069999694824219,2089.27001953125,,,,,,,-0.1524253337183515,0,0,0,0,0,0,0
2015-03-20,1171.0,1185.4000244140625,1171.0,1184.800048828125,54,97.91000366210938,113.56999969482422,16.867000579833984,13.020000457763672,2108.10009765625,,,,,,,-0.7882607545506173,0,0,0,0,0,0,0
2015-03-23,1181.5999755859375,1188.0,1181.199951171875,1188.0,5,97.02999877929688,114.29000091552734,16.871999740600586,13.40999984741211,2104.419921875,,,,,,,0.35359375067377075,0,0,0,0,0,0,0
2015-03-24,1188.0,1193.0,1186.0,1191.699951171875,411,97.19000244140625,114.56999969482422,16.96299934387207,13.619999885559082,2091.5,,,,,,,0.13655413326086002,0,0,0,0,0,0,0
2015-03-25,1192.5,1199.199951171875,1192.5,1197.300048828125,11,96.9800033569336,114.7300033569336,16.979999542236328,15.4399995803833,2061.050048828125,,,,,,,-0.9538812035553403,0,0,0,0,0,0,0
2015-03-26,1198.199951171875,1213.699951171875,1198.199951171875,1205.0999755859375,68,97.44000244140625,115.4800033569336,17.121999740600586,15.800000190734863,2056.14990234375,,,,,,,-0.9595493835207483,0,0,0,0,0,0,0
2015-03-27,1197.0,1199.800048828125,1196.300048828125,1199.800048828125,172260,97.29000091552734,115.05999755859375,17.052000045776367,15.069999694824219,2061.02001953125,,,,,,,-0.6956276971482355,0,0,0,0,0,0,0
2015-03-30,1198.0,1198.5,1181.5999755859375,1184.800048828125,37990,97.9800033569336,113.75,16.656999588012695,14.510000228881836,2086.239990234375,,,,,,,-0.32277101494415494,0,0,0,0,0,0,0
2015-03-31,1185.800048828125,1190.0999755859375,1178.199951171875,1183.0999755859375,3409,98.36000061035156,113.66000366210938,16.58099937438965,15.289999961853027,2067.889892578125,,,,,,,-0.1055965571246079,0,0,0,0,0,0,0
2015-04-01,1182.9000244140625,1208.199951171875,1181.0,1208.0999755859375,1632,98.19000244140625,115.5999984741211,17.04400062561035,15.109999656677246,2059.68994140625,,,,,,,-1.3713929776878988,0,0,0,0,0,0,0
2015-04-02,1204.0,1205.699951171875,1194.800048828125,1200.9000244140625,1684,97.44000244140625,115.27999877929688,16.68600082397461,14.670000076293945,2066.9599609375,,,,,,,-0.3435520874896518,0,0,0,0,0,0,0
2015-04-06,1209.9000244140625,1224.199951171875,1209.9000244140625,1218.5999755859375,343,97.11000061035156,116.69000244140625,17.094999313354492,14.739999771118164,2080.6201171875,,,,,,,-1.1076145249059601,0,0,0,0,0,0,0
2015-04-07,1214.800048828125,1214.800048828125,1208.199951171875,1210.5999755859375,406,97.83000183105469,116.11000061035156,16.825000762939453,14.779999732971191,2076.330078125,,,,,,,-0.5800687994511848,0,0,0,0,0,0,0
2015-04-08,1208.9000244140625,1211.4000244140625,1197.5999755859375,1203.0999755859375,236,98.06999969482422,115.47000122070312,16.440000534057617,13.979999542236328,2081.89990234375,,,,,,,-0.3564214698341798,0,0,0,0,0,0,0
2015-04-09,1201.699951171875,1202.5,1193.0,1193.5999755859375,521,99.16000366210938,114.66999816894531,16.163999557495117,13.09000015258789,2091.179931640625,,,,,,,-0.039941432002043274,0,0,0,0,0,0,0
2015-04-10,1195.800048828125,1209.5999755859375,1195.800048828125,1204.5999755859375,202,99.38999938964844,115.97000122070312,16.3700008392334,12.579999923706055,2102.06005859375,,,,,,,0.6129479786934421,0,0,0,0,0,0,0
2015-04-13,1208.0999755859375,1208.0999755859375,1198.300048828125,1199.300048828125,424,99.48999786376953,115.13999938964844,16.280000686645508,13.9399995803833,2092.429931640625,,,,,,,-0.2520783900151958,0,0,0,0,0,0,0
2015-04-14,1198.800048828125,1200.5999755859375,1184.0999755859375,1192.800048828125,546,98.76000213623047,114.44000244140625,16.150999069213867,13.670000076293945,2095.840087890625,,,,,,,-0.45262011001295865,0,0,0,0,0,0,0
2015-04-15,1194.5999755859375,1203.0999755859375,1188.5999755859375,1201.5,196,98.33000183105469,115.43000030517578,16.268999099731445,12.84000015258789,2106.6298828125,,,,,,,-0.038160592137148855,0,0,0,0,0,0,0
2015-04-16,1204.300048828125,1208.5,1194.5999755859375,1198.0,199,97.41999816894531,115.02999877929688,16.275999069213867,12.600000381469727,2104.989990234375,,,,,,,-0.24876088233939586,0,0,0,0,0,0,0
2015-04-17,1200.199951171875,1206.0,1200.199951171875,1202.9000244140625,21,97.5199966430664,115.5999984741211,16.22100067138672,13.890000343322754,2081.179931640625,,,,,,,0.012736151470466323,0,0,0,0,0,0,0
2015-04-20,1205.699951171875,1206.9000244140625,1191.0,1193.5,67,97.94000244140625,114.72000122070312,15.883000373840332,13.300000190734863,2100.39990234375,,,,,,,0.0728006498647095,0,0,0,0,0,0,0
2015-04-21,1193.199951171875,1202.9000244140625,1192.800048828125,1202.9000244140625,33,97.9800033569336,115.37999725341797,16.00200080871582,13.25,2097.2900390625,,,,,,,-0.6436465349216566,0,0,0,0,0,0,0
2015-04-22,1199.0999755859375,1202.5999755859375,1185.199951171875,1186.9000244140625,93,98.0199966430664,113.83000183105469,15.791000366210938,12.710000038146973,2107.9599609375,,,,,,,-0.6803625996804744,0,0,0,0,0,0,0
2015-04-23,1187.199951171875,1197.0,1186.0999755859375,1194.4000244140625,331,97.27999877929688,114.66000366210938,15.824000358581543,12.479999542236328,2112.929931640625,,,,,,,-0.33726860079324716,0,0,0,0,0,0,0
2015-04-24,1192.300048828125,1194.699951171875,1174.5999755859375,1175.199951171875,52,96.91999816894531,113.05000305175781,15.630999565124512,12.289999961853027,2117.68994140625,,,,,,,0.3615072316525607,0,0,0,0,0,0,0
2015-04-27,1182.300048828125,1206.699951171875,1181.4000244140625,1203.300048828125,194,96.7699966430664,115.33000183105469,16.389999389648438,13.119999885559082,2108.919921875,,,,,,,-0.8637593060735825,0,0,0,0,0,0,0
2015-04-28,1199.699951171875,1214.0,1199.699951171875,1214.0,401,96.08999633789062,116.33000183105469,16.586999893188477,12.40999984741211,2114.760009765625,,,,,,,-0.9090237582649342,0,0,0,0,0,0,0
2015-04-29,1211.199951171875,1212.5999755859375,1201.9000244140625,1209.800048828125,114,95.12000274658203,115.51000213623047,16.670000076293945,13.390000343322754,2106.85009765625,,,,,,,-2.025357810808436,0,0,0,0,0,0,0
2015-04-30,1203.0999755859375,1205.9000244140625,1176.699951171875,1182.4000244140625,143,94.5999984741211,113.47000122070312,16.124000549316406,14.550000190734863,2085.510009765625,,,,,,,-0.3538373521930189,0,0,0,0,0,0,0
2015-05-01,1178.0999755859375,1178.0999755859375,1170.0,1174.5,23,95.30000305175781,113.08000183105469,16.111000061035156,12.699999809265137,2108.2900390625,,,,,,,0.742947273351644,0,0,0,0,0,0,0
2015-05-04,1177.5,1189.4000244140625,1177.5,1186.800048828125,38,95.4800033569336,114.0999984741211,16.417999267578125,12.850000381469727,2114.489990234375,,,,,,,0.2510107743623059,0,0,0,0,0,0,0
2015-05-05,1187.5,1198.699951171875,1186.9000244140625,1193.199951171875,48,95.12999725341797,114.41999816894531,16.55699920654297,14.3100004196167,2089.4599609375,,,,,,,-0.5965266652505583,0,0,0,0,0,0,0
2015-05-06,1194.5,1194.5999755859375,1189.9000244140625,1190.300048828125,14,94.12999725341797,114.36000061035156,16.483999252319336,15.149999618530273,2080.14990234375,,,,,,,0.045566228237125334,0,0,0,0,0,0,0
2015-05-07,1181.5,1186.0,1179.699951171875,1182.4000244140625,44,94.62000274658203,113.41999816894531,16.27199935913086,15.130000114440918,2088.0,,,,,,,-0.46215995444227065,0,0,0,0,0,0,0
2015-05-08,1183.300048828125,1189.0999755859375,1182.9000244140625,1189.0999755859375,51,94.79000091552734,113.97000122070312,16.441999435424805,12.859999656677246,2116.10009765625,,,,,,,-0.7182530000363297,0,0,0,0,0,0,0
2015-05-11,1189.699951171875,1190.5,1179.300048828125,1183.199951171875,26,95.01000213623047,113.52999877929688,16.29800033569336,13.850000381469727,2105.330078125,,,,,,,-0.33908142722162915,0,0,0,0,0,0,0
2015-05-12,1194.5999755859375,1194.800048828125,1189.699951171875,1192.5999755859375,10,94.52999877929688,114.5,16.510000228881836,13.859999656677246,2099.1201171875,,,,,,,-0.128194171309372,0,0,0,0,0,0,0
2015-05-13,1192.699951171875,1218.4000244140625,1191.0,1218.4000244140625,34,93.62000274658203,116.55000305175781,17.207000732421875,13.760000228881836,2098.47998046875,,,,,,,-1.3238934693695261,0,0,0,0,0,0,0
2015-05-14,1214.5,1225.5999755859375,1214.5,1225.4000244140625,35,93.36000061035156,117.18000030517578,17.448999404907227,12.739999771118164,2121.10009765625,,,,,,,-1.386240151619842,0,0,0,0,0,0,0
2015-05-15,1218.5,1225.5,1214.800048828125,1225.5,12,93.13999938964844,117.52999877929688,17.545000076293945,12.380000114440918,2122.72998046875,,,,,,,-0.41884930616380806,0,0,0,0,0,0,0
2015-05-18,1224.5,1228.0999755859375,1222.5999755859375,1227.800048828125,8,94.19000244140625,117.5199966430664,17.711999893188477,12.729999542236328,2129.199951171875,,,,,,,-1.0370546263372127,0,0,0,0,0,0,0
2015-05-19,1223.9000244140625,1223.9000244140625,1206.0,1206.9000244140625,9,95.2699966430664,115.88999938964844,17.049999237060547,12.850000381469727,2127.830078125,,,,,,,0.06400083429349153,0,0,0,0,0,0,0
2015-05-20,1205.0999755859375,1210.800048828125,1205.0999755859375,1208.9000244140625,11,95.44999694824219,116.08000183105469,17.091999053955078,12.880000114440918,2125.85009765625,,,,,,,0.05930784690527414,0,0,0,0,0,0,0
2015-05-21,1204.5,1204.5,1203.699951171875,1204.4000244140625,43,95.26000213623047,115.69000244140625,17.111000061035156,12.109999656677246,2130.820068359375,,,,,,,0.17139281815923302,0,0,0,0,0,0,0
2015-05-22,1211.5999755859375,1211.9000244140625,1204.300048828125,1204.300048828125,8,96.01000213623047,115.5999984741211,17.030000686645508,12.130000114440918,2126.06005859375,,,,,,,-0.0700985675919935,0,0,0,0,0,0,0
2015-05-26,1193.5999755859375,1193.5999755859375,1186.0,1187.199951171875,40,97.30000305175781,113.91000366210938,16.733999252319336,14.0600004196167,2104.199951171875,,,,,,,-0.20587552285833116,0,0,0,0,0,0,0
2015-05-27,1185.9000244140625,1185.9000244140625,1185.9000244140625,1185.9000244140625,200216,97.37000274658203,113.88999938964844,16.63800048828125,13.270000457763672,2123.47998046875,,,,,,,0.15179912903824722,0,0,0,0,0,0,0
2015-05-28,1187.0999755859375,1192.0,1179.5999755859375,1188.0999755859375,52705,96.97000122070312,114.0199966430664,16.652999877929688,13.3100004196167,2120.7900390625,,,,,,,-0.11385380382062273,0,0,0,0,0,0,0
2015-05-29,1187.800048828125,1193.300048828125,1185.699951171875,1189.4000244140625,4748,96.91000366210938,114.0999984741211,16.68400001525879,13.84000015258789,2107.389892578125,,,,,,,-0.26924093655493936,0,0,0,0,0,0,0
2015-06-01,1190.5999755859375,1204.0,1184.300048828125,1188.300048828125,1236,97.38999938964844,114.0,16.663999557495117,13.970000267028809,2111.72998046875,,,,,,,-0.26177229324145346,0,0,0,0,0,0,0
2015-06-02,1189.0,1194.300048828125,1186.0,1194.0999755859375,1003,95.83999633789062,114.45999908447266,16.783000946044922,14.239999771118164,2109.60009765625,,,,,,,-0.5735731872390128,0,0,0,0,0,0,0
2015-06-03,1193.9000244140625,1193.9000244140625,1179.0999755859375,1184.699951171875,630,95.47000122070312,113.63999938964844,16.464000701904297,13.65999984741211,2114.070068359375,,,,,,,-0.30964438012998796,0,0,0,0,0,0,0
2015-06-04,1184.9000244140625,1185.300048828125,1173.0,1174.9000244140625,447,95.45999908447266,112.83999633789062,16.089000701904297,14.710000038146973,2095.840087890625,,,,,,,0.16428438313990296,0,0,0,0,0,0,0
2015-06-05,1176.4000244140625,1177.300048828125,1164.0,1167.800048828125,390,96.30999755859375,112.23999786376953,15.970999717712402,14.210000038146973,2092.830078125,,,,,,,0.4377710134797263,0,0,0,0,0,0,0
2015-06-08,1169.5,1176.0999755859375,1169.0999755859375,1173.199951171875,173,95.30000305175781,112.56999969482422,15.951000213623047,15.289999961853027,2079.280029296875,,,,,,,-0.19077659362289182,0,0,0,0,0,0,0
2015-06-09,1172.9000244140625,1180.300048828125,1172.699951171875,1177.300048828125,144,95.16999816894531,112.81999969482422,15.949000358581543,14.470000267028809,2080.14990234375,,,,,,,-0.6526298546840589,0,0,0,0,0,0,0
2015-06-10,1176.0999755859375,1190.0999755859375,1175.5999755859375,1186.0999755859375,295,94.6500015258789,113.77999877929688,15.95199966430664,13.220000267028809,2105.199951171875,,,,,,,-0.2504566518010618,0,0,0,0,0,0,0
2015-06-11,1183.199951171875,1183.199951171875,1174.4000244140625,1179.9000244140625,69,94.9800033569336,113.26000213623047,15.95300006866455,12.850000381469727,2108.860107421875,,,,,,,0.005767058719145809,0,0,0,0,0,0,0
2015-06-12,1180.4000244140625,1181.199951171875,1176.199951171875,1178.800048828125,141,94.97000122070312,113.2300033569336,15.817999839782715,13.779999732971191,2094.110107421875,,,,,,,0.26883973529815103,0,0,0,0,0,0,0
2015-06-15,1179.9000244140625,1188.5,1172.699951171875,1185.300048828125,102,94.80999755859375,113.7300033569336,16.076000213623047,15.390000343322754,2084.429931640625,,,,,,,-0.1386107117308341,0,0,0,0,0,0,0
2015-06-16,1186.5,1186.5,1175.9000244140625,1180.5,29,95.0,113.31999969482422,15.958000183105469,14.8100004196167,2096.2900390625,,,,,,,0.030140369618875666,0,0,0,0,0,0,0
2015-06-17,1177.5999755859375,1186.300048828125,1174.9000244140625,1176.4000244140625,168,94.30000305175781,113.8499984741211,15.9399995803833,14.5,2100.43994140625,,,,,,,4.513382607957836,0,0,0,0,0,0,0
2015-06-18,1183.4000244140625,1202.0,1183.4000244140625,1201.5,130,94.04000091552734,115.31999969482422,16.148000717163086,13.1899995803833,2121.239990234375,,,,,,,0.047346440852718226,0,0,0,0,0,0,0
2015-06-19,1199.699951171875,1203.0999755859375,1199.699951171875,1201.5,142,94.08999633789062,115.12000274658203,16.104000091552734,13.960000038146973,2109.989990234375,,,,,,,-0.8802013336292945,0,0,0,0,0,0,0
2015-06-22,1197.800048828125,1197.800048828125,1182.699951171875,1183.699951171875,30,94.33000183105469,113.63999938964844,16.136999130249023,12.739999771118164,2122.85009765625,,,,,,,0.20594663333320298,0,0,0,0,0,0,0
2015-06-23,1183.800048828125,1186.0,1176.199951171875,1176.199951171875,60,95.43000030517578,112.88999938964844,15.732000350952148,12.109999656677246,2124.199951171875,,,,,,,0.07656410972351681,0,0,0,0,0,0,0
2015-06-24,1176.5999755859375,1176.5999755859375,1170.699951171875,1172.5999755859375,263,95.26000213623047,112.58999633789062,15.847999572753906,13.260000228881836,2108.580078125,,,,,,,0.2822232299057494,0,0,0,0,0,0,0
2015-06-25,1175.800048828125,1175.9000244140625,1171.5,1171.5,95,95.19000244140625,112.44000244140625,15.805000305175781,14.010000228881836,2102.31005859375,,,,,,,0.05096217347171067,0,0,0,0,0,0,0
2015-06-26,1170.5,1172.9000244140625,1170.5,1172.9000244140625,308,95.47000122070312,112.55999755859375,15.734999656677246,14.020000457763672,2101.489990234375,,,,,,,-0.02609273837359584,0,0,0,0,0,0,0
2015-06-29,1185.0999755859375,1186.0,1173.800048828125,1178.5,174,94.79000091552734,113.06999969482422,15.663999557495117,18.850000381469727,2057.639892578125,,,,,,,-0.15476971899082792,0,0,0,0,0,0,0
2015-06-30,1176.300048828125,1176.4000244140625,1166.5999755859375,1171.5,223,95.48999786376953,112.37000274658203,15.550999641418457,18.229999542236328,2063.110107421875,,,,,,,-0.28173573385488876,0,0,0,0,0,0,0
2015-07-01,1173.0999755859375,1173.0999755859375,1166.5999755859375,1169.0,455,96.30999755859375,111.9800033569336,15.552000045776367,16.09000015258789,2077.419921875,,,,,,,-1.0495648874649706,0,0,0,0,0,0,0
2015-07-02,1166.4000244140625,1168.0999755859375,1155.5,1163.0,316,96.11000061035156,111.76000213623047,15.536999702453613,16.790000915527344,2076.780029296875,,,,,,,0.7289361624033086,0,0,0,0,0,0,0
2015-07-06,1171.0999755859375,1173.0,1162.199951171875,1172.9000244140625,634,96.30000305175781,112.05999755859375,15.72599983215332,17.010000228881836,2068.760009765625,,,,,,,-2.4076546750416488,0,0,0,0,0,0,0
2015-07-07,1166.800048828125,1166.800048828125,1149.5,1152.4000244140625,469,96.87000274658203,110.76000213623047,14.949999809265137,16.09000015258789,2081.340087890625,,,,,,,0.7915156560492158,0,0,0,0,0,0,0
2015-07-08,1152.5999755859375,1163.300048828125,1146.4000244140625,1163.300048828125,65,96.29000091552734,111.08999633789062,15.147000312805176,19.65999984741211,2046.6800537109375,,,,,,,-2.490038581676255,0,0,0,0,0,0,0
2015-07-09,1154.800048828125,1163.5999755859375,1154.800048828125,1159.0,65,96.61000061035156,111.36000061035156,15.345000267028809,19.969999313354492,2051.31005859375,,,,,,,0.6318726061962004,0,0,0,0,0,0,0
2015-07-10,1160.0999755859375,1161.4000244140625,1157.5,1157.699951171875,27,96.02999877929688,111.48999786376953,15.468000411987305,16.829999923706055,2076.6201171875,,,,,,,1.791612438594005,0,0,0,0,0,0,0
2015-07-13,1159.0,1159.0,1151.199951171875,1155.199951171875,14,96.86000061035156,110.98999786376953,15.435999870300293,13.899999618530273,2099.60009765625,,,,,,,0.5965306863181652,0,0,0,0,0,0,0
2015-07-14,1157.199951171875,1157.199951171875,1153.0,1153.300048828125,39,96.63999938964844,110.73999786376953,15.295000076293945,13.369999885559082,2108.949951171875,,,,,,,0.2811340265939685,0,0,0,0,0,0,0
2015-07-15,1154.0,1154.0,1144.800048828125,1147.199951171875,15,97.12999725341797,110.16000366210938,15.027999877929688,13.229999542236328,2107.39990234375,,,,,,,0.31194323678823527,0,0,0,0,0,0,0
2015-07-16,1146.199951171875,1146.199951171875,1142.9000244140625,1143.800048828125,14,97.66000366210938,109.76000213623047,14.96399974822998,12.109999656677246,2124.2900390625,,,,,,,-0.02293341573984863,0,0,0,0,0,0,0
2015-07-17,1144.0,1144.0,1130.199951171875,1131.800048828125,120,97.86000061035156,108.6500015258789,14.819999694824219,11.949999809265137,2126.639892578125,,,,,,,0.18049686125593783,0,0,0,0,0,0,0
2015-07-20,1130.4000244140625,1130.699951171875,1095.0999755859375,1106.699951171875,189,98.02999877929688,105.69999694824219,14.744999885559082,12.25,2128.280029296875,,,,,,,-2.2714873001551825,0,0,0,0,0,0,0
2015-07-21,1097.0999755859375,1106.4000244140625,1097.0999755859375,1103.4000244140625,118,97.33000183105469,105.37000274658203,14.769000053405762,12.220000267028809,2119.2099609375,,,,,,,-2.2120586671949627,0,0,0,0,0,0,0
2015-07-22,1093.0,1095.0,1086.0,1091.4000244140625,46,97.5999984741211,104.80000305175781,14.71399974822998,12.119999885559082,2114.14990234375,,,,,,,0.364684338279291,0,0,0,0,0,0,0
2015-07-23,1097.4000244140625,1097.5999755859375,1087.800048828125,1094.0,64,97.12000274658203,104.33000183105469,14.682999610900879,12.640000343322754,2102.14990234375,,,,,,,-2.643212983247339,0,0,0,0,0,0,0
2015-07-24,1078.5999755859375,1100.699951171875,1078.5999755859375,1085.5999755859375,52,97.23999786376953,105.3499984741211,14.47700023651123,13.739999771118164,2079.64990234375,,,,,,,4.263171825744989,0,0,0,0,0,0,0
2015-07-27,1100.0,1102.5,1093.9000244140625,1096.5,19,96.5,104.86000061035156,14.593999862670898,15.600000381469727,2067.639892578125,,,,,,,-1.227153142076056,0,0,0,0,0,0,0
2015-07-28,1097.199951171875,1097.699951171875,1096.300048828125,1096.300048828125,31,96.7699966430664,105.0199966430664,14.630999565124512,13.4399995803833,2093.25,,,,,,,-0.5932273507598134,0,0,0,0,0,0,0
2015-07-29,1096.4000244140625,1096.9000244140625,1092.699951171875,1092.699951171875,159142,96.9800033569336,105.16999816894531,14.734000205993652,12.5,2108.570068359375,,,,,,,1.1278933997115383,0,0,0,0,0,0,0
2015-07-30,1096.0999755859375,1097.5,1081.0,1088.4000244140625,49298,97.55999755859375,104.2699966430664,14.690999984741211,12.130000114440918,2108.6298828125,,,,,,,-0.6148372549170196,0,0,0,0,0,0,0
2015-07-31,1087.699951171875,1102.800048828125,1079.0999755859375,1094.9000244140625,5700,97.37000274658203,104.93000030517578,14.746000289916992,12.119999885559082,2103.840087890625,,,,,,,-0.45901675479171233,0,0,0,0,0,0,0
2015-08-03,1095.5,1097.0999755859375,1085.0,1089.4000244140625,2418,97.48999786376953,104.0999984741211,14.515999794006348,12.5600004196167,2098.0400390625,,,,,,,-1.5023953646393446,0,0,0,0,0,0,0
2015-08-04,1085.0999755859375,1093.9000244140625,1080.5,1090.699951171875,1139,97.93000030517578,104.30999755859375,14.550000190734863,13.0,2093.320068359375,,,,,,,-1.1663565368009197,0,0,0,0,0,0,0
2015-08-05,1086.5,1090.5999755859375,1082.5,1085.699951171875,1207,97.95999908447266,103.93000030517578,14.545999526977539,12.510000228881836,2099.840087890625,,,,,,,-0.7932726367980032,0,0,0,0,0,0,0
2015-08-06,1084.4000244140625,1092.199951171875,1083.5999755859375,1090.199951171875,269,97.83000183105469,104.38999938964844,14.670000076293945,13.770000457763672,2083.56005859375,,,,,,,-0.6770066734399447,0,0,0,0,0,0,0
2015-08-07,1088.9000244140625,1098.300048828125,1081.699951171875,1094.0999755859375,614,97.55999755859375,104.6500015258789,14.815999984741211,13.390000343322754,2077.570068359375,,,,,,,-1.054142822023726,0,0,0,0,0,0,0
2015-08-10,1093.199951171875,1107.5999755859375,1089.5,1104.199951171875,900,97.16000366210938,105.72000122070312,15.288999557495117,12.229999542236328,2104.179931640625,,,,,,,-0.6807430383584384,0,0,0,0,0,0,0
2015-08-11,1103.800048828125,1116.699951171875,1094.0,1107.5999755859375,997,97.29000091552734,106.26000213623047,15.281000137329102,13.710000038146973,2084.070068359375,,,,,,,0.05784604176037264,0,0,0,0,0,0,0
2015-08-12,1106.0,1124.5,1101.5,1123.199951171875,797,96.26000213623047,107.75,15.472999572753906,13.609999656677246,2086.050048828125,,,,,,,0.019191268391098082,0,0,0,0,0,0,0
2015-08-13,1124.300048828125,1124.300048828125,1113.0,1115.699951171875,441,96.44999694824219,106.86000061035156,15.395999908447266,13.489999771118164,2083.389892578125,,,,,,,-0.5796129798460192,0,0,0,0,0,0,0
2015-08-14,1113.9000244140625,1118.800048828125,1112.5,1112.9000244140625,908,96.56999969482422,106.8499984741211,15.210000038146973,12.829999923706055,2091.5400390625,,,,,,,0.3086061725906771,0,0,0,0,0,0,0
2015-08-17,1113.800048828125,1122.0,1113.800048828125,1118.5999755859375,399,96.81999969482422,107.12999725341797,15.295000076293945,13.020000457763672,2102.43994140625,,,,,,,-0.6174335729965259,0,0,0,0,0,0,0
2015-08-18,1118.199951171875,1118.4000244140625,1110.0,1117.0999755859375,475,96.97000122070312,107.11000061035156,14.786999702453613,13.789999961853027,2096.919921875,,,,,,,-0.18110524870106356,0,0,0,0,0,0,0
2015-08-19,1117.0,1134.300048828125,1116.800048828125,1128.0999755859375,348,96.45999908447266,108.55000305175781,15.175999641418457,15.25,2079.610107421875,,,,,,,1.1170773946977002,0,0,0,0,0,0,0
2015-08-20,1132.800048828125,1153.300048828125,1132.800048828125,1153.0,409,95.75,110.44000244140625,15.517000198364258,19.139999389648438,2035.72998046875,,,,,,,-0.5477276526317879,0,0,0,0,0,0,0
2015-08-21,1154.0999755859375,1166.5,1150.5,1159.5999755859375,261,94.83000183105469,111.12999725341797,15.300999641418457,28.030000686645508,1970.8900146484375,,,,,,,-0.34719731192863235,0,0,0,0,0,0,0
2015-08-24,1164.0,1169.0,1147.5,1153.4000244140625,299,93.30999755859375,110.52999877929688,14.76200008392334,40.7400016784668,1893.2099609375,,,,,,,-0.35896562819509836,0,0,0,0,0,0,0
2015-08-25,1151.5,1155.5,1134.0,1138.199951171875,217,94.52999877929688,109.16000366210938,14.609999656677246,36.02000045776367,1867.6099853515625,,,,,,,-0.06008995763150214,0,0,0,0,0,0,0
2015-08-26,1139.199951171875,1143.0,1119.5999755859375,1124.5999755859375,116,95.0999984741211,107.66999816894531,14.045000076293945,30.31999969482422,1940.510009765625,,,,,,,-0.6762145230265922,0,0,0,0,0,0,0
2015-08-27,1127.199951171875,1127.4000244140625,1118.4000244140625,1122.4000244140625,564,95.61000061035156,107.7300033569336,14.420999526977539,26.100000381469727,1987.6600341796875,,,,,,,0.24074801200723164,0,0,0,0,0,0,0
2015-08-28,1125.300048828125,1139.0,1123.5999755859375,1133.0999755859375,279,96.11000061035156,108.69999694824219,14.53499984741211,26.049999237060547,1988.8699951171875,,,,,,,0.04906953692044998,0,0,0,0,0,0,0
2015-08-31,1131.0999755859375,1134.0,1124.800048828125,1131.5999755859375,194,95.94999694824219,108.81999969482422,14.57699966430664,28.43000030517578,1972.1800537109375,,,,,,,0.9140175659176232,0,0,0,0,0,0,0
2015-09-01,1133.5,1144.699951171875,1133.5,1138.699951171875,375,95.44999694824219,109.19999694824219,14.61299991607666,31.399999618530273,1913.8499755859375,,,,,,,-0.09230807956258359,0,0,0,0,0,0,0
2015-09-02,1137.300048828125,1140.4000244140625,1130.800048828125,1132.5,201,95.83000183105469,108.62000274658203,14.66100025177002,26.09000015258789,1948.8599853515625,,,,,,,-0.035743989253493466,0,0,0,0,0,0,0
2015-09-03,1130.300048828125,1132.9000244140625,1120.300048828125,1123.699951171875,122,96.41000366210938,107.83999633789062,14.70199966430664,25.610000610351562,1951.1300048828125,,,,,,,0.18996592032102208,0,0,0,0,0,0,0
2015-09-04,1123.4000244140625,1125.199951171875,1116.199951171875,1120.5999755859375,51,96.2300033569336,107.48999786376953,14.543999671936035,27.799999237060547,1921.219970703125,,,,,,,0.013179971170019518,0,0,0,0,0,0,0
2015-09-08,1119.800048828125,1124.300048828125,1116.4000244140625,1120.4000244140625,138,95.87999725341797,107.5199966430664,14.75,24.899999618530273,1969.4100341796875,,,,,,,0.1723811148886005,0,0,0,0,0,0,0
2015-09-09,1123.5,1123.5,1102.0999755859375,1102.199951171875,150,96.01000213623047,106.12999725341797,14.567999839782715,26.229999542236328,1942.0400390625,,,,,,,1.3634054040768053,0,0,0,0,0,0,0
2015-09-10,1107.300048828125,1113.5,1105.5,1109.5,56,95.45999908447266,106.37999725341797,14.633999824523926,24.3700008392334,1952.2900390625,,,,,,,-0.16342777719533247,0,0,0,0,0,0,0
2015-09-11,1110.800048828125,1111.699951171875,1098.199951171875,1103.5,81,95.19000244140625,106.16000366210938,14.489999771118164,23.200000762939453,1961.050048828125,,,,,,,1.0304540986620963,0,0,0,0,0,0,0
2015-09-14,1107.800048828125,1108.5999755859375,1104.0999755859375,1107.699951171875,19,95.25,106.22000122070312,14.357000350952148,24.25,1953.030029296875,,,,,,,-0.12519513396788712,0,0,0,0,0,0,0
2015-09-15,1104.5,1104.5,1102.800048828125,1102.800048828125,8,95.61000061035156,105.9000015258789,14.319000244140625,22.540000915527344,1978.0899658203125,,,,,,,0.37957063092806276,0,0,0,0,0,0,0
2015-09-16,1109.800048828125,1119.9000244140625,1109.800048828125,1119.199951171875,31,95.41999816894531,107.30999755859375,14.878000259399414,21.350000381469727,1995.31005859375,,,,,,,-0.1276226968404506,0,0,0,0,0,0,0
2015-09-17,1118.5999755859375,1130.5,1117.0999755859375,1117.300048828125,14,94.55000305175781,108.41000366210938,14.975000381469727,21.139999389648438,1990.199951171875,,,,,,,3.8932246651115454,0,0,0,0,0,0,0
2015-09-18,1128.300048828125,1141.199951171875,1127.800048828125,1138.0999755859375,59,94.86000061035156,109.20999908447266,15.154000282287598,22.280000686645508,1958.030029296875,,,,,,,0.09564323570082756,0,0,0,0,0,0,0
2015-09-21,1137.5999755859375,1138.5,1130.800048828125,1133.0999755859375,17,95.88999938964844,108.52999877929688,15.215999603271484,20.139999389648438,1966.969970703125,,,,,,,-0.5173516657486389,0,0,0,0,0,0,0
2015-09-22,1132.5999755859375,1135.0,1122.5,1125.0,43,96.27999877929688,107.79000091552734,14.75,22.440000534057617,1942.739990234375,,,,,,,-0.3949503030783338,0,0,0,0,0,0,0
2015-09-23,1128.5999755859375,1132.199951171875,1128.300048828125,1131.5999755859375,33,96.06999969482422,108.22000122070312,14.779999732971191,22.1299991607666,1938.760009765625,,,,,,,-0.9983576970615334,0,0,0,0,0,0,0
2015-09-24,1133.0,1155.9000244140625,1133.0,1153.800048828125,37,95.98999786376953,110.48999786376953,15.125,23.469999313354492,1932.239990234375,,,,,,,-0.5382935534948526,0,0,0,0,0,0,0
2015-09-25,1149.800048828125,1149.800048828125,1143.4000244140625,1146.0,56,96.2699966430664,109.80999755859375,15.105999946594238,23.6200008392334,1931.3399658203125,,,,,,,-0.3253116247766516,0,0,0,0,0,0,0
2015-09-28,1133.199951171875,1133.199951171875,1132.0,1132.0,4346,96.02999877929688,108.41999816894531,14.538000106811523,27.6299991607666,1881.77001953125,,,,,,,-0.4652976624736194,0,0,0,0,0,0,0
2015-09-29,1132.199951171875,1134.4000244140625,1124.300048828125,1127.0999755859375,2417,95.88999938964844,107.9800033569336,14.569000244140625,26.829999923706055,1884.0899658203125,,,,,,,-0.36754057176069654,0,0,0,0,0,0,0
2015-09-30,1124.300048828125,1126.0,1112.0999755859375,1115.5,865,96.3499984741211,106.86000061035156,14.512999534606934,24.5,1920.030029296875,,,,,,,-0.39499983031859826,0,0,0,0,0,0,0
2015-10-01,1115.199951171875,1119.0,1113.300048828125,1114.199951171875,1181,96.19000244140625,106.7300033569336,14.505999565124512,22.549999237060547,1923.8199462890625,,,,,,,-0.39605341098667096,0,0,0,0,0,0,0
2015-10-02,1112.199951171875,1141.199951171875,1105.800048828125,1137.0999755859375,323,95.83000183105469,108.98999786376953,15.256999969482422,20.940000534057617,1951.3599853515625,,,,,,,-0.2116335381110822,0,0,0,0,0,0,0
2015-10-05,1137.0999755859375,1141.699951171875,1132.5,1138.0999755859375,226,96.11000061035156,108.7699966430664,15.70199966430664,19.540000915527344,1987.050048828125,,,,,,,-1.1570735765031572,0,0,0,0,0,0,0
2015-10-06,1136.300048828125,1150.0,1136.300048828125,1146.800048828125,145,95.45999908447266,109.86000061035156,15.979000091552734,19.399999618530273,1979.9200439453125,,,,,,,-0.3862380171915008,0,0,0,0,0,0,0
2015-10-07,1147.5999755859375,1152.9000244140625,1143.0,1149.0,104,95.5,109.69999694824219,16.08799934387207,18.399999618530273,1995.8299560546875,,,,,,,-1.48325584193725,0,0,0,0,0,0,0
2015-10-08,1142.699951171875,1146.699951171875,1138.699951171875,1144.699951171875,138,95.31999969482422,109.13999938964844,15.760000228881836,17.420000076293945,2013.4300537109375,,,,,,,-1.866671423946505,0,0,0,0,0,0,0
2015-10-09,1151.5999755859375,1157.199951171875,1151.5999755859375,1156.300048828125,22,94.80999755859375,110.87000274658203,15.809000015258789,17.079999923706055,2014.8900146484375,,,,,,,0.022402811616359312,0,0,0,0,0,0,0
2015-10-12,1155.9000244140625,1166.800048828125,1155.9000244140625,1164.9000244140625,40,94.83999633789062,111.30999755859375,15.854999542236328,16.170000076293945,2017.4599609375,,,,,,,-1.096590632827349,0,0,0,0,0,0,0
2015-10-13,1163.5,1166.199951171875,1154.9000244140625,1165.800048828125,132,94.76000213623047,111.86000061035156,15.897000312805176,17.670000076293945,2003.68994140625,,,,,,,0.2876910815052472,0,0,0,0,0,0,0
2015-10-14,1172.4000244140625,1189.0,1167.300048828125,1180.0999755859375,143,93.93000030517578,113.80999755859375,16.101999282836914,18.030000686645508,1994.239990234375,,,,,,,1.904142047743773,0,0,0,0,0,0,0
2015-10-15,1184.199951171875,1188.300048828125,1177.800048828125,1187.9000244140625,143,94.37000274658203,113.29000091552734,16.152000427246094,16.049999237060547,2023.8599853515625,,,,,,,-1.6372657817795124,0,0,0,0,0,0,0
2015-10-16,1182.5,1184.0999755859375,1176.199951171875,1183.5999755859375,243,94.54000091552734,112.48999786376953,16.101999282836914,15.050000190734863,2033.1099853515625,,,,,,,-2.578085860231752,0,0,0,0,0,0,0
2015-10-19,1176.5,1177.800048828125,1169.300048828125,1173.300048828125,62,94.95999908447266,112.0199966430664,15.829000473022461,14.979999542236328,2033.6600341796875,,,,,,,-1.2085973004670845,0,0,0,0,0,0,0
2015-10-20,1168.699951171875,1179.0999755859375,1168.699951171875,1178.0,19,94.8499984741211,112.7300033569336,15.904999732971191,15.75,2030.77001953125,,,,,,,-0.49427254468938103,0,0,0,0,0,0,0
2015-10-21,1175.9000244140625,1176.4000244140625,1164.9000244140625,1167.5999755859375,41,95.05000305175781,111.7300033569336,15.696000099182129,16.700000762939453,2018.93994140625,,,,,,,-0.5325706885895798,0,0,0,0,0,0,0
2015-10-22,1166.199951171875,1168.5999755859375,1163.5,1166.5999755859375,48,96.33999633789062,111.69000244140625,15.822999954223633,14.449999809265137,2052.510009765625,,,,,,,-0.3581825015974184,0,0,0,0,0,0,0
2015-10-23,1166.199951171875,1178.699951171875,1163.300048828125,1163.300048828125,38,97.06999969482422,111.5,15.817999839782715,14.460000038146973,2075.14990234375,,,,,,,0.02565362792190303,0,0,0,0,0,0,0
2015-10-26,1165.0999755859375,1170.0,1163.800048828125,1167.0,176,96.86000061035156,111.43000030517578,15.899999618530273,15.289999961853027,2071.179931640625,,,,,,,-1.2773635832397543,0,0,0,0,0,0,0
2015-10-27,1164.5,1166.800048828125,1162.0,1166.800048828125,302,96.91000366210938,111.68000030517578,15.857999801635742,15.430000305175781,2065.889892578125,,,,,,,-0.4167646516262193,0,0,0,0,0,0,0
2015-10-28,1175.0999755859375,1182.699951171875,1175.0999755859375,1177.0999755859375,217,97.77999877929688,110.77999877929688,16.288000106811523,14.329999923706055,2090.35009765625,,,,,,,-4.8724209742409785,0,0,0,0,0,0,0
2015-10-29,1158.0,1162.0,1144.9000244140625,1147.199951171875,329,97.27999877929688,109.72000122070312,15.543999671936035,14.609999656677246,2089.409912109375,,,,,,,-0.4501135830890193,0,0,0,0,0,0,0
2015-10-30,1147.5,1147.5999755859375,1139.199951171875,1141.5,249,96.94999694824219,109.30000305175781,15.565999984741211,15.069999694824219,2079.360107421875,,,,,,,-0.1435905446904982,0,0,0,0,0,0,0
2015-11-02,1137.9000244140625,1138.699951171875,1132.5999755859375,1135.800048828125,180,96.93000030517578,108.58999633789062,15.413000106811523,14.149999618530273,2104.050048828125,,,,,,,-0.560096113155958,0,0,0,0,0,0,0
2015-11-03,1133.300048828125,1134.699951171875,1114.199951171875,1114.199951171875,185,97.16000366210938,106.9800033569336,15.244000434875488,14.539999961853027,2109.7900390625,,,,,,,0.6057379492039398,0,0,0,0,0,0,0
2015-11-04,1119.0,1121.9000244140625,1106.5,1106.5,141,97.94999694824219,105.97000122070312,15.062999725341797,15.510000228881836,2102.31005859375,,,,,,,-0.10032518797481219,0,0,0,0,0,0,0
2015-11-05,1107.9000244140625,1110.699951171875,1104.4000244140625,1104.4000244140625,84,97.94000244140625,105.63999938964844,14.98799991607666,15.050000190734863,2099.929931640625,,,,,,,-0.43703640070682426,0,0,0,0,0,0,0
2015-11-06,1105.199951171875,1109.5,1084.800048828125,1087.5999755859375,78,99.16000366210938,104.0999984741211,14.696000099182129,14.329999923706055,2099.199951171875,,,,,,,-0.2580782439039168,0,0,0,0,0,0,0
2015-11-09,1088.5999755859375,1088.5999755859375,1087.9000244140625,1087.9000244140625,5,98.9800033569336,104.4000015258789,14.418000221252441,16.520000457763672,2078.580078125,,,,,,,0.4592338310268512,0,0,0,0,0,0,0
2015-11-10,1090.0999755859375,1091.300048828125,1085.0,1088.199951171875,18,99.29000091552734,104.18000030517578,14.355999946594238,15.289999961853027,2081.719970703125,,,,,,,-0.19065352447613784,0,0,0,0,0,0,0
2015-11-11,1091.4000244140625,1091.4000244140625,1084.199951171875,1084.699951171875,15,99.01000213623047,103.83000183105469,14.26200008392334,16.059999465942383,2075.0,,,,,,,-0.22766294274978532,0,0,0,0,0,0,0
2015-11-12,1086.0,1086.5999755859375,1080.800048828125,1080.800048828125,4,98.6500015258789,103.8499984741211,14.223999977111816,18.3700008392334,2045.969970703125,,,,,,,0.8156637223335546,0,0,0,0,0,0,0
2015-11-13,1083.0999755859375,1085.9000244140625,1080.800048828125,1080.800048828125,23,98.98999786376953,103.55999755859375,14.20300006866455,20.079999923706055,2023.0400390625,,,,,,,0.04212438794195247,0,0,0,0,0,0,0
2015-11-16,1092.0,1092.4000244140625,1083.699951171875,1083.699951171875,11,99.44000244140625,103.70999908447266,14.220999717712402,18.15999984741211,2053.18994140625,,,,,,,-0.28870835091228875,0,0,0,0,0,0,0
2015-11-17,1075.5,1075.800048828125,1065.0999755859375,1068.699951171875,6,99.62999725341797,102.33999633789062,14.170000076293945,18.84000015258789,2050.43994140625,,,,,,,-0.09256895310714013,0,0,0,0,0,0,0
2015-11-18,1064.0,1071.9000244140625,1064.0,1068.800048828125,5,99.6500015258789,102.43000030517578,14.079999923706055,16.850000381469727,2083.580078125,,,,,,,0.12396922981102984,0,0,0,0,0,0,0
2015-11-19,1077.4000244140625,1082.4000244140625,1077.4000244140625,1078.0,10,98.98999786376953,103.55999755859375,14.241999626159668,16.989999771118164,2081.239990234375,,,,,,,0.779580107323654,0,0,0,0,0,0,0
2015-11-20,1082.9000244140625,1082.9000244140625,1076.4000244140625,1076.4000244140625,5,99.56999969482422,103.08999633789062,14.105999946594238,15.470000267028809,2089.169921875,,,,,,,-0.06855480880885172,0,0,0,0,0,0,0
2015-11-23,1070.0,1071.5,1066.800048828125,1066.800048828125,57,99.80000305175781,102.26000213623047,14.041999816894531,15.619999885559082,2086.590087890625,,,,,,,0.17649423902018066,0,0,0,0,0,0,0
2015-11-24,1073.199951171875,1079.4000244140625,1073.199951171875,1074.300048828125,222,99.52999877929688,102.94000244140625,14.168999671936035,15.930000305175781,2089.139892578125,,,,,,,0.0678704336179203,0,0,0,0,0,0,0
2015-11-25,1070.199951171875,1072.0,1068.5,1070.5,148662,99.80000305175781,102.45999908447266,14.168000221252441,15.1899995803833,2088.8701171875,,,,,,,-0.23382051565232048,0,0,0,0,0,0,0
2015-11-27,1070.699951171875,1074.199951171875,1051.0999755859375,1056.199951171875,52133,100.0199966430664,101.25,14.008000373840332,15.119999885559082,2090.110107421875,,,,,,,0.2057190341882974,0,0,0,0,0,0,0
2015-11-30,1056.5,1068.4000244140625,1052.0999755859375,1065.800048828125,4601,100.16999816894531,101.91999816894531,14.050000190734863,16.1299991607666,2080.409912109375,,,,,,,-0.45554205520580804,0,0,0,0,0,0,0
2015-12-01,1064.5999755859375,1074.5999755859375,1063.4000244140625,1063.800048828125,3441,99.80000305175781,102.27999877929688,14.055000305175781,14.670000076293945,2102.6298828125,,,,,,,1.042439166207581,0,0,0,0,0,0,0
2015-12-02,1068.699951171875,1069.5,1049.5999755859375,1054.199951171875,503,99.98999786376953,100.69000244140625,13.979000091552734,15.90999984741211,2079.510009765625,,,,,,,-0.7746080102866456,0,0,0,0,0,0,0
2015-12-03,1054.4000244140625,1064.5999755859375,1046.199951171875,1061.699951171875,1161,97.62000274658203,101.76000213623047,14.053000450134277,18.110000610351562,2049.6201171875,,,,,,,0.19558195287521266,0,0,0,0,0,0,0
2015-12-04,1063.0,1088.800048828125,1058.699951171875,1084.5,889,98.3499984741211,104.0199966430664,14.505000114440918,14.8100004196167,2091.68994140625,,,,,,,0.39571810584228795,0,0,0,0,0,0,0
2015-12-07,1084.9000244140625,1086.5,1067.4000244140625,1076.4000244140625,656,98.66000366210938,102.66999816894531,14.307000160217285,15.84000015258789,2077.070068359375,,,,,,,-1.113196872819688,0,0,0,0,0,0,0
2015-12-08,1071.0,1078.4000244140625,1069.5999755859375,1076.300048828125,306,98.47000122070312,102.83999633789062,14.090999603271484,17.600000381469727,2063.590087890625,,,,,,,-0.6087223353202842,0,0,0,0,0,0,0
2015-12-09,1075.0999755859375,1086.0,1070.5999755859375,1077.5999755859375,386,97.3499984741211,102.63999938964844,14.163999557495117,19.610000610351562,2047.6199951171875,,,,,,,-1.4356693404838028,0,0,0,0,0,0,0
2015-12-10,1073.0,1076.300048828125,1071.699951171875,1073.0999755859375,226,97.94000244140625,102.55000305175781,14.085000038146973,19.34000015258789,2052.22998046875,,,,,,,-0.50476549178858,0,0,0,0,0,0,0
2015-12-11,1067.800048828125,1079.4000244140625,1064.4000244140625,1076.9000244140625,410,97.56999969482422,103.11000061035156,13.859000205993652,24.389999389648438,2012.3699951171875,,,,,,,0.03433211344679616,0,0,0,0,0,0,0
2015-12-14,1074.0,1076.699951171875,1060.0,1064.699951171875,509,97.5999984741211,101.79000091552734,13.666000366210938,22.729999542236328,2021.93994140625,,,,,,,-0.3639422146139497,0,0,0,0,0,0,0
2015-12-15,1064.5999755859375,1066.199951171875,1061.800048828125,1062.9000244140625,220,98.22000122070312,101.5199966430664,13.739999771118164,20.950000762939453,2043.4100341796875,,,,,,,-0.6159427858753987,0,0,0,0,0,0,0
2015-12-16,1064.800048828125,1078.699951171875,1064.300048828125,1078.0,81,97.87000274658203,102.75,14.218000411987305,17.860000610351562,2073.070068359375,,,,,,,-1.2591162823228303,0,0,0,0,0,0,0
2015-12-17,1072.5999755859375,1072.5999755859375,1050.5,1050.800048828125,56,99.2699966430664,100.5,13.682999610900879,18.940000534057617,2041.8900146484375,,,,,,,-0.16351751164215472,0,0,0,0,0,0,0
2015-12-18,1053.699951171875,1070.300048828125,1052.699951171875,1066.199951171875,253,98.69999694824219,102.04000091552734,14.079999923706055,20.700000762939453,2005.550048828125,,,,,,,0.05042926136412094,0,0,0,0,0,0,0
2015-12-21,1070.199951171875,1081.9000244140625,1070.199951171875,1081.9000244140625,26,98.45999908447266,103.1500015258789,14.300999641418457,18.700000762939453,2021.1500244140625,,,,,,,-1.1244475670727152,0,0,0,0,0,0,0
2015-12-22,1078.5999755859375,1078.5999755859375,1073.800048828125,1074.800048828125,106,98.23999786376953,102.61000061035156,14.302000045776367,16.600000381469727,2038.969970703125,,,,,,,-0.6921484142925713,0,0,0,0,0,0,0
2015-12-23,1074.5,1074.800048828125,1069.4000244140625,1069.4000244140625,202,98.33999633789062,102.30999755859375,14.277000427246094,15.569999694824219,2064.2900390625,,,,,,,-0.023793881049427132,0,0,0,0,0,0,0
2015-12-24,1074.300048828125,1077.800048828125,1073.5,1077.199951171875,24,97.9800033569336,103.05000305175781,14.369000434875488,15.739999771118164,2060.989990234375,,,,,,,-0.03473669165744974,0,0,0,0,0,0,0
2015-12-28,1077.9000244140625,1098.800048828125,1070.5,1070.5,361,97.91999816894531,102.2699966430664,13.873000144958496,16.90999984741211,2056.5,,,,,,,-0.4504280589681791,0,0,0,0,0,0,0
2015-12-29,1079.0999755859375,1079.699951171875,1077.5,1077.5,252,98.0999984741211,102.19999694824219,13.916999816894531,16.079999923706055,2078.360107421875,,,,,,,-2.522919714436784,0,0,0,0,0,0,0
2015-12-30,1068.5999755859375,1070.199951171875,1059.699951171875,1060.0999755859375,71,98.2699966430664,101.41999816894531,13.814000129699707,17.290000915527344,2063.360107421875,,,,,,,0.0500616348340494,0,0,0,0,0,0,0
2015-12-31,1061.9000244140625,1062.0,1058.5,1060.300048828125,10,98.62999725341797,101.45999908447266,13.774999618530273,18.209999084472656,2043.93994140625,,,,,,,0.11683102584826936,0,0,0,0,0,0,0
2016-01-04,1063.4000244140625,1082.5,1063.199951171875,1075.0999755859375,143,98.87000274658203,102.88999938964844,13.817000389099121,20.700000762939453,2012.6600341796875,,,,,,,0.16482752009337667,0,0,0,0,0,0,0
2016-01-05,1075.5999755859375,1081.5,1075.300048828125,1078.4000244140625,82,99.4000015258789,103.18000030517578,13.949000358581543,19.34000015258789,2016.7099609375,,,,,,,0.08421958385811594,0,0,0,0,0,0,0
2016-01-06,1081.5999755859375,1093.699951171875,1081.5999755859375,1091.9000244140625,52,99.18000030517578,104.66999816894531,13.956999778747559,20.59000015258789,1990.260009765625,,,,,,,0.6512996890959193,0,0,0,0,0,0,0
2016-01-07,1091.5999755859375,1109.4000244140625,1091.5999755859375,1107.699951171875,122,98.22000122070312,106.1500015258789,14.335000038146973,24.989999771118164,1943.0899658203125,,,,,,,0.5356914243844773,0,0,0,0,0,0,0
2016-01-08,1111.0999755859375,1111.0999755859375,1093.0,1097.800048828125,98,98.54000091552734,105.68000030517578,13.907999992370605,27.010000228881836,1922.030029296875,,,,,,,1.822699918710366,0,0,0,0,0,0,0
2016-01-11,1105.699951171875,1107.9000244140625,1096.5,1096.5,43,98.7300033569336,104.73999786376953,13.854999542236328,24.299999237060547,1923.6700439453125,,,,,,,-0.4485729742925635,0,0,0,0,0,0,0
2016-01-12,1093.800048828125,1098.5,1084.0,1085.5999755859375,87,98.97000122070312,104.20999908447266,13.739999771118164,22.469999313354492,1938.6800537109375,,,,,,,0.9756574756204555,0,0,0,0,0,0,0
2016-01-13,1081.5,1093.9000244140625,1081.5,1087.5,50,98.93000030517578,104.72000122070312,14.145000457763672,25.219999313354492,1890.280029296875,,,,,,,1.8397915536009537,0,0,0,0,0,0,0
2016-01-14,1091.5,1091.5,1073.699951171875,1073.9000244140625,59,99.08999633789062,103.0199966430664,13.737000465393066,23.950000762939453,1921.8399658203125,,,,,,,0.8061937120563479,0,0,0,0,0,0,0
2016-01-15,1085.0,1095.800048828125,1081.800048828125,1091.5,44,98.95999908447266,104.08000183105469,13.883999824523926,27.020000457763672,1880.3299560546875,,,,,,,-0.9853813995804521,0,0,0,0,0,0,0
2016-01-19,1089.800048828125,1094.4000244140625,1084.9000244140625,1089.9000244140625,17,98.98999786376953,103.9800033569336,14.109999656677246,26.049999237060547,1881.3299560546875,,,,,,,-0.875950440870992,0,0,0,0,0,0,0
2016-01-20,1099.800048828125,1109.800048828125,1099.800048828125,1107.0999755859375,30,99.08999633789062,105.37000274658203,14.147000312805176,27.59000015258789,1859.3299560546875,,,,,,,-1.5586035702250691,0,0,0,0,0,0,0
2016-01-21,1103.5999755859375,1103.5999755859375,1094.0999755859375,1099.0999755859375,16,99.05999755859375,105.48999786376953,14.083000183105469,26.690000534057617,1868.989990234375,,,,,,,0.9400865124281086,0,0,0,0,0,0,0
2016-01-22,1098.0,1103.199951171875,1097.199951171875,1097.199951171875,4,99.56999969482422,105.0,14.043000221252441,22.34000015258789,1906.9000244140625,,,,,,,0.0652061275421473,0,0,0,0,0,0,0
2016-01-25,1099.300048828125,1109.300048828125,1099.300048828125,1106.199951171875,8,99.36000061035156,106.08000183105469,14.239999771118164,24.149999618530273,1877.0799560546875,,,,,,,0.6719110114998399,0,0,0,0,0,0,0
2016-01-26,1115.0999755859375,1121.699951171875,1114.300048828125,1121.699951171875,181,99.36000061035156,107.29000091552734,14.543999671936035,22.5,1903.6300048828125,,,,,,,-0.08442900157382988,0,0,0,0,0,0,0
2016-01-27,1117.800048828125,1117.800048828125,1115.800048828125,1116.0999755859375,168706,98.9000015258789,107.69000244140625,14.4399995803833,23.110000610351562,1882.949951171875,,,,,,,2.3679905352247017,0,0,0,0,0,0,0
2016-01-28,1125.4000244140625,1125.699951171875,1109.800048828125,1115.5999755859375,52861,98.51000213623047,106.54000091552734,14.215999603271484,22.420000076293945,1893.3599853515625,,,,,,,-0.5610548103338864,0,0,0,0,0,0,0
2016-01-29,1114.4000244140625,1118.5999755859375,1108.800048828125,1116.4000244140625,6955,99.61000061035156,106.94999694824219,14.229000091552734,20.200000762939453,1940.239990234375,,,,,,,0.30821662496171626,0,0,0,0,0,0,0
2016-02-01,1116.699951171875,1130.0,1115.300048828125,1127.9000244140625,1682,99.0,108.05000305175781,14.329000473022461,19.979999542236328,1939.3800048828125,,,,,,,0.2934855912307548,0,0,0,0,0,0,0
2016-02-02,1128.300048828125,1131.4000244140625,1123.0,1127.300048828125,1230,98.87000274658203,108.08999633789062,14.276000022888184,21.979999542236328,1903.030029296875,,,,,,,0.6044605188699227,0,0,0,0,0,0,0
2016-02-03,1128.5,1146.0,1125.0,1141.300048828125,1630,97.29000091552734,109.25,14.720000267028809,21.649999618530273,1912.530029296875,,,,,,,0.006899375125631271,0,0,0,0,0,0,0
2016-02-04,1142.5,1157.5999755859375,1141.0,1157.5999755859375,771,96.47000122070312,110.56999969482422,14.836000442504883,21.84000015258789,1915.449951171875,,,,,,,-0.7361120803543608,0,0,0,0,0,0,0
2016-02-05,1155.5999755859375,1174.800048828125,1146.0,1157.800048828125,877,97.02999877929688,112.31999969482422,14.763999938964844,23.3799991607666,1880.050048828125,,,,,,,4.062061720883197,0,0,0,0,0,0,0
2016-02-08,1173.5,1200.4000244140625,1165.0,1197.9000244140625,931,96.56999969482422,113.83000183105469,15.416000366210938,26.0,1853.43994140625,,,,,,,-2.1402138398365116,0,0,0,0,0,0,0
2016-02-09,1188.699951171875,1199.199951171875,1186.699951171875,1198.699951171875,700,96.06999969482422,113.58000183105469,15.444000244140625,26.540000915527344,1852.2099609375,,,,,,,-2.73976914028437,0,0,0,0,0,0,0
2016-02-10,1189.800048828125,1197.699951171875,1182.0999755859375,1194.699951171875,671,95.88999938964844,114.45999908447266,15.277000427246094,26.290000915527344,1851.8599853515625,,,,,,,0.28808672670599555,0,0,0,0,0,0,0
2016-02-11,1205.5999755859375,1260.800048828125,1204.5999755859375,1247.9000244140625,995,95.55999755859375,119.05999755859375,15.788999557495117,28.139999389648438,1829.0799560546875,,,,,,,-0.8374053989816248,0,0,0,0,0,0,0
2016-02-12,1247.800048828125,1247.800048828125,1233.5,1239.0999755859375,250,95.9800033569336,118.36000061035156,15.78499984741211,25.399999618530273,1864.780029296875,,,,,,,-0.5050394428711499,0,0,0,0,0,0,0
2016-02-16,1233.0999755859375,1233.5999755859375,1193.5999755859375,1207.9000244140625,422,96.87000274658203,114.7699966430664,15.329000473022461,24.110000610351562,1895.5799560546875,,,,,,,-1.861354672806466,0,0,0,0,0,0,0
2016-02-17,1196.5,1212.9000244140625,1196.5,1211.0999755859375,53,96.79000091552734,115.4800033569336,15.371999740600586,22.309999465942383,1926.8199462890625,,,,,,,-0.8972042345003279,0,0,0,0,0,0,0
2016-02-18,1209.5999755859375,1239.199951171875,1201.5999755859375,1226.0999755859375,315,96.94999694824219,118.29000091552734,15.427000045776367,21.639999389648438,1917.8299560546875,,,,,,,2.1195905198303255,0,0,0,0,0,0,0
2016-02-19,1230.800048828125,1232.800048828125,1221.800048828125,1230.4000244140625,76,96.5999984741211,117.58000183105469,15.368000030517578,20.530000686645508,1917.780029296875,,,,,,,-0.32222827323905356,0,0,0,0,0,0,0
2016-02-22,1226.0999755859375,1226.0999755859375,1203.0,1209.5,280,97.37999725341797,115.48999786376953,15.178999900817871,19.3799991607666,1945.5,,,,,,,-0.5123538473218266,0,0,0,0,0,0,0
2016-02-23,1207.4000244140625,1226.0999755859375,1207.4000244140625,1222.300048828125,351,97.4800033569336,117.22000122070312,15.234999656677246,20.979999542236328,1921.27001953125,,,,,,,0.6103790772683028,0,0,0,0,0,0,0
2016-02-24,1230.0,1250.0999755859375,1230.0,1238.699951171875,111,97.45999908447266,117.61000061035156,15.291999816894531,20.719999313354492,1929.800048828125,,,,,,,-1.870620208745304,0,0,0,0,0,0,0
2016-02-25,1239.4000244140625,1241.5,1235.0,1238.199951171875,1349,97.29000091552734,117.91999816894531,15.164999961853027,19.110000610351562,1951.699951171875,,,,,,,-1.0813782062108126,0,0,0,0,0,0,0
2016-02-26,1232.4000244140625,1239.0999755859375,1212.199951171875,1219.800048828125,656,98.1500015258789,117.11000061035156,14.689000129699707,19.809999465942383,1948.050048828125,,,,,,,0.9118518760812871,0,0,0,0,0,0,0
2016-02-29,1218.5999755859375,1241.0,1218.5999755859375,1233.9000244140625,580,98.20999908447266,118.63999938964844,14.895999908447266,20.549999237060547,1932.22998046875,,,,,,,1.246933081776597,0,0,0,0,0,0,0
2016-03-01,1240.5,1248.4000244140625,1229.0,1230.300048828125,477,98.3499984741211,117.7699966430664,14.732999801635742,17.700000762939453,1978.3499755859375,,,,,,,0.16701339597363135,0,0,0,0,0,0,0
2016-03-02,1232.800048828125,1242.5999755859375,1226.0,1241.0999755859375,267,98.20999908447266,118.68000030517578,15.003000259399414,17.09000015258789,1986.449951171875,,,,,,,-0.08776362775453586,0,0,0,0,0,0,0
2016-03-03,1238.4000244140625,1267.9000244140625,1238.0,1257.4000244140625,123,97.56999969482422,120.7300033569336,15.130999565124512,16.700000762939453,1993.4000244140625,,,,,,,0.9212012607524287,0,0,0,0,0,0,0
2016-03-04,1263.0,1279.9000244140625,1250.9000244140625,1269.9000244140625,268,97.33999633789062,120.54000091552734,15.680999755859375,16.860000610351562,1999.989990234375,,,,,,,-1.8187035872791175,0,0,0,0,0,0,0
2016-03-07,1259.800048828125,1272.300048828125,1259.699951171875,1263.199951171875,67,97.06999969482422,121.13999938964844,15.623000144958496,17.350000381469727,2001.760009765625,,,,,,,0.6266081034746022,0,0,0,0,0,0,0
2016-03-08,1268.699951171875,1276.300048828125,1261.0,1262.0999755859375,43,97.20999908447266,120.58000183105469,15.383999824523926,18.670000076293945,1979.260009765625,,,,,,,-0.25925933744258456,0,0,0,0,0,0,0
2016-03-09,1254.5,1260.0,1244.800048828125,1256.5999755859375,79,97.16999816894531,119.58000183105469,15.354999542236328,18.34000015258789,1989.260009765625,,,,,,,-1.1873535201619922,0,0,0,0,0,0,0
2016-03-10,1250.0,1273.0,1237.5,1272.0,119,96.06999969482422,121.5,15.545999526977539,18.049999237060547,1989.5699462890625,,,,,,,-0.297619254076829,0,0,0,0,0,0,0
2016-03-11,1270.0,1280.699951171875,1249.4000244140625,1258.699951171875,87,96.16999816894531,119.41000366210938,15.607000350952148,16.5,2022.18994140625,,,,,,,-1.860707137671246,0,0,0,0,0,0,0
2016-03-14,1256.0,1258.0,1234.5,1244.4000244140625,58,96.62000274658203,117.87000274658203,15.517999649047852,16.920000076293945,2019.6400146484375,,,,,,,-2.1061591508956234,0,0,0,0,0,0,0
2016-03-15,1228.300048828125,1236.0,1228.0,1230.4000244140625,37,96.62999725341797,117.95999908447266,15.255000114440918,16.84000015258789,2015.9300537109375,,,,,,,0.5848901979750719,0,0,0,0,0,0,0
2016-03-16,1229.5,1263.800048828125,1228.9000244140625,1229.300048828125,45,95.88999938964844,120.58999633789062,15.21399974822998,14.989999771118164,2027.219970703125,,,,,,,4.602280727725328,0,0,0,0,0,0,0
2016-03-17,1261.5,1270.0999755859375,1255.9000244140625,1264.5,27,94.76000213623047,120.12999725341797,16.02199935913086,14.4399995803833,2040.5899658203125,,,,,,,-1.21512542596013,0,0,0,0,0,0,0
2016-03-18,1257.0999755859375,1264.4000244140625,1251.5,1253.800048828125,542,94.98999786376953,119.80000305175781,15.805999755859375,14.020000457763672,2049.580078125,,,,,,,-0.20001327456220247,0,0,0,0,0,0,0
2016-03-21,1256.199951171875,1256.199951171875,1243.4000244140625,1243.800048828125,1061,95.29000091552734,118.95999908447266,15.840999603271484,13.789999961853027,2051.60009765625,,,,,,,-0.026114651069794662,0,0,0,0,0,0,0
2016-03-22,1244.0,1252.4000244140625,1243.800048828125,1248.199951171875,20,95.6500015258789,119.30999755859375,15.876999855041504,14.170000076293945,2049.800048828125,,,,,,,-0.12885108484779953,0,0,0,0,0,0,0
2016-03-23,1247.699951171875,1247.699951171875,1218.5999755859375,1223.699951171875,28,96.05000305175781,116.61000061035156,15.262999534606934,14.9399995803833,2036.7099609375,,,,,,,-0.674969019934919,0,0,0,0,0,0,0
2016-03-24,1214.199951171875,1221.4000244140625,1214.199951171875,1221.4000244140625,13,96.13999938964844,116.33000183105469,15.190999984741211,14.739999771118164,2035.93994140625,,,,,,,-0.7586063758029247,0,0,0,0,0,0,0
2016-03-28,1211.5,1222.199951171875,1210.0,1219.9000244140625,33,95.94000244140625,116.5999984741211,15.194000244140625,15.239999771118164,2037.050048828125,,,,,,,-0.12502521649428924,0,0,0,0,0,0,0
2016-03-29,1217.800048828125,1235.5999755859375,1217.699951171875,1235.5999755859375,189732,95.16000366210938,118.76000213623047,15.237000465393066,13.819999694824219,2055.010009765625,,,,,,,0.851293392468438,0,0,0,0,0,0,0
2016-03-30,1241.4000244140625,1245.0,1223.4000244140625,1226.9000244140625,48248,94.83999633789062,117.0999984741211,15.206000328063965,13.5600004196167,2063.949951171875,,,,,,,-0.3898746291458657,0,0,0,0,0,0,0
2016-03-31,1225.5999755859375,1239.5999755859375,1224.5,1234.199951171875,3377,94.58999633789062,117.63999938964844,15.460000038146973,13.949999809265137,2059.739990234375,,,,,,,-0.6484416521884603,0,0,0,0,0,0,0
2016-04-01,1232.300048828125,1235.199951171875,1209.199951171875,1222.199951171875,1602,94.62000274658203,116.93000030517578,15.041999816894531,13.100000381469727,2072.780029296875,,,,,,,0.01863665905554336,0,0,0,0,0,0,0
2016-04-04,1221.699951171875,1222.300048828125,1215.0,1218.0,2038,94.51000213623047,116.1500015258789,14.942000389099121,14.119999885559082,2066.1298828125,,,,,,,-0.5537670246183842,0,0,0,0,0,0,0
2016-04-05,1215.4000244140625,1236.699951171875,1215.4000244140625,1228.4000244140625,477,94.62999725341797,117.66000366210938,15.11400032043457,15.420000076293945,2045.1700439453125,,,,,,,0.2347283139957721,0,0,0,0,0,0,0
2016-04-06,1230.4000244140625,1230.4000244140625,1217.5999755859375,1222.5,248,94.43000030517578,116.94000244140625,15.052000045776367,14.09000015258789,2066.659912109375,,,,,,,-0.0020420018780008533,0,0,0,0,0,0,0
2016-04-07,1224.800048828125,1242.9000244140625,1224.5999755859375,1236.199951171875,375,94.4800033569336,118.61000061035156,15.156000137329102,16.15999984741211,2041.9100341796875,,,,,,,0.5397643060609351,0,0,0,0,0,0,0
2016-04-08,1241.0,1242.800048828125,1232.0,1242.5,409,94.23999786376953,118.43000030517578,15.381999969482422,15.359999656677246,2047.5999755859375,,,,,,,-0.6253504696871014,0,0,0,0,0,0,0
2016-04-11,1241.5,1258.699951171875,1241.5,1256.699951171875,437,93.94999694824219,120.02999877929688,15.973999977111816,16.260000228881836,2041.989990234375,,,,,,,-0.23918424490932058,0,0,0,0,0,0,0
2016-04-12,1260.0,1261.699951171875,1253.699951171875,1259.4000244140625,185,93.95999908447266,120.05000305175781,16.219999313354492,14.850000381469727,2061.719970703125,,,,,,,-0.5882254220119323,0,0,0,0,0,0,0
2016-04-13,1256.5,1256.9000244140625,1241.300048828125,1246.800048828125,203,94.73999786376953,118.7699966430664,16.322999954223633,13.84000015258789,2082.419921875,,,,,,,-0.6854015527461172,0,0,0,0,0,0,0
2016-04-14,1231.4000244140625,1243.699951171875,1224.5,1225.0,264,94.9000015258789,117.11000061035156,16.16900062561035,13.720000267028809,2082.780029296875,,,,,,,-0.024780360398771285,0,0,0,0,0,0,0
2016-04-15,1225.699951171875,1235.0,1225.699951171875,1233.0999755859375,97,94.69999694824219,117.91999816894531,16.30900001525879,13.619999885559082,2080.72998046875,,,,,,,0.0395983187577581,0,0,0,0,0,0,0
2016-04-18,1238.699951171875,1241.0999755859375,1232.199951171875,1233.5999755859375,304,94.48999786376953,117.73999786376953,16.249000549316406,13.350000381469727,2094.340087890625,,,,,,,-0.3167310691803213,0,0,0,0,0,0,0
2016-04-19,1231.5999755859375,1256.199951171875,1228.800048828125,1253.0,386,93.9800033569336,119.58000183105469,16.968000411987305,13.239999771118164,2100.800048828125,,,,,,,-0.3355691942566335,0,0,0,0,0,0,0
2016-04-20,1256.0999755859375,1256.0999755859375,1243.0,1253.199951171875,180,94.48999786376953,118.97000122070312,17.131000518798828,13.279999732971191,2102.39990234375,,,,,,,-1.2796527014670647,0,0,0,0,0,0,0
2016-04-21,1247.699951171875,1270.5999755859375,1247.5999755859375,1249.0,124,94.5999984741211,119.41999816894531,17.086000442504883,13.949999809265137,2091.47998046875,,,,,,,0.022984264933846067,0,0,0,0,0,0,0
2016-04-22,1248.5,1248.5,1228.0,1228.699951171875,188,95.12000274658203,117.88999938964844,16.895999908447266,13.220000267028809,2091.580078125,,,,,,,0.6516415351584199,0,0,0,0,0,0,0
2016-04-25,1231.5999755859375,1240.9000244140625,1231.5999755859375,1238.9000244140625,442,94.83999633789062,118.2300033569336,17.0049991607666,14.079999923706055,2087.7900390625,,,,,,,-0.31555049335074686,0,0,0,0,0,0,0
2016-04-26,1239.800048828125,1244.199951171875,1233.0,1242.199951171875,97,94.56999969482422,118.69999694824219,17.106000900268555,13.960000038146973,2091.699951171875,,,,,,,-0.07483719510443657,0,0,0,0,0,0,0
2016-04-27,1248.5999755859375,1249.5,1248.5999755859375,1249.199951171875,547,94.38999938964844,119.04000091552734,17.285999298095703,13.770000457763672,2095.14990234375,,,,,,,-0.5523148886181831,0,0,0,0,0,0,0
2016-04-28,1245.9000244140625,1270.0999755859375,1238.5,1265.5,887,93.76000213623047,121.29000091552734,17.55299949645996,15.220000267028809,2075.81005859375,,,,,,,0.5083361097965357,0,0,0,0,0,0,0
2016-04-29,1267.300048828125,1295.5,1267.199951171875,1289.199951171875,464,93.08000183105469,123.6500015258789,17.788999557495117,15.699999809265137,2065.300048828125,,,,,,,0.6371046205861792,0,0,0,0,0,0,0
2016-05-02,1292.0999755859375,1304.4000244140625,1290.4000244140625,1294.699951171875,192,92.62999725341797,123.23999786376953,17.6560001373291,14.680000305175781,2081.429931640625,,,,,,,-0.7466804171199055,0,0,0,0,0,0,0
2016-05-03,1292.699951171875,1301.5,1284.5,1290.699951171875,151,92.94000244140625,122.95999908447266,17.474000930786133,15.600000381469727,2063.3701171875,,,,,,,-0.5768663058097953,0,0,0,0,0,0,0
2016-05-04,1286.9000244140625,1290.0,1273.0,1273.300048828125,109,93.18000030517578,122.20999908447266,17.277000427246094,16.049999237060547,2051.1201171875,,,,,,,0.790742842280174,0,0,0,0,0,0,0
2016-05-05,1282.9000244140625,1286.0,1270.800048828125,1271.4000244140625,330,93.77999877929688,122.06999969482422,17.302000045776367,15.90999984741211,2050.6298828125,,,,,,,0.8350199337668718,0,0,0,0,0,0,0
2016-05-06,1278.5999755859375,1295.5999755859375,1276.9000244140625,1292.9000244140625,305,93.88999938964844,123.18000030517578,17.506999969482422,14.720000267028809,2057.139892578125,,,,,,,-0.560165784336575,0,0,0,0,0,0,0
2016-05-09,1286.5,1286.5,1262.300048828125,1265.5999755859375,341,94.1500015258789,120.6500015258789,17.06999969482422,14.569999694824219,2058.68994140625,,,,,,,-0.4591315605477942,0,0,0,0,0,0,0
2016-05-10,1265.0999755859375,1267.4000244140625,1258.699951171875,1263.9000244140625,23,94.29000091552734,120.9800033569336,17.075000762939453,13.630000114440918,2084.389892578125,,,,,,,0.3168339965912781,0,0,0,0,0,0,0
2016-05-11,1266.9000244140625,1279.199951171875,1266.9000244140625,1274.5999755859375,50,93.81999969482422,122.12000274658203,17.302000045776367,14.6899995803833,2064.4599609375,,,,,,,0.5076586777473875,0,0,0,0,0,0,0
2016-05-12,1267.0,1281.199951171875,1264.0,1270.300048828125,101,94.13999938964844,121.16000366210938,17.086999893188477,14.40999984741211,2064.110107421875,,,,,,,-0.39804873919346706,0,0,0,0,0,0,0
2016-05-13,1271.4000244140625,1275.699951171875,1264.5999755859375,1271.9000244140625,66,94.61000061035156,121.70999908447266,17.114999771118164,15.039999961853027,2046.6099853515625,,,,,,,0.25266116631276286,0,0,0,0,0,0,0
2016-05-16,1272.800048828125,1287.800048828125,1272.800048828125,1273.4000244140625,44,94.56999969482422,121.80000305175781,17.142000198364258,14.680000305175781,2066.659912109375,,,,,,,0.1448491533077377,0,0,0,0,0,0,0
2016-05-17,1272.5,1281.5999755859375,1270.800048828125,1276.199951171875,16,94.55000305175781,122.22000122070312,17.235000610351562,15.569999694824219,2047.2099609375,,,,,,,0.38432173689104243,0,0,0,0,0,0,0
2016-05-18,1276.4000244140625,1276.4000244140625,1256.800048828125,1273.699951171875,17,95.08000183105469,120.0999984741211,17.1200008392334,15.949999809265137,2047.6300048828125,,,,,,,-2.603948480556903,0,0,0,0,0,0,0
2016-05-19,1248.0,1255.5,1247.5,1254.199951171875,69,95.29000091552734,119.87000274658203,16.479000091552734,16.329999923706055,2040.0400390625,,,,,,,0.044371125523477384,0,0,0,0,0,0,0
2016-05-20,1256.5999755859375,1256.5999755859375,1252.4000244140625,1252.4000244140625,44,95.30999755859375,119.70999908447266,16.518999099731445,15.199999809265137,2052.320068359375,,,,,,,0.06096844188032741,0,0,0,0,0,0,0
2016-05-23,1251.5999755859375,1251.5999755859375,1247.5,1251.0999755859375,56,95.2300033569336,119.37000274658203,16.40999984741211,15.819999694824219,2048.0400390625,,,,,,,-0.280117440506793,0,0,0,0,0,0,0
2016-05-24,1240.0,1240.0,1228.199951171875,1228.9000244140625,20,95.56999969482422,117.30000305175781,16.238000869750977,14.420000076293945,2076.06005859375,,,,,,,-0.21823816783081512,0,0,0,0,0,0,0
2016-05-25,1219.300048828125,1223.5,1218.5999755859375,1223.5,5,95.3499984741211,116.9800033569336,16.2549991607666,13.899999618530273,2090.5400390625,,,,,,,0.10485803086606081,0,0,0,0,0,0,0
2016-05-26,1232.5999755859375,1232.5999755859375,1220.0999755859375,1220.0999755859375,199778,95.16999816894531,116.58000183105469,16.33799934387207,13.430000305175781,2090.10009765625,,,,,,,-0.009237794325466132,0,0,0,0,0,0,0
2016-05-27,1220.300048828125,1223.199951171875,1206.4000244140625,1213.800048828125,63739,95.5199966430664,115.62000274658203,16.246000289916992,13.119999885559082,2099.06005859375,,,,,,,-0.6111524823994151,0,0,0,0,0,0,0
2016-05-31,1212.5,1217.5999755859375,1199.0,1214.800048828125,6432,95.88999938964844,116.05999755859375,15.972000122070312,14.1899995803833,2096.949951171875,,,,,,,0.0034946225214822187,0,0,0,0,0,0,0
2016-06-01,1215.699951171875,1219.800048828125,1205.4000244140625,1211.9000244140625,2717,95.45999908447266,115.94000244140625,15.906000137329102,14.199999809265137,2099.330078125,,,,,,,0.28010182385682125,0,0,0,0,0,0,0
2016-06-02,1212.4000244140625,1217.0,1209.5999755859375,1209.800048828125,1627,95.55999755859375,115.66999816894531,16.0049991607666,13.630000114440918,2105.260009765625,,,,,,,0.1727861367459427,0,0,0,0,0,0,0
2016-06-03,1209.0999755859375,1244.5,1206.4000244140625,1240.0999755859375,1622,94.02999877929688,118.87999725341797,16.34600067138672,13.470000267028809,2099.1298828125,,,,,,,0.6938206886233571,0,0,0,0,0,0,0
2016-06-06,1244.4000244140625,1247.300048828125,1240.0,1244.5999755859375,1135,93.9000015258789,118.91999816894531,16.42799949645996,13.649999618530273,2109.409912109375,,,,,,,0.01843874643464607,0,0,0,0,0,0,0
2016-06-07,1244.0,1244.9000244140625,1236.5,1244.4000244140625,281,93.83000183105469,118.81999969482422,16.37700080871582,14.050000190734863,2112.1298828125,,,,,,,-0.12246139914661436,0,0,0,0,0,0,0
2016-06-08,1247.5999755859375,1264.0,1247.300048828125,1259.800048828125,406,93.58999633789062,120.58000183105469,16.968000411987305,14.079999923706055,2119.1201171875,,,,,,,0.36495528224873963,0,0,0,0,0,0,0
2016-06-09,1262.5,1271.4000244140625,1258.0999755859375,1270.199951171875,381,94.0999984741211,121.25,17.253000259399414,14.640000343322754,2115.47998046875,,,,,,,-0.19832612799809599,0,0,0,0,0,0,0
2016-06-10,1267.5999755859375,1278.0,1265.300048828125,1273.4000244140625,397,94.5999984741211,121.73999786376953,17.315000534057617,17.030000686645508,2096.070068359375,,,,,,,0.09751619092534489,0,0,0,0,0,0,0
2016-06-13,1276.199951171875,1287.300048828125,1273.0,1284.4000244140625,328,94.37000274658203,122.63999938964844,17.42799949645996,20.969999313354492,2079.06005859375,,,,,,,-0.20104073237144837,0,0,0,0,0,0,0
2016-06-14,1281.800048828125,1289.699951171875,1277.800048828125,1285.5999755859375,554,94.93000030517578,122.7699966430664,17.40999984741211,20.5,2075.320068359375,,,,,,,-0.16007571254627523,0,0,0,0,0,0,0
2016-06-15,1284.5999755859375,1296.199951171875,1278.800048828125,1285.800048828125,162,94.61000061035156,123.68000030517578,17.48900032043457,20.139999389648438,2071.5,,,,,,,2.2179509635100487,0,0,0,0,0,0,0
2016-06-16,1296.300048828125,1316.4000244140625,1281.0999755859375,1296.0999755859375,251,94.56999969482422,122.37999725341797,17.5939998626709,19.3700008392334,2077.989990234375,,,,,,,-3.4506824673985297,0,0,0,0,0,0,0
2016-06-17,1280.300048828125,1300.0999755859375,1280.300048828125,1292.5,129,94.20999908447266,123.94999694824219,17.399999618530273,19.40999984741211,2071.219970703125,,,,,,,1.1387870041880919,0,0,0,0,0,0,0
2016-06-20,1288.9000244140625,1291.199951171875,1280.300048828125,1290.0,153,93.61000061035156,123.20999908447266,17.503000259399414,18.3700008392334,2083.25,,,,,,,-0.0541324219093613,0,0,0,0,0,0,0
2016-06-21,1293.9000244140625,1293.9000244140625,1266.300048828125,1270.5,134,94.0199966430664,120.83999633789062,17.31100082397461,18.479999542236328,2088.89990234375,,,,,,,-1.2513870146719595,0,0,0,0,0,0,0
2016-06-22,1267.0,1269.199951171875,1264.9000244140625,1268.0,53,93.72000122070312,120.9000015258789,17.30500030517578,21.170000076293945,2085.449951171875,,,,,,,-0.5371237311786904,0,0,0,0,0,0,0
2016-06-23,1263.4000244140625,1270.5,1255.199951171875,1261.199951171875,218,93.52999877929688,120.11000061035156,17.347999572753906,17.25,2113.320068359375,,,,,,,-0.8801947114835568,0,0,0,0,0,0,0
2016-06-24,1253.699951171875,1355.5999755859375,1253.699951171875,1320.0,694,95.44999694824219,126.0,17.78499984741211,25.760000228881836,2037.4100341796875,,,,,,,-0.20122992564361905,0,0,0,0,0,0,0
2016-06-27,1330.0,1331.699951171875,1320.0,1322.5,92,96.54000091552734,126.68000030517578,17.739999771118164,23.850000381469727,2000.5400390625,,,,,,,0.8544182283699963,0,0,0,0,0,0,0
2016-06-28,1314.800048828125,1315.5999755859375,1314.0999755859375,1315.300048828125,1072,96.25,125.31999969482422,17.839000701904297,18.75,2036.0899658203125,,,,,,,-0.7285684961505281,0,0,0,0,0,0,0
2016-06-29,1311.5999755859375,1327.4000244140625,1311.5999755859375,1323.9000244140625,414,95.7699966430664,125.83999633789062,18.36199951171875,16.639999389648438,2070.77001953125,,,,,,,-1.4012957348086037,0,0,0,0,0,0,0
2016-06-30,1315.800048828125,1323.5,1314.5,1318.4000244140625,560,96.13999938964844,126.47000122070312,18.582000732421875,15.630000114440918,2098.860107421875,,,,,,,1.2603183132539737,0,0,0,0,0,0,0
2016-07-01,1324.5,1344.199951171875,1321.9000244140625,1336.699951171875,137,95.6500015258789,128.41000366210938,19.54400062561035,14.770000457763672,2102.949951171875,,,,,,,1.6134102632186098,0,0,0,0,0,0,0
2016-07-05,1342.199951171875,1356.800048828125,1339.699951171875,1356.4000244140625,90,96.16999816894531,129.47000122070312,19.865999221801758,15.579999923706055,2088.550048828125,,,,,,,-0.20074177523933517,0,0,0,0,0,0,0
2016-07-06,1359.0,1374.9000244140625,1359.0,1364.9000244140625,130,96.05999755859375,130.22999572753906,20.15999984741211,14.960000038146973,2099.72998046875,,,,,,,-0.30200614118619584,0,0,0,0,0,0,0
2016-07-07,1366.800048828125,1368.5999755859375,1350.5,1360.0999755859375,207,96.33000183105469,129.74000549316406,19.79800033569336,14.760000228881836,2097.89990234375,,,,,,,-0.35050698588117446,0,0,0,0,0,0,0
2016-07-08,1361.300048828125,1365.800048828125,1335.0,1356.5999755859375,249,96.30000305175781,130.52000427246094,20.058000564575195,13.199999809265137,2129.89990234375,,,,,,,2.0314236485274915,0,0,0,0,0,0,0
2016-07-11,1371.699951171875,1371.800048828125,1353.0,1355.0,26,96.56999969482422,129.2899932861328,20.263999938964844,13.539999961853027,2137.159912109375,,,,,,,-0.2973778036527408,0,0,0,0,0,0,0
2016-07-12,1353.5999755859375,1356.0,1330.300048828125,1334.0999755859375,252,96.44000244140625,127.1500015258789,20.1299991607666,13.550000190734863,2152.139892578125,,,,,,,-0.6172186005091044,0,0,0,0,0,0,0
2016-07-13,1341.5,1342.4000244140625,1336.699951171875,1342.4000244140625,7,96.22000122070312,128.32000732421875,20.3700008392334,13.039999961853027,2152.429931640625,,,,,,,0.19676187905203568,0,0,0,0,0,0,0
2016-07-14,1341.4000244140625,1341.4000244140625,1322.699951171875,1331.300048828125,20,96.08000183105469,127.33000183105469,20.2810001373291,12.819999694824219,2163.75,,,,,,,0.35182813682430325,0,0,0,0,0,0,0
2016-07-15,1333.699951171875,1333.699951171875,1322.9000244140625,1326.5,52,96.58000183105469,126.83999633789062,20.125,12.670000076293945,2161.739990234375,,,,,,,0.28362147016367867,0,0,0,0,0,0,0
2016-07-18,1327.5,1335.0,1326.199951171875,1328.4000244140625,54,96.55999755859375,127.04000091552734,20.04400062561035,12.4399995803833,2166.889892578125,,,,,,,0.31528238118658186,0,0,0,0,0,0,0
2016-07-19,1328.5,1333.199951171875,1326.4000244140625,1331.5,322,97.05000305175781,127.20999908447266,19.975000381469727,11.970000267028809,2163.780029296875,,,,,,,0.03069158891793412,0,0,0,0,0,0,0
2016-07-20,1331.0,1337.5,1315.5,1318.800048828125,751,97.19999694824219,125.38999938964844,19.582000732421875,11.770000457763672,2173.02001953125,,,,,,,-1.3463357126727438,0,0,0,0,0,0,0
2016-07-21,1312.800048828125,1330.5,1312.800048828125,1330.5,318,97.0,127.30000305175781,19.784000396728516,12.739999771118164,2165.169921875,,,,,,,0.4360056008799371,0,0,0,0,0,0,0
2016-07-22,1330.699951171875,1330.699951171875,1320.4000244140625,1323.0999755859375,55,97.47000122070312,126.3499984741211,19.656999588012695,12.020000457763672,2175.030029296875,,,,,,,-0.0880522743106741,0,0,0,0,0,0,0
2016-07-25,1315.699951171875,1319.300048828125,1313.800048828125,1319.300048828125,548,97.29000091552734,125.47000122070312,19.614999771118164,12.869999885559082,2168.47998046875,,,,,,,-1.2385926120123907,0,0,0,0,0,0,0
2016-07-26,1315.199951171875,1320.699951171875,1315.199951171875,1320.699951171875,63,97.16000366210938,126.0,19.655000686645508,13.050000190734863,2169.179931640625,,,,,,,-0.3363780038824445,0,0,0,0,0,0,0
2016-07-27,1326.0,1326.5999755859375,1326.0,1326.5999755859375,215388,97.05000305175781,128.02999877929688,19.96500015258789,12.829999923706055,2166.580078125,,,,,,,2.7244116488566874,0,0,0,0,0,0,0
2016-07-28,1339.5,1344.300048828125,1330.0999755859375,1332.300048828125,56908,96.73999786376953,127.66000366210938,20.15999984741211,12.720000267028809,2170.06005859375,,,,,,,0.7935448261274141,0,0,0,0,0,0,0
2016-07-29,1333.199951171875,1353.300048828125,1325.800048828125,1349.0,6076,95.52999877929688,128.97999572753906,20.312000274658203,11.869999885559082,2173.60009765625,,,,,,,0.2271300561825709,0,0,0,0,0,0,0
2016-08-01,1348.800048828125,1353.5,1345.5999755859375,1351.4000244140625,1257,95.70999908447266,129.22000122070312,20.46500015258789,12.4399995803833,2170.840087890625,,,,,,,0.2315040480725027,0,0,0,0,0,0,0
2016-08-02,1352.0999755859375,1366.0,1346.5999755859375,1364.4000244140625,2941,95.05999755859375,130.27000427246094,20.666000366210938,13.369999885559082,2157.030029296875,,,,,,,-0.18164587610014,0,0,0,0,0,0,0
2016-08-03,1362.4000244140625,1364.699951171875,1353.300048828125,1356.0999755859375,715,95.55999755859375,129.64999389648438,20.43600082397461,12.859999656677246,2163.7900390625,,,,,,,0.20154481667788557,0,0,0,0,0,0,0
2016-08-04,1354.4000244140625,1361.5999755859375,1347.0,1358.800048828125,381,95.76000213623047,129.8699951171875,20.4060001373291,12.420000076293945,2164.25,,,,,,,0.1424858105386084,0,0,0,0,0,0,0
2016-08-05,1357.5999755859375,1360.800048828125,1333.699951171875,1336.4000244140625,1107,96.19000244140625,127.55000305175781,19.780000686645508,11.390000343322754,2182.8701171875,,,,,,,-0.26065587243860283,0,0,0,0,0,0,0
2016-08-08,1330.0,1335.4000244140625,1327.800048828125,1333.4000244140625,587,96.4000015258789,127.44000244140625,19.76799964904785,11.5,2180.889892578125,,,,,,,0.11882155355039187,0,0,0,0,0,0,0
2016-08-09,1331.800048828125,1339.4000244140625,1328.5,1339.0,620,96.18000030517578,127.95999908447266,19.81399917602539,11.65999984741211,2181.739990234375,,,,,,,0.09268980142285475,0,0,0,0,0,0,0
2016-08-10,1344.800048828125,1354.199951171875,1344.300048828125,1344.300048828125,110,95.6500015258789,128.55999755859375,20.134000778198242,12.050000190734863,2175.489990234375,,,,,,,0.30905440781963195,0,0,0,0,0,0,0
2016-08-11,1341.5999755859375,1350.4000244140625,1334.800048828125,1342.5,666,95.86000061035156,127.66999816894531,19.983999252319336,11.680000305175781,2185.7900390625,,,,,,,-1.2585133878540293,0,0,0,0,0,0,0
2016-08-12,1336.800048828125,1351.800048828125,1333.199951171875,1335.800048828125,113,95.72000122070312,127.4000015258789,19.672000885009766,11.550000190734863,2184.050048828125,,,,,,,-0.43310054120676683,0,0,0,0,0,0,0
2016-08-15,1336.5,1340.5999755859375,1333.5999755859375,1340.300048828125,62,95.62999725341797,127.83999633789062,19.820999145507812,11.8100004196167,2190.14990234375,,,,,,,-0.39670880042511564,0,0,0,0,0,0,0
2016-08-16,1342.199951171875,1355.0,1341.0,1350.5,338,94.79000091552734,128.47000122070312,19.847999572753906,12.640000343322754,2178.14990234375,,,,,,,-1.1095554731159176,0,0,0,0,0,0,0
2016-08-17,1345.5,1347.300048828125,1338.5999755859375,1342.699951171875,135,94.72000122070312,128.5,19.62700080871582,12.1899995803833,2182.219970703125,,,,,,,0.5733452971205752,0,0,0,0,0,0,0
2016-08-18,1351.300048828125,1354.4000244140625,1348.199951171875,1351.199951171875,140,94.16000366210938,129.11000061035156,19.719999313354492,11.430000305175781,2187.02001953125,,,,,,,0.0794842287475983,0,0,0,0,0,0,0
2016-08-19,1350.0999755859375,1350.0999755859375,1338.5999755859375,1340.4000244140625,197,94.51000213623047,127.97000122070312,19.301000595092773,11.34000015258789,2183.8701171875,,,,,,,-0.17965491934109223,0,0,0,0,0,0,0
2016-08-22,1334.4000244140625,1337.699951171875,1333.300048828125,1337.699951171875,117,94.5199966430664,127.77999877929688,18.843000411987305,12.270000457763672,2182.639892578125,,,,,,,-0.018826483822987072,0,0,0,0,0,0,0
2016-08-23,1337.0,1341.199951171875,1334.300048828125,1340.5999755859375,551,94.54000091552734,127.76000213623047,18.90999984741211,12.380000114440918,2186.89990234375,,,,,,,-0.7373573358187131,0,0,0,0,0,0,0
2016-08-24,1337.199951171875,1337.199951171875,1322.9000244140625,1324.4000244140625,262,94.79000091552734,126.33999633789062,18.545000076293945,13.449999809265137,2175.43994140625,,,,,,,-0.4190939127949278,0,0,0,0,0,0,0
2016-08-25,1321.4000244140625,1324.0,1317.0,1320.0999755859375,58,94.7699966430664,126.2300033569336,18.47800064086914,13.630000114440918,2172.469970703125,,,,,,,0.32197057081981234,0,0,0,0,0,0,0
2016-08-26,1323.800048828125,1340.5,1320.0999755859375,1321.5,141,95.56999969482422,126.05000305175781,18.645000457763672,13.649999618530273,2169.0400390625,,,,,,,-0.4644354713270576,0,0,0,0,0,0,0
2016-08-29,1315.0,1323.0,1315.0,1322.9000244140625,437,95.58000183105469,126.30000305175781,18.761999130249023,12.9399995803833,2180.3798828125,,,,,,,-0.17140952856513314,0,0,0,0,0,0,0
2016-08-30,1322.0,1322.0999755859375,1308.0,1311.699951171875,705,96.05000305175781,125.02999877929688,18.57699966430664,13.119999885559082,2176.1201171875,,,,,,,-0.6552124173181311,0,0,0,0,0,0,0
2016-08-31,1310.300048828125,1313.699951171875,1306.300048828125,1306.9000244140625,214,96.0199966430664,124.77999877929688,18.621999740600586,13.420000076293945,2170.949951171875,,,,,,,-0.12712899412367779,0,0,0,0,0,0,0
2016-09-01,1305.300048828125,1313.0999755859375,1301.5,1312.199951171875,225,95.6500015258789,125.29000091552734,18.85700035095215,13.479999542236328,2170.860107421875,,,,,,,-0.09828311173804503,0,0,0,0,0,0,0
2016-09-02,1309.5999755859375,1326.699951171875,1309.199951171875,1322.0999755859375,55,95.87999725341797,126.56999969482422,19.275999069213867,11.979999542236328,2179.97998046875,,,,,,,0.7293559700849259,0,0,0,0,0,0,0
2016-09-06,1323.300048828125,1349.4000244140625,1323.199951171875,1349.4000244140625,46,94.81999969482422,128.7100067138672,20.048999786376953,12.020000457763672,2186.47998046875,,,,,,,-0.42480732675372174,0,0,0,0,0,0,0
2016-09-07,1348.4000244140625,1350.5,1343.9000244140625,1344.300048828125,14,94.95999908447266,128.27000427246094,19.759000778198242,11.9399995803833,2186.159912109375,,,,,,,-0.29610875697617967,0,0,0,0,0,0,0
2016-09-08,1344.800048828125,1345.4000244140625,1335.699951171875,1336.800048828125,30,95.02999877929688,127.58999633789062,19.590999603271484,12.510000228881836,2181.300048828125,,,,,,,-0.20716659145974467,0,0,0,0,0,0,0
2016-09-09,1338.5,1338.5,1328.0,1330.0999755859375,35,95.33999633789062,126.75,19.281999588012695,17.5,2127.81005859375,,,,,,,-0.6878521213666348,0,0,0,0,0,0,0
2016-09-12,1327.0,1329.300048828125,1319.9000244140625,1321.0,177,95.0999984741211,126.58999633789062,18.915000915527344,15.15999984741211,2159.0400390625,,,,,,,1.0511214321795554,0,0,0,0,0,0,0
2016-09-13,1324.5999755859375,1324.5999755859375,1315.0,1319.0,79,95.62999725341797,125.75,18.889999389648438,17.850000381469727,2127.02001953125,,,,,,,-0.5467231741846602,0,0,0,0,0,0,0
2016-09-14,1319.199951171875,1322.300048828125,1319.199951171875,1321.5,73,95.33000183105469,126.18000030517578,18.98200035095215,18.139999389648438,2125.77001953125,,,,,,,-0.03861776204875792,0,0,0,0,0,0,0
2016-09-15,1320.699951171875,1320.699951171875,1310.800048828125,1313.5,37,95.29000091552734,125.37000274658203,18.958999633789062,16.299999237060547,2147.260009765625,,,,,,,-0.2414750367147624,0,0,0,0,0,0,0
2016-09-16,1312.199951171875,1312.5999755859375,1305.800048828125,1305.800048828125,4,96.11000061035156,125.05999755859375,18.7810001373291,15.369999885559082,2139.159912109375,,,,,,,1.0287983729799564,0,0,0,0,0,0,0
2016-09-19,1313.5,1313.5,1313.5,1313.5,20,95.83999633789062,125.31999969482422,19.20599937438965,15.529999732971191,2139.1201171875,,,,,,,-0.3772934824648182,0,0,0,0,0,0,0
2016-09-20,1313.699951171875,1313.699951171875,1313.699951171875,1313.699951171875,97,96.0199966430664,125.44000244140625,19.19499969482422,15.920000076293945,2139.760009765625,,,,,,,-0.10407656794831857,0,0,0,0,0,0,0
2016-09-21,1326.300048828125,1326.9000244140625,1324.0,1326.9000244140625,76,95.66000366210938,127.2699966430664,19.68600082397461,13.300000190734863,2163.1201171875,,,,,,,1.5345254568528193,0,0,0,0,0,0,0
2016-09-22,1338.5999755859375,1340.4000244140625,1338.199951171875,1340.4000244140625,23,95.44999694824219,127.56999969482422,20.020000457763672,12.020000457763672,2177.179931640625,,,,,,,-1.3463856385350337,0,0,0,0,0,0,0
2016-09-23,1337.199951171875,1337.199951171875,1337.199951171875,1337.199951171875,40,95.4800033569336,127.6500015258789,19.732999801635742,12.289999961853027,2164.68994140625,,,,,,,-0.23184945919664043,0,0,0,0,0,0,0
2016-09-26,1335.199951171875,1341.800048828125,1335.199951171875,1339.699951171875,24,95.30999755859375,127.55000305175781,19.516000747680664,14.5,2146.10009765625,,,,,,,-1.1732820263443877,0,0,0,0,0,0,0
2016-09-27,1328.0,1328.699951171875,1325.9000244140625,1325.9000244140625,48,95.44000244140625,126.62000274658203,19.086999893188477,13.100000381469727,2159.929931640625,,,,,,,-0.06746412668644983,0,0,0,0,0,0,0
2016-09-28,1319.4000244140625,1319.4000244140625,1319.4000244140625,1319.4000244140625,10551,95.43000030517578,126.22000122070312,19.04400062561035,12.390000343322754,2171.3701171875,,,,,,,0.5596941871450571,0,0,0,0,0,0,0
2016-09-29,1321.199951171875,1325.0,1314.699951171875,1321.699951171875,6108,95.54000091552734,126.06999969482422,19.114999771118164,14.020000457763672,2151.1298828125,,,,,,,-0.5333623173523656,0,0,0,0,0,0,0
2016-09-30,1320.5999755859375,1327.699951171875,1312.9000244140625,1313.300048828125,868,95.45999908447266,125.63999938964844,19.138999938964844,13.289999961853027,2168.27001953125,,,,,,,0.6677962209434283,0,0,0,0,0,0,0
2016-10-03,1313.5,1316.800048828125,1308.199951171875,1309.0,299,95.75,125.31999969482422,18.795000076293945,13.569999694824219,2161.199951171875,,,,,,,0.9375148989721976,0,0,0,0,0,0,0
2016-10-04,1307.5999755859375,1310.199951171875,1266.300048828125,1266.300048828125,1893,96.12000274658203,120.97000122070312,17.71299934387207,13.630000114440918,2150.489990234375,,,,,,,0.060428039617866455,0,0,0,0,0,0,0
2016-10-05,1272.0999755859375,1274.0,1261.300048828125,1265.199951171875,246,96.12999725341797,120.77999877929688,17.634000778198242,12.989999771118164,2159.72998046875,,,,,,,-0.22726006053822148,0,0,0,0,0,0,0
2016-10-06,1265.300048828125,1265.300048828125,1249.800048828125,1249.800048828125,114,96.66000366210938,119.66000366210938,17.288000106811523,12.84000015258789,2160.77001953125,,,,,,,1.0526427825918376,0,0,0,0,0,0,0
2016-10-07,1253.9000244140625,1263.5999755859375,1248.9000244140625,1248.9000244140625,169,96.5199966430664,119.73999786376953,17.323999404907227,13.479999542236328,2153.739990234375,,,,,,,1.5876492374643434,0,0,0,0,0,0,0
2016-10-11,1258.9000244140625,1258.9000244140625,1253.0,1253.0,26,97.69999694824219,119.55000305175781,17.45599937438965,15.359999656677246,2136.72998046875,,,,,,,-0.4776386499863412,0,0,0,0,0,0,0
2016-10-12,1251.699951171875,1254.0,1251.0999755859375,1251.0999755859375,127,97.97000122070312,119.73999786376953,17.454999923706055,15.90999984741211,2139.179931640625,,,,,,,0.8277342976409748,0,0,0,0,0,0,0
2016-10-13,1258.699951171875,1259.0,1255.0,1255.0,315,97.5199966430664,120.02999877929688,17.40999984741211,16.690000534057617,2132.550048828125,,,,,,,0.534745695666743,0,0,0,0,0,0,0
2016-10-14,1253.9000244140625,1253.9000244140625,1250.5999755859375,1253.0999755859375,311,98.0199966430664,119.36000061035156,17.39299964904785,16.1200008392334,2132.97998046875,,,,,,,-1.150530314216127,0,0,0,0,0,0,0
2016-10-17,1249.9000244140625,1255.0,1249.9000244140625,1254.4000244140625,41,97.88999938964844,119.68000030517578,17.426000595092773,16.209999084472656,2126.5,,,,,,,-0.45047139360254734,0,0,0,0,0,0,0
2016-10-18,1260.9000244140625,1261.699951171875,1260.800048828125,1260.800048828125,11,97.9000015258789,120.41999816894531,17.590999603271484,15.279999732971191,2139.60009765625,,,,,,,0.0010004434844126642,0,0,0,0,0,0,0
2016-10-19,1262.9000244140625,1271.5,1262.9000244140625,1267.9000244140625,219,97.87000274658203,121.11000061035156,17.615999221801758,14.40999984741211,2144.2900390625,,,,,,,0.011704150340455997,0,0,0,0,0,0,0
2016-10-20,1270.0,1270.5,1265.5,1265.5999755859375,415,98.31999969482422,120.73999786376953,17.50200080871582,13.75,2141.340087890625,,,,,,,-0.5058110965528131,0,0,0,0,0,0,0
2016-10-21,1265.9000244140625,1265.9000244140625,1265.9000244140625,1265.9000244140625,224,98.69999694824219,120.83000183105469,17.447999954223633,13.34000015258789,2141.159912109375,,,,,,,-0.2829478469977336,0,0,0,0,0,0,0
2016-10-24,1269.199951171875,1269.199951171875,1261.800048828125,1262.0,42,98.66999816894531,120.55999755859375,17.562000274658203,13.020000457763672,2151.330078125,,,,,,,0.054357638349901094,0,0,0,0,0,0,0
2016-10-25,1264.0999755859375,1274.0999755859375,1264.0999755859375,1271.9000244140625,61,98.72000122070312,121.47000122070312,17.736000061035156,13.460000038146973,2143.159912109375,,,,,,,-0.0839947337038214,0,0,0,0,0,0,0
2016-10-26,1274.0,1274.0,1264.800048828125,1264.800048828125,279,98.62999725341797,120.79000091552734,17.584999084472656,14.239999771118164,2139.429931640625,,,,,,,-0.020361100140619575,0,0,0,0,0,0,0
2016-10-27,1269.4000244140625,1269.4000244140625,1267.9000244140625,1267.9000244140625,338,98.88999938964844,121.01000213623047,17.604000091552734,15.359999656677246,2133.0400390625,,,,,,,-0.34159115486164193,0,0,0,0,0,0,0
2016-10-28,1270.300048828125,1281.5,1262.0,1275.5,560,98.3499984741211,121.58000183105469,17.761999130249023,16.190000534057617,2126.409912109375,,,,,,,-1.0322795371385158,0,0,0,0,0,0,0
2016-10-31,1276.5999755859375,1276.5999755859375,1271.5,1271.5,58,98.44999694824219,121.94000244140625,17.761999130249023,17.059999465942383,2126.14990234375,,,,,,,2.291981107121182,0,0,0,0,0,0,0
2016-11-01,1279.300048828125,1290.699951171875,1279.0,1286.4000244140625,49,97.69999694824219,122.7300033569336,18.385000228881836,18.559999465942383,2111.719970703125,,,,,,,-0.519422301844842,0,0,0,0,0,0,0
2016-11-02,1288.300048828125,1307.0,1288.300048828125,1306.800048828125,30,97.4000015258789,123.63999938964844,18.65999984741211,19.31999969482422,2097.93994140625,,,,,,,-4.172975653934224,0,0,0,0,0,0,0
2016-11-03,1296.4000244140625,1303.0999755859375,1287.300048828125,1302.0999755859375,73,97.16000366210938,124.30000305175781,18.382999420166016,22.079999923706055,2088.659912109375,,,,,,,-0.0900805347234492,0,0,0,0,0,0,0
2016-11-04,1300.0,1303.300048828125,1296.699951171875,1303.300048828125,11,97.06999969482422,124.38999938964844,18.341999053955078,22.510000228881836,2085.179931640625,,,,,,,-0.18069048806623522,0,0,0,0,0,0,0
2016-11-07,1292.0,1294.5,1278.300048828125,1278.300048828125,34,97.77999877929688,122.1500015258789,18.124000549316406,18.709999084472656,2131.52001953125,,,,,,,0.3705710468809369,0,0,0,0,0,0,0
2016-11-08,1284.0999755859375,1289.4000244140625,1273.199951171875,1273.4000244140625,50,97.86000061035156,121.63999938964844,18.329999923706055,18.739999771118164,2139.56005859375,,,,,,,0.2159533592727809,0,0,0,0,0,0,0
2016-11-09,1272.199951171875,1318.5999755859375,1270.0,1272.5999755859375,108,98.5,121.55999755859375,18.35700035095215,14.380000114440918,2163.260009765625,,,,,,,0.21189102124012724,0,0,0,0,0,0,0
2016-11-10,1274.4000244140625,1287.5,1253.300048828125,1265.5,63,98.79000091552734,119.75,18.715999603271484,14.739999771118164,2167.47998046875,,,,,,,-3.6961532633976444,0,0,0,0,0,0,0
2016-11-14,1227.800048828125,1229.5,1210.4000244140625,1221.199951171875,216,100.11000061035156,116.11000061035156,16.87700080871582,14.479999542236328,2164.199951171875,,,,,,,-1.657848561947201,0,0,0,0,0,0,0
2016-11-15,1224.300048828125,1226.0,1222.5,1224.0,20,100.19000244140625,117.12000274658203,17.02899932861328,13.369999885559082,2180.389892578125,,,,,,,0.9230848350188718,0,0,0,0,0,0,0
2016-11-16,1229.300048828125,1229.300048828125,1223.0,1223.4000244140625,66,100.41000366210938,116.7699966430664,16.913999557495117,13.720000267028809,2176.93994140625,,,,,,,-0.12069128715961065,0,0,0,0,0,0,0
2016-11-17,1224.5999755859375,1225.0,1211.0,1216.5,1139,100.88999938964844,116.16999816894531,16.76099967956543,13.350000381469727,2187.1201171875,,,,,,,0.10348929430917397,0,0,0,0,0,0,0
2016-11-18,1211.9000244140625,1211.9000244140625,1207.199951171875,1208.5,607,101.20999908447266,115.1500015258789,16.613000869750977,12.850000381469727,2181.89990234375,,,,,,,-0.8014580646252616,0,0,0,0,0,0,0
2016-11-21,1209.5999755859375,1209.5999755859375,1209.5999755859375,1209.5999755859375,19,101.05000305175781,115.58000183105469,16.511999130249023,12.420000076293945,2198.179931640625,,,,,,,0.36391686942074297,0,0,0,0,0,0,0
2016-11-22,1210.4000244140625,1211.0999755859375,1207.5999755859375,1211.0,19,101.04000091552734,115.54000091552734,16.62299919128418,12.40999984741211,2202.93994140625,,,,,,,-0.25277872751367875,0,0,0,0,0,0,0
2016-11-23,1212.800048828125,1213.800048828125,1186.800048828125,1189.0999755859375,309,101.69999694824219,113.25,16.382999420166016,12.430000305175781,2204.719970703125,,,,,,,-0.9790375358433347,0,0,0,0,0,0,0
2016-11-25,1177.0,1189.300048828125,1177.0,1178.199951171875,14,101.48999786376953,112.61000061035156,16.464000701904297,12.34000015258789,2213.35009765625,,,,,,,0.47307002110820845,0,0,0,0,0,0,0
2016-11-28,1188.0,1190.5999755859375,1188.0,1190.5999755859375,189914,101.33000183105469,113.80000305175781,16.577999114990234,13.149999618530273,2201.719970703125,,,,,,,0.4941562033141132,0,0,0,0,0,0,0
2016-11-29,1193.199951171875,1194.800048828125,1179.4000244140625,1187.9000244140625,42124,100.93000030517578,113.2699966430664,16.660999298095703,12.899999618530273,2204.659912109375,,,,,,,-0.4964863931261447,0,0,0,0,0,0,0
2016-11-30,1187.0999755859375,1193.300048828125,1167.9000244140625,1170.800048828125,7158,101.5,111.75,16.4060001373291,13.329999923706055,2198.81005859375,,,,,,,-0.0855435345295955,0,0,0,0,0,0,0
2016-12-01,1172.699951171875,1174.5999755859375,1160.0,1166.9000244140625,1588,101.04000091552734,111.54000091552734,16.427000045776367,14.069999694824219,2191.080078125,,,,,,,0.49938823281341327,0,0,0,0,0,0,0
2016-12-02,1172.300048828125,1177.300048828125,1166.4000244140625,1175.0999755859375,1521,100.7699966430664,112.13999938964844,16.753000259399414,14.119999885559082,2191.949951171875,,,,,,,-0.17617725789531474,0,0,0,0,0,0,0
2016-12-05,1181.800048828125,1186.699951171875,1157.0,1174.0,358,100.13999938964844,111.54000091552734,16.823999404907227,12.140000343322754,2204.7099609375,,,,,,,-1.9132175476195896,0,0,0,0,0,0,0
2016-12-06,1170.9000244140625,1174.5,1167.0999755859375,1167.5999755859375,652,100.48999786376953,111.43000030517578,16.739999771118164,11.789999961853027,2212.22998046875,,,,,,,-0.09972672997094996,0,0,0,0,0,0,0
2016-12-07,1167.699951171875,1178.5,1166.4000244140625,1175.0,182,100.2300033569336,111.83000183105469,17.202999114990234,12.220000267028809,2241.35009765625,,,,,,,-1.1810880358844786,0,0,0,0,0,0,0
2016-12-08,1173.800048828125,1177.800048828125,1169.0999755859375,1169.800048828125,322,101.06999969482422,111.56999969482422,17.024999618530273,12.640000343322754,2246.18994140625,,,,,,,-0.33326944322352037,0,0,0,0,0,0,0
2016-12-09,1166.5999755859375,1168.800048828125,1156.0,1159.4000244140625,365,101.56999969482422,110.4000015258789,16.89699935913086,11.75,2259.530029296875,,,,,,,-0.9569111910317518,0,0,0,0,0,0,0
2016-12-12,1158.300048828125,1163.9000244140625,1153.0,1163.5,331,100.95999908447266,110.81999969482422,17.115999221801758,12.640000343322754,2256.9599609375,,,,,,,-0.8457295635445116,0,0,0,0,0,0,0
2016-12-13,1163.5,1164.0,1155.4000244140625,1156.699951171875,637,101.02999877929688,110.44999694824219,16.910999298095703,12.720000267028809,2271.719970703125,,,,,,,0.17976459296554015,0,0,0,0,0,0,0
2016-12-14,1159.800048828125,1164.0,1142.0,1161.300048828125,487,102.0,108.83000183105469,17.152000427246094,13.1899995803833,2253.280029296875,,,,,,,-5.316702820352406,0,0,0,0,0,0,0
2016-12-15,1139.800048828125,1143.300048828125,1123.9000244140625,1127.800048828125,244,103.12999725341797,107.33999633789062,15.897000312805176,12.789999961853027,2262.030029296875,,,,,,,-0.7383398734303543,0,0,0,0,0,0,0
2016-12-16,1126.9000244140625,1140.9000244140625,1126.9000244140625,1135.300048828125,146,102.94999694824219,108.05000305175781,16.152999877929688,12.199999809265137,2258.070068359375,,,,,,,-0.7320907641862958,0,0,0,0,0,0,0
2016-12-19,1139.4000244140625,1140.699951171875,1137.9000244140625,1140.5,249,103.13999938964844,108.58999633789062,16.025999069213867,11.710000038146973,2262.530029296875,,,,,,,-0.5867906181118615,0,0,0,0,0,0,0
2016-12-20,1133.5,1133.5,1126.5,1131.5,46,103.29000091552734,107.79000091552734,16.054000854492188,11.449999809265137,2270.760009765625,,,,,,,-0.4222353575503584,0,0,0,0,0,0,0
2016-12-21,1136.0999755859375,1136.0999755859375,1130.0,1131.0999755859375,50,103.0199966430664,107.8499984741211,15.918000221252441,11.270000457763672,2265.179931640625,,,,,,,-0.14576206482532608,0,0,0,0,0,0,0
2016-12-22,1131.199951171875,1132.800048828125,1128.300048828125,1128.800048828125,104,103.08999633789062,107.58999633789062,15.8149995803833,11.430000305175781,2260.9599609375,,,,,,,-0.2331945865944947,0,0,0,0,0,0,0
2016-12-23,1130.9000244140625,1132.800048828125,1130.300048828125,1131.9000244140625,70,103.01000213623047,107.93000030517578,15.704000473022461,11.4399995803833,2263.7900390625,,,,,,,-0.11761685881673291,0,0,0,0,0,0,0
2016-12-27,1134.300048828125,1142.199951171875,1134.300048828125,1137.300048828125,84,103.0199966430664,108.55999755859375,15.928999900817871,11.989999771118164,2268.8798828125,,,,,,,0.2056457546296527,0,0,0,0,0,0,0
2016-12-28,1141.199951171875,1141.199951171875,1138.0,1139.4000244140625,1570,103.26000213623047,108.86000061035156,15.98799991607666,12.949999809265137,2249.919921875,,,,,,,0.4680266041606026,0,0,0,0,0,0,0
2016-12-29,1143.800048828125,1158.800048828125,1143.5999755859375,1156.4000244140625,950,102.68000030517578,110.29000091552734,16.163000106811523,13.369999885559082,2249.260009765625,,,,,,,-0.062207241050232315,0,0,0,0,0,0,0
2016-12-30,1162.0,1162.0,1150.0,1150.0,16,102.38999938964844,109.61000061035156,15.935999870300293,14.039999961853027,2238.830078125,,,,,,,-0.2392455509795418,0,0,0,0,0,0,0
2017-01-03,1155.199951171875,1160.800048828125,1146.5,1160.4000244140625,52,103.20999908447266,110.47000122070312,16.356000900268555,12.850000381469727,2257.830078125,,,,,,,-0.5918255735647391,0,0,0,0,0,0,0
2017-01-04,1156.300048828125,1165.0,1156.300048828125,1163.800048828125,36,102.69999694824219,110.86000061035156,16.499000549316406,11.850000381469727,2270.75,,,,,,,-0.3903864367379217,0,0,0,0,0,0,0
2017-01-05,1172.0,1183.300048828125,1171.5,1179.699951171875,500,101.5199966430664,112.58000183105469,16.583999633789062,11.670000076293945,2269.0,,,,,,,0.1887309466606439,0,0,0,0,0,0,0
2017-01-06,1176.5,1176.5,1171.9000244140625,1171.9000244140625,16,102.22000122070312,111.75,16.465999603271484,11.319999694824219,2276.97998046875,,,,,,,-0.0406311939527745,0,0,0,0,0,0,0
2017-01-09,1173.9000244140625,1183.5999755859375,1173.0,1183.5,62,101.93000030517578,112.66999816894531,16.6299991607666,11.5600004196167,2268.89990234375,,,,,,,-0.5398622991559708,0,0,0,0,0,0,0
2017-01-10,1184.300048828125,1188.9000244140625,1182.300048828125,1184.199951171875,8,102.01000213623047,113.1500015258789,16.80299949645996,11.489999771118164,2268.89990234375,,,,,,,0.6141634650362437,0,0,0,0,0,0,0
2017-01-11,1187.5,1197.0,1176.5,1195.5999755859375,20,101.77999877929688,113.5,16.783000946044922,11.260000228881836,2275.320068359375,,,,,,,-1.3828731876328142,0,0,0,0,0,0,0
2017-01-12,1192.699951171875,1204.300048828125,1192.300048828125,1198.9000244140625,110,101.3499984741211,113.91000366210938,16.780000686645508,11.539999961853027,2270.43994140625,,,,,,,-1.083951515161394,0,0,0,0,0,0,0
2017-01-13,1195.699951171875,1196.0,1187.699951171875,1195.300048828125,65,101.18000030517578,114.20999908447266,16.719999313354492,11.229999542236328,2274.639892578125,,,,,,,0.6956069169360428,0,0,0,0,0,0,0
2017-01-17,1205.5,1214.5999755859375,1200.800048828125,1212.0,79,100.33000183105469,115.8499984741211,17.101999282836914,11.869999885559082,2267.889892578125,,,,,,,0.8219707609016468,0,0,0,0,0,0,0
2017-01-18,1213.5999755859375,1214.699951171875,1203.0999755859375,1211.300048828125,114,100.93000030517578,114.87000274658203,17.235000610351562,12.479999542236328,2271.889892578125,,,,,,,-1.6253982903283881,0,0,0,0,0,0,0
2017-01-19,1200.5,1204.0,1195.800048828125,1200.9000244140625,26,101.1500015258789,114.7699966430664,16.966999053955078,12.779999732971191,2263.68994140625,,,,,,,0.763101986819328,0,0,0,0,0,0,0
2017-01-20,1202.800048828125,1212.0999755859375,1202.800048828125,1204.300048828125,38,100.73999786376953,115.05000305175781,16.996999740600586,11.539999961853027,2271.31005859375,,,,,,,0.6407059492642364,0,0,0,0,0,0,0
2017-01-23,1212.0,1215.0,1210.0,1215.0,16,100.16000366210938,115.79000091552734,17.149999618530273,11.770000457763672,2265.199951171875,,,,,,,-0.0999158351387125,0,0,0,0,0,0,0
2017-01-24,1219.0,1219.0,1207.699951171875,1210.300048828125,24,100.3499984741211,115.2699966430664,17.14900016784668,11.069999694824219,2280.070068359375,,,,,,,-0.2849059749296113,0,0,0,0,0,0,0
2017-01-25,1202.0,1202.800048828125,1194.9000244140625,1197.300048828125,403,100.02999877929688,114.31999969482422,16.944000244140625,10.8100004196167,2298.3701171875,,,,,,,0.49394030706715714,0,0,0,0,0,0,0
2017-01-26,1199.699951171875,1199.699951171875,1185.5999755859375,1189.5,19,100.37999725341797,113.26000213623047,16.81399917602539,10.630000114440918,2296.679931640625,,,,,,,-0.35001441358334606,0,0,0,0,0,0,0
2017-01-27,1187.9000244140625,1188.300048828125,1187.9000244140625,1188.0999755859375,234352,100.52999877929688,113.48999786376953,17.100000381469727,10.579999923706055,2294.68994140625,,,,,,,0.6425097833904151,0,0,0,0,0,0,0
2017-01-30,1191.699951171875,1198.5,1187.0999755859375,1193.199951171875,50503,100.43000030517578,113.97000122070312,17.121999740600586,11.880000114440918,2280.89990234375,,,,,,,0.6219570748901607,0,0,0,0,0,0,0
2017-01-31,1194.9000244140625,1214.699951171875,1193.5,1208.5999755859375,3212,99.51000213623047,115.55000305175781,17.511999130249023,11.989999771118164,2278.8701171875,,,,,,,0.9014044483128151,0,0,0,0,0,0,0
2017-02-01,1211.9000244140625,1211.9000244140625,1197.9000244140625,1205.5999755859375,1145,99.63999938964844,115.19999694824219,17.420000076293945,11.8100004196167,2279.550048828125,,,,,,,0.7171089334936817,0,0,0,0,0,0,0
2017-02-02,1209.699951171875,1224.199951171875,1208.9000244140625,1216.699951171875,1512,99.8499984741211,115.83999633789062,17.402000427246094,11.930000305175781,2280.85009765625,,,,,,,-0.3690642577631704,0,0,0,0,0,0,0
2017-02-03,1214.9000244140625,1220.5999755859375,1206.199951171875,1218.5,865,99.87000274658203,116.12999725341797,17.452999114990234,10.970000267028809,2297.419921875,,,,,,,-0.04214895429656331,0,0,0,0,0,0,0
2017-02-06,1221.9000244140625,1235.4000244140625,1218.5,1230.0,908,99.91000366210938,117.69999694824219,17.66699981689453,11.369999885559082,2292.56005859375,,,,,,,1.2166764729587194,0,0,0,0,0,0,0
2017-02-07,1234.199951171875,1236.199951171875,1228.5,1234.199951171875,1177,100.26000213623047,117.45999908447266,17.732999801635742,11.289999961853027,2293.080078125,,,,,,,-0.5470649204355205,0,0,0,0,0,0,0
2017-02-08,1232.0999755859375,1243.9000244140625,1231.0,1237.5999755859375,288,100.27999877929688,118.19000244140625,17.683000564575195,11.449999809265137,2294.669921875,,,,,,,0.571860856634374,0,0,0,0,0,0,0
2017-02-09,1239.4000244140625,1243.5,1226.9000244140625,1235.0999755859375,885,100.6500015258789,117.29000091552734,17.719999313354492,10.880000114440918,2307.8701171875,,,,,,,-1.2149074919189664,0,0,0,0,0,0,0
2017-02-10,1227.5999755859375,1234.4000244140625,1221.5,1234.4000244140625,391,100.80000305175781,117.5999984741211,17.91200065612793,10.850000381469727,2316.10009765625,,,,,,,-0.16821503618770164,0,0,0,0,0,0,0
2017-02-13,1230.5,1231.0999755859375,1219.0,1224.4000244140625,398,100.95999908447266,116.80000305175781,17.804000854492188,11.069999694824219,2328.25,,,,,,,0.2637038251202077,0,0,0,0,0,0,0
2017-02-14,1225.9000244140625,1233.5,1222.0999755859375,1223.9000244140625,159,101.25,116.93000030517578,17.871999740600586,10.739999771118164,2337.580078125,,,,,,,0.7410003446924717,0,0,0,0,0,0,0
2017-02-15,1225.5,1231.699951171875,1217.300048828125,1231.699951171875,175,101.18000030517578,117.44999694824219,17.94700050354004,11.970000267028809,2349.25,,,,,,,0.07438774887660733,0,0,0,0,0,0,0
2017-02-16,1234.5,1240.699951171875,1233.199951171875,1240.0,87,100.44000244140625,118.08000183105469,18.062999725341797,11.760000228881836,2347.219970703125,,,,,,,-0.3708133741118987,0,0,0,0,0,0,0
2017-02-17,1240.699951171875,1241.199951171875,1234.800048828125,1237.5999755859375,301,100.94999694824219,117.68000030517578,18.018999099731445,11.489999771118164,2351.159912109375,,,,,,,-0.8492138591359466,0,0,0,0,0,0,0
2017-02-21,1237.300048828125,1237.5,1228.0999755859375,1237.5,119,101.37000274658203,117.75,17.989999771118164,11.569999694824219,2365.3798828125,,,,,,,-0.5974768015328954,0,0,0,0,0,0,0
2017-02-22,1236.0999755859375,1238.5999755859375,1231.800048828125,1232.0,36,101.33000183105469,117.91000366210938,17.941999435424805,11.739999771118164,2362.820068359375,,,,,,,1.3622795271199937,0,0,0,0,0,0,0
2017-02-23,1236.0999755859375,1250.300048828125,1236.0999755859375,1250.199951171875,112,101.05000305175781,118.94000244140625,18.113000869750977,11.710000038146973,2363.81005859375,,,,,,,-0.6425739784608512,0,0,0,0,0,0,0
2017-02-24,1250.0,1258.800048828125,1250.0,1256.9000244140625,1264,101.08999633789062,119.69999694824219,18.334999084472656,11.470000267028809,2367.340087890625,,,,,,,-0.2848751600975813,0,0,0,0,0,0,0
2017-02-27,1254.699951171875,1263.0999755859375,1250.4000244140625,1257.4000244140625,544,101.12999725341797,119.12000274658203,18.354000091552734,12.09000015258789,2369.75,,,,,,,-1.9723561689078886,0,0,0,0,0,0,0
2017-02-28,1253.5999755859375,1257.300048828125,1247.199951171875,1252.5999755859375,721,101.12000274658203,119.2300033569336,18.420000076293945,12.920000076293945,2363.639892578125,,,,,,,-0.39578523467974425,0,0,0,0,0,0,0
2017-03-01,1247.800048828125,1248.9000244140625,1236.9000244140625,1248.9000244140625,138,101.77999877929688,119.05999755859375,18.44300079345703,12.539999961853027,2395.9599609375,,,,,,,0.12593014056565485,0,0,0,0,0,0,0
2017-03-02,1247.199951171875,1247.5999755859375,1230.699951171875,1231.9000244140625,79,102.19999694824219,117.58000183105469,17.704999923706055,11.8100004196167,2381.919921875,,,,,,,0.5196624447525666,0,0,0,0,0,0,0
2017-03-03,1231.699951171875,1235.199951171875,1222.9000244140625,1225.5,121,101.54000091552734,117.51000213623047,17.69700050354004,10.960000038146973,2383.1201171875,,,,,,,1.9762730971030669,0,0,0,0,0,0,0
2017-03-06,1235.199951171875,1235.199951171875,1224.5,1224.5,29,101.63999938964844,116.72000122070312,17.725000381469727,11.239999771118164,2375.31005859375,,,,,,,0.06958081028014446,0,0,0,0,0,0,0
2017-03-07,1224.300048828125,1225.4000244140625,1213.699951171875,1215.0999755859375,53,101.80999755859375,115.77999877929688,17.492000579833984,11.449999809265137,2368.389892578125,,,,,,,-0.04622494808117245,0,0,0,0,0,0,0
2017-03-08,1212.199951171875,1212.199951171875,1206.699951171875,1208.5,24,102.06999969482422,115.05999755859375,17.256999969482422,11.859999656677246,2362.97998046875,,,,,,,-0.3173546895772456,0,0,0,0,0,0,0
2017-03-09,1204.5,1205.5999755859375,1202.300048828125,1202.4000244140625,37,101.8499984741211,114.47000122070312,16.993000030517578,12.300000190734863,2364.8701171875,,,,,,,-0.33128210143721787,0,0,0,0,0,0,0
2017-03-10,1196.199951171875,1203.300048828125,1196.199951171875,1200.699951171875,3,101.25,114.72000122070312,16.882999420166016,11.65999984741211,2372.60009765625,,,,,,,0.8279530000473381,0,0,0,0,0,0,0
2017-03-13,1206.199951171875,1210.0,1202.300048828125,1202.4000244140625,35,101.37999725341797,114.73999786376953,16.934999465942383,11.350000381469727,2373.469970703125,,,,,,,0.41797542660407144,0,0,0,0,0,0,0
2017-03-14,1203.0999755859375,1205.9000244140625,1196.800048828125,1201.9000244140625,22,101.69999694824219,114.12000274658203,16.88800048828125,12.300000190734863,2365.449951171875,,,,,,,-1.1877669025840867,0,0,0,0,0,0,0
2017-03-15,1198.199951171875,1221.199951171875,1197.699951171875,1200.0999755859375,36,100.73999786376953,116.25,16.88800048828125,11.630000114440918,2385.260009765625,,,,,,,4.347315029504262,0,0,0,0,0,0,0
2017-03-16,1222.199951171875,1231.4000244140625,1222.199951171875,1226.5,47,100.2699966430664,116.7300033569336,17.29599952697754,11.210000038146973,2381.3798828125,,,,,,,-0.415089208805157,0,0,0,0,0,0,0
2017-03-17,1227.0999755859375,1230.9000244140625,1227.0999755859375,1229.800048828125,26,100.30000305175781,116.98999786376953,17.378999710083008,11.279999732971191,2378.25,,,,,,,-0.7364393901409918,0,0,0,0,0,0,0
2017-03-20,1229.300048828125,1234.4000244140625,1229.300048828125,1233.5999755859375,23,100.41000366210938,117.51000213623047,17.402999877929688,11.34000015258789,2373.469970703125,,,,,,,-0.29841212086270885,0,0,0,0,0,0,0
2017-03-21,1226.4000244140625,1246.0999755859375,1226.4000244140625,1246.0999755859375,11,99.80999755859375,118.54000091552734,17.549999237060547,12.470000267028809,2344.02001953125,,,,,,,-0.7403682206228278,0,0,0,0,0,0,0
2017-03-22,1247.9000244140625,1249.5,1247.699951171875,1249.300048828125,3,99.68000030517578,118.83000183105469,17.545000076293945,12.8100004196167,2348.449951171875,,,,,,,-0.772445441170428,0,0,0,0,0,0,0
2017-03-23,1246.4000244140625,1247.5,1244.800048828125,1246.9000244140625,16,99.76000213623047,118.66999816894531,17.562999725341797,13.119999885559082,2345.9599609375,,,,,,,-0.5779856099892232,0,0,0,0,0,0,0
2017-03-24,1248.0,1248.300048828125,1247.5999755859375,1248.199951171875,3,99.62999725341797,118.86000061035156,17.719999313354492,12.960000038146973,2343.97998046875,,,,,,,-0.38854419536483525,0,0,0,0,0,0,0
2017-03-27,1255.800048828125,1257.699951171875,1253.800048828125,1255.4000244140625,72,99.16999816894531,119.52999877929688,18.079999923706055,12.5,2341.590087890625,,,,,,,-0.42510819813372025,0,0,0,0,0,0,0
2017-03-28,1255.9000244140625,1255.9000244140625,1255.300048828125,1255.300048828125,19,99.70999908447266,119.04000091552734,18.225000381469727,11.529999732971191,2358.570068359375,,,,,,,-1.6670457827621616,0,0,0,0,0,0,0
2017-03-29,1252.199951171875,1253.4000244140625,1252.0999755859375,1253.4000244140625,190678,100.0,119.33000183105469,18.22800064086914,11.420000076293945,2361.1298828125,,,,,,,-0.39993582131523003,0,0,0,0,0,0,0
2017-03-30,1253.0999755859375,1253.5999755859375,1241.0999755859375,1245.0,51328,100.41000366210938,118.47000122070312,18.184999465942383,11.539999961853027,2368.06005859375,,,,,,,-0.5424043780549959,0,0,0,0,0,0,0
2017-03-31,1242.0999755859375,1248.800048828125,1238.699951171875,1247.300048828125,8223,100.3499984741211,118.72000122070312,18.235000610351562,12.369999885559082,2362.719970703125,,,,,,,-0.447971154993472,0,0,0,0,0,0,0
2017-04-03,1247.5,1252.4000244140625,1243.5999755859375,1250.800048828125,1160,100.54000091552734,119.3499984741211,18.19099998474121,12.380000114440918,2358.840087890625,,,,,,,0.33997838482811177,0,0,0,0,0,0,0
2017-04-04,1253.0999755859375,1260.300048828125,1253.0,1255.0,724,100.54000091552734,119.62000274658203,18.302000045776367,11.789999961853027,2360.159912109375,,,,,,,-0.014294300312934797,0,0,0,0,0,0,0
2017-04-05,1255.4000244140625,1255.4000244140625,1243.0,1245.4000244140625,907,100.55999755859375,119.62000274658203,18.166000366210938,12.890000343322754,2352.949951171875,,,,,,,2.296654674802535,0,0,0,0,0,0,0
2017-04-06,1256.0999755859375,1257.5,1249.0,1250.300048828125,169,100.66999816894531,119.18000030517578,18.225000381469727,12.390000343322754,2357.489990234375,,,,,,,-0.027956004152046937,0,0,0,0,0,0,0
2017-04-07,1249.5,1269.0999755859375,1249.5,1254.300048828125,445,101.18000030517578,119.45999908447266,18.1299991607666,12.869999885559082,2355.5400390625,,,,,,,-0.2803741461210065,0,0,0,0,0,0,0
2017-04-10,1252.699951171875,1255.199951171875,1246.800048828125,1251.0999755859375,182,101.0199966430664,119.45999908447266,17.893999099731445,14.050000190734863,2357.159912109375,,,,,,,0.4845177466535323,0,0,0,0,0,0,0
2017-04-11,1254.5,1273.5,1254.5,1271.199951171875,401,100.70999908447266,121.19000244140625,18.232999801635742,15.069999694824219,2353.780029296875,,,,,,,0.01941984570596048,0,0,0,0,0,0,0
2017-04-12,1275.0,1285.0999755859375,1272.0,1275.300048828125,492,100.77999877929688,122.0199966430664,18.27899932861328,15.770000457763672,2344.929931640625,,,,,,,1.090917502622696,0,0,0,0,0,0,0
2017-04-13,1285.300048828125,1287.5999755859375,1282.0,1285.9000244140625,915,100.55999755859375,122.5999984741211,18.48900032043457,15.960000038146973,2328.949951171875,,,,,,,-0.01431154106431515,0,0,0,0,0,0,0
2017-04-17,1291.800048828125,1294.800048828125,1284.300048828125,1289.4000244140625,73,100.30000305175781,122.23999786376953,18.493000030517578,14.65999984741211,2349.010009765625,,,,,,,-1.6910247462676642,0,0,0,0,0,0,0
2017-04-18,1283.9000244140625,1291.699951171875,1278.5999755859375,1291.699951171875,394,99.5,122.81999969482422,18.250999450683594,14.420000076293945,2342.18994140625,,,,,,,-0.7728083468810061,0,0,0,0,0,0,0
2017-04-19,1288.0,1288.0,1274.0,1281.4000244140625,194,99.73999786376953,121.7300033569336,18.13599967956543,14.930000305175781,2338.169921875,,,,,,,-1.0685347038300728,0,0,0,0,0,0,0
2017-04-20,1279.699951171875,1281.9000244140625,1276.199951171875,1281.9000244140625,127,99.77999877929688,121.95999908447266,17.992000579833984,14.149999618530273,2355.840087890625,,,,,,,-0.5886845076413926,0,0,0,0,0,0,0
2017-04-21,1279.800048828125,1287.4000244140625,1279.199951171875,1287.4000244140625,474,99.9800033569336,122.30999755859375,17.829999923706055,14.630000114440918,2348.68994140625,,,,,,,-0.9922806703074002,0,0,0,0,0,0,0
2017-04-24,1275.0,1276.4000244140625,1265.0,1275.800048828125,605,99.08999633789062,121.4800033569336,17.847999572753906,10.84000015258789,2374.14990234375,,,,,,,-0.30171296182027046,0,0,0,0,0,0,0
2017-04-25,1275.5999755859375,1276.9000244140625,1262.0999755859375,1265.5999755859375,356,98.81999969482422,120.25,17.58099937438965,10.760000228881836,2388.610107421875,,,,,,,-0.9410615179791636,0,0,0,0,0,0,0
2017-04-26,1266.0,1266.0,1262.0999755859375,1262.0999755859375,1156,98.95999908447266,120.83999633789062,17.35300064086914,10.850000381469727,2387.449951171875,,,,,,,1.361998706440321,0,0,0,0,0,0,0
2017-04-27,1266.699951171875,1267.199951171875,1262.199951171875,1263.699951171875,206,99.08000183105469,120.38999938964844,17.264999389648438,10.359999656677246,2388.77001953125,,,,,,,-0.14527119273706088,0,0,0,0,0,0,0
2017-04-28,1265.9000244140625,1267.199951171875,1264.699951171875,1266.0999755859375,85,99.05000305175781,120.7699966430664,17.19099998474121,10.819999694824219,2384.199951171875,,,,,,,0.23926085432357388,0,0,0,0,0,0,0
2017-05-01,1268.699951171875,1269.300048828125,1253.300048828125,1253.300048828125,34,99.13999938964844,119.66999816894531,16.780000686645508,10.109999656677246,2388.330078125,,,,,,,0.546756815353886,0,0,0,0,0,0,0
2017-05-02,1256.199951171875,1256.199951171875,1251.199951171875,1255.0999755859375,90,98.9800033569336,119.6500015258789,16.768999099731445,10.59000015258789,2391.169921875,,,,,,,0.0770402714216016,0,0,0,0,0,0,0
2017-05-03,1255.0999755859375,1255.800048828125,1238.699951171875,1246.4000244140625,195,99.20999908447266,117.9800033569336,16.48699951171875,10.680000305175781,2388.1298828125,,,,,,,-1.9730768183400884,0,0,0,0,0,0,0
2017-05-04,1239.800048828125,1239.800048828125,1224.199951171875,1226.5,72,98.76000213623047,116.79000091552734,16.243999481201172,10.460000038146973,2389.52001953125,,,,,,,-0.21934333141351467,0,0,0,0,0,0,0
2017-05-05,1227.0,1233.699951171875,1224.800048828125,1224.800048828125,16,98.6500015258789,117.01000213623047,16.21500015258789,10.569999694824219,2399.2900390625,,,,,,,0.7335231906695852,0,0,0,0,0,0,0
2017-05-08,1224.0,1234.0,1224.0,1225.300048828125,43,99.1500015258789,116.75,16.198999404907227,9.770000457763672,2399.3798828125,,,,,,,-0.02261682643869436,0,0,0,0,0,0,0
2017-05-09,1226.0999755859375,1226.199951171875,1214.0,1214.300048828125,55,99.58999633789062,116.05000305175781,16.007999420166016,9.960000038146973,2396.919921875,,,,,,,0.8500112227525288,0,0,0,0,0,0,0
2017-05-10,1219.800048828125,1220.199951171875,1217.300048828125,1217.300048828125,23,99.66999816894531,116.04000091552734,16.150999069213867,10.210000038146973,2399.6298828125,,,,,,,0.1003232163085811,0,0,0,0,0,0,0
2017-05-11,1218.5,1222.699951171875,1218.300048828125,1222.699951171875,13,99.62000274658203,116.5,16.208999633789062,10.600000381469727,2394.43994140625,,,,,,,-0.05567557005710382,0,0,0,0,0,0,0
2017-05-12,1228.0,1229.5,1226.0999755859375,1226.199951171875,29,99.25,116.83000183105469,16.34600067138672,10.399999618530273,2390.89990234375,,,,,,,-0.06507756026920784,0,0,0,0,0,0,0
2017-05-15,1227.5,1232.699951171875,1227.5,1228.5999755859375,13,98.91000366210938,117.13999938964844,16.56100082397461,10.420000076293945,2402.320068359375,,,,,,,0.14596662210128575,0,0,0,0,0,0,0
2017-05-16,1230.4000244140625,1237.300048828125,1230.4000244140625,1235.0,20,98.11000061035156,117.6500015258789,16.69300079345703,10.649999618530273,2400.669921875,,,,,,,-0.09638840526952643,0,0,0,0,0,0,0
2017-05-17,1241.0,1259.199951171875,1240.699951171875,1257.5,26,97.41999816894531,119.79000091552734,16.851999282836914,15.59000015258789,2357.030029296875,,,,,,,-0.10022418948472785,0,0,0,0,0,0,0
2017-05-18,1254.800048828125,1260.0,1245.800048828125,1251.699951171875,43,97.87999725341797,118.80999755859375,16.621000289916992,14.65999984741211,2365.719970703125,,,,,,,-1.1540060982436409,0,0,0,0,0,0,0
2017-05-19,1252.699951171875,1252.699951171875,1252.699951171875,1252.699951171875,14,97.1500015258789,119.4000015258789,16.75,12.039999961853027,2381.72998046875,,,,,,,0.07327584050529524,0,0,0,0,0,0,0
2017-05-22,1251.699951171875,1260.699951171875,1251.699951171875,1260.699951171875,14,96.9800033569336,119.9000015258789,17.14299964904785,10.930000305175781,2394.02001953125,,,,,,,-0.5782927310805618,0,0,0,0,0,0,0
2017-05-23,1261.5,1261.5999755859375,1250.5999755859375,1254.800048828125,20,97.3499984741211,119.13999938964844,17.090999603271484,10.720000267028809,2398.419921875,,,,,,,-1.0435014110559218,0,0,0,0,0,0,0
2017-05-24,1251.9000244140625,1257.800048828125,1249.699951171875,1252.4000244140625,14,97.23999786376953,119.61000061035156,17.07699966430664,10.020000457763672,2404.389892578125,,,,,,,0.6950212560329874,0,0,0,0,0,0,0
2017-05-25,1257.0999755859375,1258.300048828125,1255.800048828125,1255.800048828125,11,97.25,119.4800033569336,17.152000427246094,9.989999771118164,2415.070068359375,,,,,,,-0.43984160762547336,0,0,0,0,0,0,0
2017-05-26,1267.5999755859375,1267.5999755859375,1267.5999755859375,1267.5999755859375,271457,97.4000015258789,120.54000091552734,17.283000946044922,9.8100004196167,2415.820068359375,,,,,,,-0.626585723385397,0,0,0,0,0,0,0
2017-05-30,1267.4000244140625,1270.0,1258.4000244140625,1262.0999755859375,129819,97.27999877929688,120.13999938964844,17.38800048828125,10.380000114440918,2412.909912109375,,,,,,,-0.3136901588146205,0,0,0,0,0,0,0
2017-05-31,1262.4000244140625,1273.199951171875,1258.5,1272.0,2712,96.91999816894531,120.62000274658203,17.368000030517578,10.40999984741211,2411.800048828125,,,,,,,-1.4315459748971817,0,0,0,0,0,0,0
2017-06-01,1268.0,1269.199951171875,1260.800048828125,1267.0,825,97.19999694824219,120.72000122070312,17.243000030517578,9.890000343322754,2430.06005859375,,,,,,,0.00840480579484113,0,0,0,0,0,0,0
2017-06-02,1265.199951171875,1279.0,1259.0,1276.800048828125,1732,96.72000122070312,121.61000061035156,17.48699951171875,9.75,2439.070068359375,,,,,,,-0.07002672529305563,0,0,0,0,0,0,0
2017-06-05,1279.199951171875,1282.0,1277.0,1279.300048828125,433,96.80000305175781,121.7300033569336,17.547000885009766,10.069999694824219,2436.10009765625,,,,,,,-0.3627602536427826,0,0,0,0,0,0,0
2017-06-06,1279.4000244140625,1295.199951171875,1279.4000244140625,1294.4000244140625,942,96.63999938964844,123.0999984741211,17.677000045776367,10.449999809265137,2429.330078125,,,,,,,-0.5207180336142425,0,0,0,0,0,0,0
2017-06-07,1291.5999755859375,1293.0999755859375,1284.300048828125,1290.0999755859375,641,96.75,122.44999694824219,17.586999893188477,10.390000343322754,2433.139892578125,,,,,,,-1.1033589833215416,0,0,0,0,0,0,0
2017-06-08,1285.4000244140625,1287.5999755859375,1268.0999755859375,1276.300048828125,319,96.91999816894531,121.6500015258789,17.384000778198242,10.15999984741211,2433.7900390625,,,,,,,0.17947549724337103,0,0,0,0,0,0,0
2017-06-09,1277.9000244140625,1277.9000244140625,1264.5999755859375,1268.5,467,97.2699966430664,120.54000091552734,17.19300079345703,10.699999809265137,2431.77001953125,,,,,,,-0.7280488820945744,0,0,0,0,0,0,0
2017-06-12,1266.4000244140625,1269.300048828125,1263.199951171875,1266.0999755859375,255,97.13999938964844,120.36000061035156,16.913999557495117,11.460000038146973,2429.389892578125,,,,,,,-0.5865525861113541,0,0,0,0,0,0,0
2017-06-13,1264.0999755859375,1266.9000244140625,1259.699951171875,1265.800048828125,150,96.9800033569336,120.4800033569336,16.738000869750977,10.420000076293945,2440.35009765625,,,,,,,-0.2205656489137243,0,0,0,0,0,0,0
2017-06-14,1269.4000244140625,1278.0,1256.800048828125,1272.800048828125,336,96.94000244140625,119.81999969482422,17.10700035095215,10.640000343322754,2437.919921875,,,,,,,-4.031127424215982,0,0,0,0,0,0,0
2017-06-15,1263.199951171875,1264.199951171875,1250.300048828125,1252.199951171875,743,97.43000030517578,119.31999969482422,16.69099998474121,10.899999618530273,2432.4599609375,,,,,,,0.3065094030495322,0,0,0,0,0,0,0
2017-06-16,1252.800048828125,1255.300048828125,1251.300048828125,1254.0,34,97.16000366210938,119.33999633789062,16.63599967956543,10.380000114440918,2433.14990234375,,,,,,,-0.1523211444117372,0,0,0,0,0,0,0
2017-06-19,1252.0999755859375,1252.199951171875,1241.9000244140625,1244.199951171875,108,97.52999877929688,118.43000030517578,16.482999801635742,10.369999885559082,2453.4599609375,,,,,,,-0.07921000808156013,0,0,0,0,0,0,0
2017-06-20,1242.199951171875,1245.5,1240.5,1241.0,75,97.75,118.18000030517578,16.398000717163086,10.859999656677246,2437.030029296875,,,,,,,0.08108688893282175,0,0,0,0,0,0,0
2017-06-21,1244.0999755859375,1245.0,1240.0,1243.4000244140625,205,97.55999755859375,118.5199966430664,16.354999542236328,10.75,2435.610107421875,,,,,,,0.4078500085356192,0,0,0,0,0,0,0
2017-06-22,1251.0,1252.699951171875,1246.300048828125,1247.5999755859375,156,97.54000091552734,118.91999816894531,16.489999771118164,10.479999542236328,2434.5,,,,,,,0.39756898259501433,0,0,0,0,0,0,0
2017-06-23,1250.0,1273.5999755859375,1249.800048828125,1256.199951171875,269,97.30000305175781,119.43000030517578,16.628000259399414,10.020000457763672,2438.300048828125,,,,,,,-0.5234486351368358,0,0,0,0,0,0,0
2017-06-26,1260.199951171875,1260.199951171875,1241.5999755859375,1246.300048828125,194,97.43000030517578,118.36000061035156,16.559999465942383,9.899999618530273,2439.070068359375,,,,,,,-0.8924592112519999,0,0,0,0,0,0,0
2017-06-27,1251.5999755859375,1251.800048828125,1245.9000244140625,1246.4000244140625,111,96.47000122070312,118.80999755859375,16.576000213623047,11.0600004196167,2419.3798828125,,,,,,,0.4076917729956007,0,0,0,0,0,0,0
2017-06-28,1248.5,1248.5,1248.0,1248.0,370,96.05000305175781,118.9000015258789,16.71500015258789,10.029999732971191,2440.68994140625,,,,,,,0.2131247695967507,0,0,0,0,0,0,0
2017-06-29,1248.199951171875,1250.699951171875,1238.0999755859375,1244.199951171875,540,95.62999725341797,118.31999969482422,16.586000442504883,11.4399995803833,2419.699951171875,,,,,,,-0.4485072719208054,0,0,0,0,0,0,0
2017-06-30,1243.699951171875,1243.699951171875,1239.0999755859375,1240.699951171875,43,95.66000366210938,118.0199966430664,16.56800079345703,11.180000305175781,2423.409912109375,,,,,,,-0.34427127786435485,0,0,0,0,0,0,0
2017-07-03,1236.0,1236.0,1217.9000244140625,1217.9000244140625,33,96.19999694824219,116.08999633789062,16.03700065612793,11.220000267028809,2429.010009765625,,,,,,,0.40682530099742736,0,0,0,0,0,0,0
2017-07-05,1222.5,1225.0,1217.0999755859375,1220.4000244140625,40,96.29000091552734,116.5199966430664,15.842000007629395,11.069999694824219,2432.5400390625,,,,,,,0.9881349453570454,0,0,0,0,0,0,0
2017-07-06,1225.0999755859375,1225.0999755859375,1222.199951171875,1222.199951171875,5,95.81999969482422,116.47000122070312,15.927000045776367,12.539999961853027,2409.75,,,,,,,0.37904006111502947,0,0,0,0,0,0,0
2017-07-07,1219.0999755859375,1220.4000244140625,1208.5999755859375,1208.5999755859375,116,96.01000213623047,115.27999877929688,15.371000289916992,11.1899995803833,2425.179931640625,,,,,,,0.7351203911918542,0,0,0,0,0,0,0
2017-07-10,1211.4000244140625,1212.0999755859375,1209.5999755859375,1212.0999755859375,28,96.05000305175781,115.47000122070312,15.57699966430664,11.109999656677246,2427.429931640625,,,,,,,0.24496852153566676,0,0,0,0,0,0,0
2017-07-11,1208.699951171875,1214.9000244140625,1208.699951171875,1213.5999755859375,12,95.73999786376953,115.62000274658203,15.696999549865723,10.890000343322754,2425.530029296875,,,,,,,0.2859378666765008,0,0,0,0,0,0,0
2017-07-12,1218.300048828125,1219.4000244140625,1217.9000244140625,1218.0999755859375,7,95.79000091552734,116.02999877929688,15.83899974822998,10.300000190734863,2443.25,,,,,,,0.22781534745259696,0,0,0,0,0,0,0
2017-07-13,1221.4000244140625,1221.4000244140625,1216.300048828125,1216.300048828125,7,95.7300033569336,115.81999969482422,15.642000198364258,9.899999618530273,2447.830078125,,,,,,,0.13025299731875836,0,0,0,0,0,0,0
2017-07-14,1214.9000244140625,1227.5,1214.800048828125,1226.5999755859375,23,95.11000061035156,116.7699966430664,15.883999824523926,9.510000228881836,2459.27001953125,,,,,,,0.03200486133129533,0,0,0,0,0,0,0
2017-07-17,1229.9000244140625,1233.4000244140625,1229.9000244140625,1232.800048828125,7,95.12999725341797,117.29000091552734,16.049999237060547,9.819999694824219,2459.139892578125,,,,,,,-0.2429779668837478,0,0,0,0,0,0,0
2017-07-18,1236.199951171875,1241.199951171875,1236.199951171875,1241.0999755859375,29,94.66000366210938,118.11000061035156,16.222000122070312,9.890000343322754,2460.610107421875,,,,,,,-0.14083260645798912,0,0,0,0,0,0,0
2017-07-19,1240.4000244140625,1241.199951171875,1240.0999755859375,1241.199951171875,3,94.80000305175781,118.08000183105469,16.250999450683594,9.789999961853027,2473.830078125,,,,,,,-0.29319143297456846,0,0,0,0,0,0,0
2017-07-20,1236.5999755859375,1244.800048828125,1236.5999755859375,1244.800048828125,5,94.2699966430664,118.23999786376953,16.298999786376953,9.579999923706055,2473.449951171875,,,,,,,-0.9298129869860011,0,0,0,0,0,0,0
2017-07-21,1250.699951171875,1254.300048828125,1250.5,1254.300048828125,16,93.94000244140625,119.26000213623047,16.40999984741211,9.359999656677246,2472.5400390625,,,,,,,-0.5217227540021322,0,0,0,0,0,0,0
2017-07-24,1256.0,1256.0,1253.9000244140625,1253.9000244140625,8,93.9800033569336,119.30999755859375,16.398000717163086,9.430000305175781,2469.909912109375,,,,,,,-0.20482210703328513,0,0,0,0,0,0,0
2017-07-25,1252.699951171875,1253.5999755859375,1249.199951171875,1251.699951171875,18,94.05000305175781,118.91999816894531,16.496999740600586,9.430000305175781,2477.1298828125,,,,,,,-0.8453333666489681,0,0,0,0,0,0,0
2017-07-26,1244.800048828125,1249.0,1244.800048828125,1249.0,7,93.66999816894531,119.87999725341797,16.415000915527344,9.600000381469727,2477.830078125,,,,,,,3.303952873334583,0,0,0,0,0,0,0
2017-07-27,1259.5999755859375,1259.5999755859375,1259.5999755859375,1259.5999755859375,220309,93.86000061035156,119.79000091552734,16.52899932861328,10.109999656677246,2475.419921875,,,,,,,-0.4088138935855407,0,0,0,0,0,0,0
2017-07-28,1258.4000244140625,1270.0,1256.9000244140625,1268.4000244140625,64180,93.26000213623047,120.69000244140625,16.663999557495117,10.289999961853027,2472.10009765625,,,,,,,-0.18327304894197582,0,0,0,0,0,0,0
2017-07-31,1268.9000244140625,1270.800048828125,1265.800048828125,1266.5999755859375,7780,92.86000061035156,120.75,16.75,10.260000228881836,2470.300048828125,,,,,,,0.6094627428235908,0,0,0,0,0,0,0
2017-08-01,1268.4000244140625,1273.300048828125,1262.0,1272.5999755859375,1061,93.02999877929688,120.6500015258789,16.72800064086914,10.09000015258789,2476.35009765625,,,,,,,-1.5933363639727618,0,0,0,0,0,0,0
2017-08-02,1268.5,1272.0999755859375,1262.9000244140625,1271.800048828125,393,92.83000183105469,120.4000015258789,16.69700050354004,10.279999732971191,2477.570068359375,,,,,,,-2.1756895448101603,0,0,0,0,0,0,0
2017-08-03,1265.9000244140625,1269.800048828125,1256.5999755859375,1267.800048828125,878,92.80999755859375,120.58999633789062,16.5939998626709,10.4399995803833,2472.159912109375,,,,,,,-0.27345697028366533,0,0,0,0,0,0,0
2017-08-04,1269.0,1269.5999755859375,1253.9000244140625,1258.300048828125,521,93.54000091552734,119.6500015258789,16.222000122070312,10.029999732971191,2476.830078125,,,,,,,-0.37207347798652374,0,0,0,0,0,0,0
2017-08-07,1258.699951171875,1259.0999755859375,1255.300048828125,1258.199951171875,260,93.43000030517578,119.51000213623047,16.22100067138672,9.930000305175781,2480.909912109375,,,,,,,-0.7946196582140909,0,0,0,0,0,0,0
2017-08-08,1256.9000244140625,1264.0999755859375,1251.4000244140625,1256.4000244140625,555,93.63999938964844,119.86000061035156,16.360000610351562,10.960000038146973,2474.919921875,,,,,,,1.0086062038502952,0,0,0,0,0,0,0
2017-08-09,1260.199951171875,1277.800048828125,1260.199951171875,1273.0,574,93.5199966430664,121.30999755859375,16.833999633789062,11.109999656677246,2474.02001953125,,,,,,,0.5546988890930186,0,0,0,0,0,0,0
2017-08-10,1276.5999755859375,1287.4000244140625,1274.9000244140625,1283.699951171875,608,93.4000015258789,122.20999908447266,17.035999298095703,16.040000915527344,2438.2099609375,,,,,,,0.1543440607979027,0,0,0,0,0,0,0
2017-08-11,1286.300048828125,1291.0999755859375,1282.0,1287.699951171875,139,93.06999969482422,122.79000091552734,17.041000366210938,15.510000228881836,2441.320068359375,,,,,,,0.8212861634066334,0,0,0,0,0,0,0
2017-08-14,1288.4000244140625,1288.4000244140625,1278.800048828125,1284.199951171875,338,93.45999908447266,121.91999816894531,17.093000411987305,12.329999923706055,2465.840087890625,,,,,,,-0.964387967645557,0,0,0,0,0,0,0
2017-08-15,1280.5,1280.5,1267.4000244140625,1273.699951171875,188,93.8499984741211,120.9800033569336,16.690000534057617,12.039999961853027,2464.610107421875,,,,,,,-0.7492158999932474,0,0,0,0,0,0,0
2017-08-16,1271.300048828125,1282.5999755859375,1269.4000244140625,1276.9000244140625,110,93.48999786376953,121.87000274658203,16.91699981689453,11.739999771118164,2468.110107421875,,,,,,,1.2103952441690802,0,0,0,0,0,0,0
2017-08-17,1283.800048828125,1288.5,1283.199951171875,1286.4000244140625,43,93.62000274658203,122.48999786376953,17.030000686645508,15.550000190734863,2430.010009765625,,,,,,,0.2381662886618108,0,0,0,0,0,0,0
2017-08-18,1288.5999755859375,1300.699951171875,1284.300048828125,1285.699951171875,358,93.43000030517578,122.30000305175781,16.979999542236328,14.260000228881836,2425.550048828125,,,,,,,-0.16322777933015545,0,0,0,0,0,0,0
2017-08-21,1285.199951171875,1290.800048828125,1284.699951171875,1290.800048828125,18,93.0999984741211,122.76000213623047,16.9950008392334,13.1899995803833,2428.3701171875,,,,,,,-0.24738632296780377,0,0,0,0,0,0,0
2017-08-22,1287.199951171875,1288.4000244140625,1283.199951171875,1285.0999755859375,100,93.55000305175781,122.20999908447266,16.961999893188477,11.350000381469727,2452.510009765625,,,,,,,-0.28615782501577924,0,0,0,0,0,0,0
2017-08-23,1289.4000244140625,1289.4000244140625,1286.9000244140625,1288.9000244140625,250,93.1500015258789,122.66999816894531,17.031999588012695,12.25,2444.0400390625,,,,,,,0.07135431928302856,0,0,0,0,0,0,0
2017-08-24,1288.699951171875,1288.699951171875,1284.0,1286.5,550,93.27999877929688,122.29000091552734,16.95199966430664,12.229999542236328,2438.969970703125,,,,,,,-0.44471187547376156,0,0,0,0,0,0,0
2017-08-25,1285.4000244140625,1292.699951171875,1280.300048828125,1292.5,280,92.73999786376953,122.73999786376953,17.038000106811523,11.279999732971191,2443.050048828125,,,,,,,-0.8436866000827185,0,0,0,0,0,0,0
2017-08-28,1293.5,1311.300048828125,1293.5,1309.699951171875,145,92.20999908447266,124.69000244140625,17.430999755859375,11.319999694824219,2444.239990234375,,,,,,,0.22084815582288272,0,0,0,0,0,0,0
2017-08-29,1318.800048828125,1323.800048828125,1313.0999755859375,1313.0999755859375,1178,92.3499984741211,124.41999816894531,17.422000885009766,11.699999809265137,2446.300048828125,,,,,,,-1.7516222927081044,0,0,0,0,0,0,0
2017-08-30,1308.199951171875,1312.5,1304.9000244140625,1308.0999755859375,1178,92.87999725341797,124.36000061035156,17.40399932861328,11.220000267028809,2457.590087890625,,,,,,,-0.3552838743809296,0,0,0,0,0,0,0
2017-08-31,1306.5999755859375,1322.300048828125,1301.699951171875,1316.199951171875,373,92.66999816894531,125.81999969482422,17.479999542236328,10.59000015258789,2471.64990234375,,,,,,,1.8620612215300727,0,0,0,0,0,0,0
2017-09-01,1320.199951171875,1327.699951171875,1316.9000244140625,1324.5,313,92.80999755859375,126.05999755859375,17.7189998626709,10.130000114440918,2476.550048828125,,,,,,,0.08214916833339136,0,0,0,0,0,0,0
2017-09-05,1335.199951171875,1339.199951171875,1328.5999755859375,1339.199951171875,39,92.30999755859375,127.45999908447266,17.844999313354492,12.229999542236328,2457.85009765625,,,,,,,0.0801059867377496,0,0,0,0,0,0,0
2017-09-06,1340.0,1340.300048828125,1332.5999755859375,1333.9000244140625,20,92.29000091552734,126.80999755859375,17.81599998474121,11.630000114440918,2465.5400390625,,,,,,,-0.397789315594971,0,0,0,0,0,0,0
2017-09-07,1336.4000244140625,1349.0,1336.4000244140625,1345.0999755859375,26,91.52999877929688,128.1300048828125,18.016000747680664,11.550000190734863,2465.10009765625,,,,,,,0.4211059182305761,0,0,0,0,0,0,0
2017-09-08,1351.0,1355.800048828125,1345.5999755859375,1346.0,37,91.33000183105469,127.97000122070312,18.027000427246094,12.119999885559082,2461.429931640625,,,,,,,-0.36765769191131586,0,0,0,0,0,0,0
2017-09-11,1331.0,1331.0,1327.300048828125,1331.0,9,91.86000061035156,126.19000244140625,17.80699920654297,10.729999542236328,2488.110107421875,,,,,,,-1.4703806486619053,0,0,0,0,0,0,0
2017-09-12,1327.0,1328.0,1325.199951171875,1328.0,15,91.91000366210938,126.55999755859375,17.795000076293945,10.579999923706055,2496.47998046875,,,,,,,0.6066002182535865,0,0,0,0,0,0,0
2017-09-13,1323.4000244140625,1323.4000244140625,1323.4000244140625,1323.4000244140625,16,92.5199966430664,125.61000061035156,17.77199935913086,10.5,2498.3701171875,,,,,,,-1.2737947879523097,0,0,0,0,0,0,0
2017-09-14,1319.5999755859375,1329.300048828125,1319.5999755859375,1324.699951171875,316,92.12000274658203,126.16000366210938,17.697999954223633,10.4399995803833,2495.6201171875,,,,,,,0.33816411277235703,0,0,0,0,0,0,0
2017-09-15,1320.5999755859375,1321.199951171875,1319.800048828125,1320.4000244140625,15,91.87000274658203,125.52999877929688,17.611000061035156,10.170000076293945,2500.22998046875,,,,,,,-0.48810808197428834,0,0,0,0,0,0,0
2017-09-18,1309.800048828125,1310.4000244140625,1306.0,1306.300048828125,129,92.05000305175781,124.36000061035156,17.070999145507812,10.149999618530273,2503.8701171875,,,,,,,0.16200923492950384,0,0,0,0,0,0,0
2017-09-19,1307.9000244140625,1310.300048828125,1305.0999755859375,1306.199951171875,20,91.79000091552734,124.62000274658203,17.19499969482422,10.180000305175781,2506.64990234375,,,,,,,1.1653504086238111,0,0,0,0,0,0,0
2017-09-20,1312.0,1312.0,1298.699951171875,1312.0,12,92.51000213623047,123.62000274658203,17.250999450683594,9.779999732971191,2508.239990234375,,,,,,,-3.9735061747318032,0,0,0,0,0,0,0
2017-09-21,1299.0999755859375,1304.0999755859375,1290.300048828125,1290.5999755859375,336,92.26000213623047,122.68000030517578,16.937000274658203,9.670000076293945,2500.60009765625,,,,,,,-0.39559558855993593,0,0,0,0,0,0,0
2017-09-22,1295.0,1295.699951171875,1293.300048828125,1293.300048828125,209,92.16999816894531,123.23999786376953,16.902999877929688,9.59000015258789,2502.219970703125,,,,,,,0.5927304136488202,0,0,0,0,0,0,0
2017-09-25,1293.0999755859375,1309.199951171875,1291.0,1306.800048828125,51,92.6500015258789,124.52999877929688,17.05900001525879,10.210000038146973,2496.659912109375,,,,,,,0.583694389107644,0,0,0,0,0,0,0
2017-09-26,1304.5,1305.5999755859375,1297.0,1297.0,39,92.97000122070312,123.13999938964844,16.804000854492188,10.170000076293945,2496.840087890625,,,,,,,-0.8945180845551274,0,0,0,0,0,0,0
2017-09-27,1283.4000244140625,1283.4000244140625,1283.4000244140625,1283.4000244140625,19488,93.36000061035156,121.9800033569336,16.74799919128418,9.869999885559082,2507.0400390625,,,,,,,-0.4424767120335499,0,0,0,0,0,0,0
2017-09-28,1283.0999755859375,1288.0,1277.0,1285.5,5226,93.08999633789062,122.20999908447266,16.773000717163086,9.550000190734863,2510.06005859375,,,,,,,-0.3391903860710113,0,0,0,0,0,0,0
2017-09-29,1284.199951171875,1289.4000244140625,1281.5,1281.5,492,93.08000183105469,121.58000183105469,16.60700035095215,9.510000228881836,2519.360107421875,,,,,,,-1.1425028430493518,0,0,0,0,0,0,0
2017-10-02,1275.0,1276.0999755859375,1270.4000244140625,1272.699951171875,136,93.55999755859375,120.7699966430664,16.584999084472656,9.449999809265137,2529.1201171875,,,,,,,-1.0269356251121096,0,0,0,0,0,0,0
2017-10-03,1269.699951171875,1273.300048828125,1268.5999755859375,1271.5,192,93.56999969482422,120.83000183105469,16.58099937438965,9.510000228881836,2534.580078125,,,,,,,-0.42800921849542456,0,0,0,0,0,0,0
2017-10-04,1273.800048828125,1280.800048828125,1270.0,1273.699951171875,218,93.45999908447266,121.16999816894531,16.562999725341797,9.630000114440918,2537.739990234375,,,,,,,0.022706048370362976,0,0,0,0,0,0,0
2017-10-05,1277.800048828125,1277.800048828125,1267.5999755859375,1269.9000244140625,36,93.95999908447266,120.5199966430664,16.582000732421875,9.1899995803833,2552.070068359375,,,,,,,-0.9228969566489613,0,0,0,0,0,0,0
2017-10-06,1267.5999755859375,1272.0,1260.5,1271.5999755859375,46,93.80000305175781,121.08999633789062,16.733999252319336,9.649999618530273,2549.330078125,,,,,,,0.4643226725005998,0,0,0,0,0,0,0
2017-10-09,1280.5999755859375,1284.0,1279.0,1281.800048828125,19,93.73999786376953,122.08000183105469,16.916000366210938,10.329999923706055,2544.72998046875,,,,,,,0.5298342787037184,0,0,0,0,0,0,0
2017-10-10,1282.5999755859375,1293.0,1281.699951171875,1290.5999755859375,18,93.29000091552734,122.4000015258789,17.155000686645508,10.079999923706055,2550.639892578125,,,,,,,-1.1652293195118326,0,0,0,0,0,0,0
2017-10-11,1287.300048828125,1292.0,1284.9000244140625,1285.800048828125,21,92.95999908447266,122.79000091552734,17.08099937438965,9.850000381469727,2555.239990234375,,,,,,,1.5991300933142454,0,0,0,0,0,0,0
2017-10-12,1291.5,1294.5,1289.300048828125,1293.300048828125,14,93.12000274658203,122.88999938964844,17.211000442504883,9.90999984741211,2550.929931640625,,,,,,,-0.38954023751870287,0,0,0,0,0,0,0
2017-10-13,1293.300048828125,1301.699951171875,1291.699951171875,1301.5,74,93.08999633789062,123.81999969482422,17.354999542236328,9.609999656677246,2553.169921875,,,,,,,0.09726121081537675,0,0,0,0,0,0,0
2017-10-16,1302.0,1303.800048828125,1291.9000244140625,1299.9000244140625,173,93.27999877929688,122.97000122070312,17.315000534057617,9.90999984741211,2557.639892578125,,,,,,,-2.045274755484443,0,0,0,0,0,0,0
2017-10-17,1295.0999755859375,1295.0999755859375,1283.0,1283.0,571,93.48999786376953,122.12999725341797,16.98699951171875,10.3100004196167,2559.360107421875,,,,,,,0.34752331187553953,0,0,0,0,0,0,0
2017-10-18,1279.9000244140625,1279.9000244140625,1279.9000244140625,1279.9000244140625,163,93.36000061035156,121.66999816894531,16.94300079345703,10.069999694824219,2561.260009765625,,,,,,,-0.179327965249734,0,0,0,0,0,0,0
2017-10-19,1286.4000244140625,1286.9000244140625,1285.0999755859375,1286.9000244140625,134,93.2699966430664,122.38999938964844,17.201000213623047,10.050000190734863,2562.10009765625,,,,,,,-0.00887145177711288,0,0,0,0,0,0,0
2017-10-20,1279.5999755859375,1279.5999755859375,1277.4000244140625,1277.4000244140625,304,93.69999694824219,121.61000061035156,17.02199935913086,9.970000267028809,2575.2099609375,,,,,,,0.37969972323274104,0,0,0,0,0,0,0
2017-10-23,1274.699951171875,1280.800048828125,1271.5,1277.699951171875,115,93.94000244140625,121.80000305175781,17.02400016784668,11.069999694824219,2564.97998046875,,,,,,,0.8669437445685946,0,0,0,0,0,0,0
2017-10-24,1275.5,1275.5,1273.699951171875,1275.0,111,93.95999908447266,121.33000183105469,16.906999588012695,11.15999984741211,2569.1298828125,,,,,,,0.27601397021918284,0,0,0,0,0,0,0
2017-10-25,1269.9000244140625,1275.4000244140625,1269.9000244140625,1275.4000244140625,105,93.70999908447266,121.3499984741211,16.868000030517578,11.229999542236328,2557.14990234375,,,,,,,0.20883727667998525,0,0,0,0,0,0,0
2017-10-26,1273.5,1273.5,1264.699951171875,1266.300048828125,39,94.61000061035156,120.33000183105469,16.763999938964844,11.300000190734863,2560.39990234375,,,,,,,-0.3306907289720157,0,0,0,0,0,0,0
2017-10-27,1268.4000244140625,1268.5,1267.0999755859375,1268.5,567,94.91999816894531,120.9000015258789,16.70199966430664,9.800000190734863,2581.070068359375,,,,,,,0.9547177500527008,0,0,0,0,0,0,0
2017-10-30,1270.0,1274.0999755859375,1267.9000244140625,1274.0999755859375,222,94.48999786376953,121.12999725341797,16.802000045776367,10.5,2572.830078125,,,,,,,-0.14221766694693033,0,0,0,0,0,0,0
2017-10-31,1273.0999755859375,1274.5999755859375,1266.0999755859375,1267.0,235,94.55000305175781,120.66999816894531,16.645000457763672,10.180000305175781,2575.260009765625,,,,,,,0.6113256493036299,0,0,0,0,0,0,0
2017-11-01,1272.199951171875,1274.800048828125,1270.300048828125,1274.0999755859375,78,94.81999969482422,121.11000061035156,17.131999969482422,10.199999809265137,2579.360107421875,,,,,,,-0.2586678413178265,0,0,0,0,0,0,0
2017-11-02,1274.9000244140625,1274.9000244140625,1274.9000244140625,1274.9000244140625,70,94.69000244140625,121.19000244140625,17.0939998626709,9.930000305175781,2579.85009765625,,,,,,,-0.2416911714346587,0,0,0,0,0,0,0
2017-11-03,1265.300048828125,1267.9000244140625,1265.300048828125,1266.5,75,94.94000244140625,120.62000274658203,16.79400062561035,9.140000343322754,2587.840087890625,,,,,,,0.5898135433623862,0,0,0,0,0,0,0
2017-11-06,1269.0,1280.5,1269.0,1279.4000244140625,128,94.72000122070312,121.6500015258789,17.19499969482422,9.399999618530273,2591.1298828125,,,,,,,-0.12005560377811071,0,0,0,0,0,0,0
2017-11-07,1276.800048828125,1276.800048828125,1270.4000244140625,1273.699951171875,11,94.91000366210938,121.20999908447266,16.905000686645508,9.890000343322754,2590.639892578125,,,,,,,0.2746526883274665,0,0,0,0,0,0,0
2017-11-08,1275.9000244140625,1284.9000244140625,1274.699951171875,1281.5999755859375,15,94.87000274658203,121.62999725341797,17.106000900268555,9.779999732971191,2594.3798828125,,,,,,,-0.9435848279781038,0,0,0,0,0,0,0
2017-11-09,1279.699951171875,1286.9000244140625,1279.699951171875,1285.5999755859375,18,94.44000244140625,122.12999725341797,16.94300079345703,10.5,2584.6201171875,,,,,,,-0.47311641383897285,0,0,0,0,0,0,0
2017-11-10,1283.5,1283.5,1272.4000244140625,1272.4000244140625,10,94.38999938964844,121.12999725341797,16.8439998626709,11.289999961853027,2582.300048828125,,,,,,,0.4738015869212877,0,0,0,0,0,0,0
2017-11-13,1277.300048828125,1277.300048828125,1277.0,1277.300048828125,3,94.48999786376953,121.30999755859375,17.023000717163086,11.5,2584.840087890625,,,,,,,-0.6132263856693196,0,0,0,0,0,0,0
2017-11-14,1276.9000244140625,1281.5,1276.9000244140625,1281.5,4,93.83000183105469,121.55999755859375,17.052000045776367,11.59000015258789,2578.8701171875,,,,,,,-1.1454599590689396,0,0,0,0,0,0,0
2017-11-15,1281.4000244140625,1284.699951171875,1275.9000244140625,1276.5,13,93.80999755859375,121.41000366210938,16.950000762939453,13.130000114440918,2564.6201171875,,,,,,,0.11025296069384112,0,0,0,0,0,0,0
2017-11-16,1277.5,1277.5,1277.4000244140625,1277.4000244140625,43,93.93000030517578,121.4000015258789,17.055999755859375,11.760000228881836,2585.639892578125,,,,,,,-0.2514403035787556,0,0,0,0,0,0,0
2017-11-17,1288.300048828125,1295.800048828125,1288.300048828125,1295.800048828125,1,93.66000366210938,122.86000061035156,17.357999801635742,11.430000305175781,2578.85009765625,,,,,,,-1.3068326095760316,0,0,0,0,0,0,0
2017-11-20,1274.5999755859375,1275.9000244140625,1274.5999755859375,1274.5999755859375,1,94.08000183105469,121.30999755859375,16.82699966430664,10.649999618530273,2582.139892578125,,,,,,,0.43835299401872174,0,0,0,0,0,0,0
2017-11-21,1281.0999755859375,1281.0999755859375,1281.0999755859375,1281.0999755859375,4,93.94999694824219,121.51000213623047,16.948999404907227,9.729999542236328,2599.030029296875,,,,,,,-1.1104556945313777,0,0,0,0,0,0,0
2017-11-22,1284.699951171875,1291.5999755859375,1282.9000244140625,1291.5999755859375,4,93.22000122070312,122.62999725341797,17.10099983215332,9.880000114440918,2597.080078125,,,,,,,-0.6382731117019622,0,0,0,0,0,0,0
2017-11-24,1286.699951171875,1286.699951171875,1286.699951171875,1286.699951171875,0,92.76000213623047,122.31999969482422,16.981000900268555,9.670000076293945,2602.419921875,,,,,,,-0.06845444636994372,0,0,0,0,0,0,0
2017-11-27,1293.800048828125,1293.800048828125,1293.800048828125,1293.800048828125,1,92.9000015258789,122.83000183105469,17.009000778198242,9.869999885559082,2601.419921875,,,,,,,-0.6597377695970736,0,0,0,0,0,0,0
2017-11-28,1294.699951171875,1294.699951171875,1294.699951171875,1294.699951171875,275442,93.26000213623047,122.80999755859375,16.81100082397461,10.029999732971191,2627.0400390625,,,,,,,-1.069443385063394,0,0,0,0,0,0,0
2017-11-29,1293.4000244140625,1296.199951171875,1281.0999755859375,1282.0999755859375,47244,93.26000213623047,122.04000091552734,16.457000732421875,10.699999809265137,2626.070068359375,,,,,,,0.5279999110961641,0,0,0,0,0,0,0
2017-11-30,1283.0999755859375,1284.5,1269.699951171875,1273.199951171875,3049,93.01000213623047,121.0999984741211,16.381999969482422,11.279999732971191,2647.580078125,,,,,,,0.22367292310089057,0,0,0,0,0,0,0
2017-12-01,1274.0999755859375,1288.5999755859375,1271.0,1278.800048828125,823,92.9000015258789,121.58999633789062,16.297000885009766,11.430000305175781,2642.219970703125,,,,,,,0.061292857559615166,0,0,0,0,0,0,0
2017-12-04,1272.5,1276.0999755859375,1270.300048828125,1274.300048828125,850,93.19000244140625,121.18000030517578,16.284000396728516,11.680000305175781,2639.43994140625,,,,,,,0.13988063261246045,0,0,0,0,0,0,0
2017-12-05,1275.4000244140625,1275.800048828125,1260.0,1261.5999755859375,1499,93.37999725341797,120.31999969482422,15.972999572753906,11.329999923706055,2629.570068359375,,,,,,,1.4992504691094701,0,0,0,0,0,0,0
2017-12-06,1264.9000244140625,1267.800048828125,1261.5999755859375,1262.800048828125,373,93.61000061035156,120.06999969482422,15.868000030517578,11.020000457763672,2629.27001953125,,,,,,,0.06205236612622151,0,0,0,0,0,0,0
2017-12-07,1262.300048828125,1262.4000244140625,1243.9000244140625,1249.800048828125,358,93.80000305175781,118.48999786376953,15.71500015258789,10.15999984741211,2636.97998046875,,,,,,,-1.2922736983981673,0,0,0,0,0,0,0
2017-12-08,1246.300048828125,1249.300048828125,1241.5,1245.199951171875,157,93.9000015258789,118.4800033569336,15.736000061035156,9.579999923706055,2651.5,,,,,,,0.39505627825478584,0,0,0,0,0,0,0
2017-12-11,1248.4000244140625,1249.199951171875,1239.9000244140625,1243.699951171875,146,93.87000274658203,118.01000213623047,15.696999549865723,9.34000015258789,2659.989990234375,,,,,,,-0.9066157029360148,0,0,0,0,0,0,0
2017-12-12,1241.300048828125,1244.4000244140625,1236.5,1238.5,692,94.0999984741211,118.1500015258789,15.581999778747559,9.920000076293945,2664.110107421875,,,,,,,1.6243006907569482,0,0,0,0,0,0,0
2017-12-13,1241.9000244140625,1254.5,1239.800048828125,1245.4000244140625,349,93.43000030517578,119.16999816894531,15.784000396728516,10.180000305175781,2662.85009765625,,,,,,,2.845771476974162,0,0,0,0,0,0,0
2017-12-14,1252.9000244140625,1257.699951171875,1250.300048828125,1253.800048828125,139,93.48999786376953,118.93000030517578,15.850000381469727,10.489999771118164,2652.010009765625,,,,,,,-1.0221231485784354,0,0,0,0,0,0,0
2017-12-15,1253.0999755859375,1260.300048828125,1253.0999755859375,1254.300048828125,578,93.93000030517578,119.18000030517578,15.977999687194824,9.420000076293945,2675.81005859375,,,,,,,-0.26053439416764584,0,0,0,0,0,0,0
2017-12-18,1256.199951171875,1262.4000244140625,1255.699951171875,1262.199951171875,45,93.69999694824219,119.7300033569336,16.1200008392334,9.529999732971191,2690.159912109375,,,,,,,-0.9703634951695177,0,0,0,0,0,0,0
2017-12-19,1261.0999755859375,1264.300048828125,1259.5,1260.699951171875,329,93.47000122070312,119.81999969482422,16.06599998474121,10.029999732971191,2681.469970703125,,,,,,,-0.19138509228227965,0,0,0,0,0,0,0
2017-12-20,1261.300048828125,1266.5999755859375,1261.300048828125,1266.0999755859375,63,93.3499984741211,120.13999938964844,16.187999725341797,9.720000267028809,2679.25,,,,,,,-1.0011964592608344,0,0,0,0,0,0,0
2017-12-21,1266.4000244140625,1267.4000244140625,1264.300048828125,1267.300048828125,226,93.27999877929688,120.30999755859375,16.152000427246094,9.619999885559082,2684.570068359375,,,,,,,-0.7359963756413197,0,0,0,0,0,0,0
2017-12-22,1266.300048828125,1276.300048828125,1266.300048828125,1275.4000244140625,119,93.3499984741211,120.94000244140625,16.35700035095215,9.899999618530273,2683.340087890625,,,,,,,-1.2872595760659018,0,0,0,0,0,0,0
2017-12-26,1282.4000244140625,1284.0999755859375,1281.800048828125,1284.0999755859375,84,93.26000213623047,121.7699966430664,16.520000457763672,10.25,2680.5,,,,,,,-1.244503451110656,0,0,0,0,0,0,0
2017-12-27,1284.0,1287.0,1284.0,1287.0,456,93.02999877929688,122.2300033569336,16.618999481201172,10.470000267028809,2682.6201171875,,,,,,,-0.4628890422200751,0,0,0,0,0,0,0
2017-12-28,1288.199951171875,1294.0999755859375,1288.199951171875,1294.0999755859375,245,92.5999984741211,122.8499984741211,16.832000732421875,10.180000305175781,2687.5400390625,,,,,,,-0.6744478855553269,0,0,0,0,0,0,0
2017-12-29,1294.199951171875,1306.300048828125,1294.0,1306.300048828125,65,92.12000274658203,123.6500015258789,17.059999465942383,11.039999961853027,2673.610107421875,,,,,,,-2.066406875106634,0,0,0,0,0,0,0
2018-01-02,1302.300048828125,1317.5999755859375,1302.300048828125,1313.699951171875,68,91.8499984741211,125.1500015258789,17.121000289916992,9.770000457763672,2695.81005859375,,,,,,,1.0701931397631317,0,0,0,0,0,0,0
2018-01-03,1320.0,1320.0999755859375,1312.0999755859375,1316.199951171875,42,92.16000366210938,124.81999969482422,17.184999465942383,9.149999618530273,2713.06005859375,,,,,,,-1.1424678023366492,0,0,0,0,0,0,0
2018-01-04,1319.4000244140625,1322.0,1319.4000244140625,1319.4000244140625,2,91.8499984741211,125.45999908447266,17.18899917602539,9.220000267028809,2723.989990234375,,,,,,,0.171404389413542,0,0,0,0,0,0,0
2018-01-05,1320.300048828125,1320.300048828125,1320.300048828125,1320.300048828125,1,91.94999694824219,125.33000183105469,17.204999923706055,9.220000267028809,2743.14990234375,,,,,,,-0.6706304521818165,0,0,0,0,0,0,0
2018-01-08,1319.9000244140625,1319.9000244140625,1314.5999755859375,1318.5999755859375,41,92.33000183105469,125.30999755859375,17.06399917602539,9.520000457763672,2747.7099609375,,,,,,,-0.10347431872727246,0,0,0,0,0,0,0
2018-01-09,1309.5999755859375,1311.699951171875,1309.5999755859375,1311.699951171875,16,92.52999877929688,124.7300033569336,16.93600082397461,10.079999923706055,2751.2900390625,,,,,,,0.20959831870015058,0,0,0,0,0,0,0
2018-01-10,1320.300048828125,1320.699951171875,1315.300048828125,1317.4000244140625,70,92.33000183105469,125.02999877929688,16.96299934387207,9.819999694824219,2748.22998046875,,,,,,,-0.7588662711773083,0,0,0,0,0,0,0
2018-01-11,1317.0999755859375,1320.5999755859375,1316.300048828125,1320.5999755859375,9,91.8499984741211,125.44000244140625,16.893999099731445,9.880000114440918,2767.56005859375,,,,,,,-0.3079057530695376,0,0,0,0,0,0,0
2018-01-12,1327.800048828125,1338.199951171875,1327.800048828125,1333.4000244140625,14,90.97000122070312,126.95999908447266,17.069000244140625,10.15999984741211,2786.239990234375,,,,,,,0.922215775603372,0,0,0,0,0,0,0
2018-01-16,1331.0999755859375,1335.4000244140625,1331.0,1335.4000244140625,13,90.38999938964844,127.16999816894531,17.121999740600586,11.65999984741211,2776.419921875,,,,,,,0.9880633493432335,0,0,0,0,0,0,0
2018-01-17,1334.4000244140625,1338.0,1326.800048828125,1338.0,27,90.54000091552734,126.13999938964844,17.104999542236328,11.90999984741211,2802.56005859375,,,,,,,-3.821078244677992,0,0,0,0,0,0,0
2018-01-18,1328.9000244140625,1328.9000244140625,1326.0,1326.0,211,90.5,125.86000061035156,16.89299964904785,12.220000267028809,2798.030029296875,,,,,,,-0.6042403320646624,0,0,0,0,0,0,0
2018-01-19,1330.0999755859375,1333.0,1330.0999755859375,1331.9000244140625,50,90.56999969482422,126.41999816894531,16.975000381469727,11.270000457763672,2810.300048828125,,,,,,,-0.5911848113708094,0,0,0,0,0,0,0
2018-01-22,1328.4000244140625,1330.9000244140625,1328.4000244140625,1330.9000244140625,162,90.4000015258789,126.6500015258789,16.930999755859375,11.029999732971191,2832.969970703125,,,,,,,0.6168402338943363,0,0,0,0,0,0,0
2018-01-23,1335.800048828125,1335.9000244140625,1335.699951171875,1335.699951171875,47,90.12000274658203,127.27999877929688,16.854999542236328,11.100000381469727,2839.1298828125,,,,,,,1.244009629419064,0,0,0,0,0,0,0
2018-01-24,1355.9000244140625,1357.199951171875,1355.9000244140625,1355.9000244140625,18,89.20999908447266,128.8300018310547,17.424999237060547,11.470000267028809,2837.5400390625,,,,,,,-0.09469160757104161,0,0,0,0,0,0,0
2018-01-25,1356.300048828125,1362.4000244140625,1346.699951171875,1362.4000244140625,4,89.38999938964844,127.97000122070312,17.551000595092773,11.579999923706055,2839.25,,,,,,,-4.467934532800181,0,0,0,0,0,0,0
2018-01-26,1351.5999755859375,1352.0,1350.9000244140625,1351.5999755859375,280546,89.06999969482422,128.07000732421875,17.381999969482422,11.079999923706055,2872.8701171875,,,,,,,-1.0368082859158192,0,0,0,0,0,0,0
2018-01-30,1338.699951171875,1347.800048828125,1332.800048828125,1335.4000244140625,52100,89.19000244140625,126.80000305175781,17.01300048828125,14.789999961853027,2822.429931640625,,,,,,,-0.21926499021574375,0,0,0,0,0,0,0
2018-01-31,1337.5,1346.9000244140625,1331.800048828125,1339.0,4881,89.12999725341797,127.6500015258789,17.20400047302246,13.539999961853027,2823.81005859375,,,,,,,1.3304596830921587,0,0,0,0,0,0,0
2018-02-01,1343.800048828125,1350.5999755859375,1336.800048828125,1344.300048828125,1680,88.66999816894531,128.07000732421875,17.118000030517578,13.470000267028809,2821.97998046875,,,,,,,1.0494589220844008,0,0,0,0,0,0,0
2018-02-02,1348.5,1352.0999755859375,1327.699951171875,1333.699951171875,2841,89.19999694824219,126.38999938964844,16.676000595092773,17.309999465942383,2762.1298828125,,,,,,,-0.9554920044590873,0,0,0,0,0,0,0
2018-02-05,1331.0999755859375,1340.199951171875,1329.0,1333.0,641,89.55000305175781,126.70999908447266,16.638999938964844,37.31999969482422,2648.93994140625,,,,,,,0.21827441833209033,0,0,0,0,0,0,0
2018-02-06,1338.199951171875,1343.699951171875,1319.5,1326.0999755859375,529,89.58999633789062,125.37999725341797,16.54800033569336,29.979999542236328,2695.139892578125,,,,,,,-1.761911640891177,0,0,0,0,0,0,0
2018-02-07,1325.4000244140625,1331.0999755859375,1310.5,1311.5999755859375,491,90.26000213623047,124.79000091552734,16.20599937438965,27.729999542236328,2681.659912109375,,,,,,,0.5972745778590283,0,0,0,0,0,0,0
2018-02-08,1317.0999755859375,1321.0999755859375,1307.0,1316.9000244140625,459,90.2300033569336,124.9800033569336,16.31399917602539,33.459999084472656,2581.0,,,,,,,-0.33800777728505743,0,0,0,0,0,0,0
2018-02-09,1320.9000244140625,1322.0,1311.9000244140625,1313.0999755859375,451,90.44000244140625,124.7699966430664,16.115999221801758,29.059999465942383,2619.550048828125,,,,,,,0.1266154140174327,0,0,0,0,0,0,0
2018-02-12,1323.800048828125,1325.5,1318.0,1324.199951171875,140,90.20999908447266,125.37000274658203,16.54800033569336,25.610000610351562,2656.0,,,,,,,-1.2124286482141378,0,0,0,0,0,0,0
2018-02-13,1324.5,1329.5999755859375,1323.4000244140625,1328.0999755859375,71,89.69999694824219,126.08000183105469,16.506999969482422,24.969999313354492,2662.93994140625,,,,,,,-0.19809618338286072,0,0,0,0,0,0,0
2018-02-14,1332.800048828125,1355.5,1324.0,1355.5,400,89.12000274658203,128.22999572753906,16.857999801635742,19.260000228881836,2698.6298828125,,,,,,,-1.453609355117936,0,0,0,0,0,0,0
2018-02-15,1352.0,1355.9000244140625,1349.699951171875,1352.0999755859375,111,88.58999633789062,128.3800048828125,16.777000427246094,19.1299991607666,2731.199951171875,,,,,,,-0.09508417493946135,0,0,0,0,0,0,0
2018-02-16,1354.0,1361.4000244140625,1344.9000244140625,1353.199951171875,110,89.0999984741211,127.95999908447266,16.69499969482422,19.459999084472656,2732.219970703125,,,,,,,-1.5551551447717917,0,0,0,0,0,0,0
2018-02-20,1348.4000244140625,1350.199951171875,1328.5,1328.800048828125,283,89.72000122070312,126.23999786376953,16.424999237060547,20.600000381469727,2716.260009765625,,,,,,,0.13925758624042198,0,0,0,0,0,0,0
2018-02-21,1326.800048828125,1331.5,1324.4000244140625,1330.0,119,90.08000183105469,125.66000366210938,16.604000091552734,20.020000457763672,2701.330078125,,,,,,,-1.7771461265274624,0,0,0,0,0,0,0
2018-02-22,1322.0,1331.4000244140625,1322.0,1330.5999755859375,70,89.75,126.30000305175781,16.57900047302246,18.719999313354492,2703.9599609375,,,,,,,-0.14904964096441645,0,0,0,0,0,0,0
2018-02-23,1328.0,1332.0999755859375,1327.699951171875,1328.199951171875,427,89.87999725341797,126.13999938964844,16.47599983215332,16.489999771118164,2747.300048828125,,,,,,,0.05413352011254103,0,0,0,0,0,0,0
2018-02-26,1335.0,1340.5,1330.699951171875,1330.699951171875,652,89.81999969482422,126.44999694824219,16.54199981689453,15.800000190734863,2779.60009765625,,,,,,,0.2486758724353172,0,0,0,0,0,0,0
2018-02-27,1331.699951171875,1332.5999755859375,1312.699951171875,1315.5,710,90.36000061035156,125.12999725341797,16.34600067138672,18.59000015258789,2744.280029296875,,,,,,,0.5920213657049643,0,0,0,0,0,0,0
2018-02-28,1315.4000244140625,1321.0,1315.4000244140625,1315.5,58,90.61000061035156,125.0,16.323999404907227,19.850000381469727,2713.830078125,,,,,,,0.2243097456577711,0,0,0,0,0,0,0
2018-03-01,1310.4000244140625,1318.0999755859375,1301.800048828125,1302.9000244140625,43,90.31999969482422,124.72000122070312,16.200000762939453,22.469999313354492,2677.669921875,,,,,,,2.65190351364532,0,0,0,0,0,0,0
2018-03-02,1314.300048828125,1323.199951171875,1314.300048828125,1321.0999755859375,155,89.94000244140625,125.38999938964844,16.392000198364258,19.59000015258789,2691.25,,,,,,,-0.21627250787302507,0,0,0,0,0,0,0
2018-03-05,1323.5,1325.9000244140625,1318.0999755859375,1318.0999755859375,18,90.08000183105469,125.18000030517578,16.33799934387207,18.729999542236328,2720.93994140625,,,,,,,-0.003730146866086489,0,0,0,0,0,0,0
2018-03-06,1321.5999755859375,1333.5999755859375,1321.4000244140625,1333.5999755859375,18,89.62000274658203,126.52999877929688,16.71500015258789,18.360000610351562,2728.1201171875,,,,,,,-0.3156935485620698,0,0,0,0,0,0,0
2018-03-07,1338.0999755859375,1338.0999755859375,1326.0,1326.0,27,89.63999938964844,125.72000122070312,16.42799949645996,17.760000228881836,2726.800048828125,,,,,,,-0.5382889490888101,0,0,0,0,0,0,0
2018-03-08,1324.800048828125,1326.800048828125,1319.300048828125,1319.9000244140625,62,90.12000274658203,125.41999816894531,16.43600082397461,16.540000915527344,2738.969970703125,,,,,,,0.21497110926521118,0,0,0,0,0,0,0
2018-03-09,1316.800048828125,1322.4000244140625,1313.0,1322.4000244140625,88,90.08999633789062,125.54000091552734,16.54599952697754,14.640000343322754,2786.570068359375,,,,,,,-0.07780196617880637,0,0,0,0,0,0,0
2018-03-12,1319.4000244140625,1319.4000244140625,1319.4000244140625,1319.4000244140625,0,89.9000015258789,125.54000091552734,16.47100067138672,15.779999732971191,2783.02001953125,,,,,,,0.6979933607420996,0,0,0,0,0,0,0
2018-03-13,1325.9000244140625,1325.9000244140625,1325.300048828125,1325.9000244140625,13,89.66000366210938,125.77999877929688,16.55900001525879,16.350000381469727,2765.31005859375,,,,,,,-0.33648891195055153,0,0,0,0,0,0,0
2018-03-14,1322.199951171875,1324.4000244140625,1322.199951171875,1324.4000244140625,19,89.69999694824219,125.69999694824219,16.466999053955078,17.229999542236328,2749.47998046875,,,,,,,-0.1532889268054579,0,0,0,0,0,0,0
2018-03-15,1316.800048828125,1316.800048828125,1316.800048828125,1316.800048828125,0,90.13999938964844,124.9000015258789,16.35300064086914,16.59000015258789,2747.330078125,,,,,,,-0.3679167218644294,0,0,0,0,0,0,0
2018-03-16,1310.0999755859375,1311.300048828125,1310.0999755859375,1311.300048828125,34,90.2300033569336,124.5999984741211,16.20199966430664,15.800000190734863,2752.010009765625,,,,,,,0.27281689387774427,0,0,0,0,0,0,0
2018-03-19,1309.4000244140625,1316.9000244140625,1307.300048828125,1316.800048828125,6,89.9000015258789,124.87000274658203,16.2549991607666,19.020000457763672,2712.919921875,,,,,,,-0.41333164341362993,0,0,0,0,0,0,0
2018-03-20,1311.0999755859375,1311.0999755859375,1311.0999755859375,1311.0999755859375,4,90.37000274658203,124.30999755859375,16.125,18.200000762939453,2716.93994140625,,,,,,,-0.46892294427038816,0,0,0,0,0,0,0
2018-03-21,1312.4000244140625,1328.800048828125,1312.4000244140625,1320.699951171875,34,89.77999877929688,126.4800033569336,16.35700035095215,17.860000610351562,2711.929931640625,,,,,,,3.0036445855444582,0,0,0,0,0,0,0
2018-03-22,1326.5999755859375,1326.5999755859375,1326.5999755859375,1326.5999755859375,0,89.86000061035156,125.9800033569336,16.327999114990234,23.34000015258789,2643.68994140625,,,,,,,0.06833171764151305,0,0,0,0,0,0,0
2018-03-23,1343.199951171875,1349.300048828125,1343.199951171875,1349.300048828125,8,89.44000244140625,127.61000061035156,16.530000686645508,24.8700008392334,2588.260009765625,,,,,,,-1.3097610120222276,0,0,0,0,0,0,0
2018-03-26,1348.5,1354.4000244140625,1345.0999755859375,1354.4000244140625,10,89.02999877929688,128.27999877929688,16.631999969482422,21.030000686645508,2658.550048828125,,,,,,,-0.7964134174593549,0,0,0,0,0,0,0
2018-03-27,1341.0,1341.300048828125,1341.0,1341.300048828125,290889,89.37000274658203,127.48999786376953,16.48900032043457,22.5,2612.6201171875,,,,,,,0.4013985776038405,0,0,0,0,0,0,0
2018-03-28,1345.0,1346.4000244140625,1322.4000244140625,1324.199951171875,59284,90.05999755859375,125.7300033569336,16.204999923706055,22.8700008392334,2605.0,,,,,,,0.030387122194189663,0,0,0,0,0,0,0
2018-03-29,1324.0,1327.0999755859375,1321.699951171875,1322.800048828125,5585,90.1500015258789,125.79000091552734,16.222999572753906,19.969999313354492,2640.8701171875,,,,,,,0.5376439814600489,0,0,0,0,0,0,0
2018-04-02,1327.0,1344.199951171875,1324.699951171875,1342.0999755859375,649,90.05000305175781,127.26000213623047,16.62700080871582,23.6200008392334,2581.8798828125,,,,,,,-0.4280156178910742,0,0,0,0,0,0,0
2018-04-03,1340.4000244140625,1341.5,1328.5,1332.800048828125,702,90.19999694824219,126.30000305175781,16.347000122070312,21.100000381469727,2614.449951171875,,,,,,,-0.6262229017423794,0,0,0,0,0,0,0
2018-04-04,1331.800048828125,1347.300048828125,1331.5999755859375,1335.800048828125,718,90.13999938964844,126.44999694824219,16.208999633789062,20.059999465942383,2644.68994140625,,,,,,,-0.9852830922403858,0,0,0,0,0,0,0
2018-04-05,1333.5,1333.699951171875,1322.5999755859375,1324.300048828125,258,90.45999908447266,125.80000305175781,16.31999969482422,18.940000534057617,2662.840087890625,,,,,,,0.21358675509650635,0,0,0,0,0,0,0
2018-04-06,1326.5,1333.0,1319.0,1331.9000244140625,348,90.11000061035156,126.38999938964844,16.332000732421875,21.489999771118164,2604.469970703125,,,,,,,-0.14720355762611198,0,0,0,0,0,0,0
2018-04-09,1333.0,1337.5,1327.0,1336.300048828125,290,89.83999633789062,126.81999969482422,16.499000549316406,21.770000457763672,2613.159912109375,,,,,,,-0.10321464457762444,0,0,0,0,0,0,0
2018-04-10,1335.199951171875,1342.0,1333.0,1342.0,105,89.58999633789062,127.12000274658203,16.56599998474121,20.469999313354492,2656.8701171875,,,,,,,-0.7378051366586222,0,0,0,0,0,0,0
2018-04-11,1340.0999755859375,1365.4000244140625,1340.0999755859375,1356.5,118,89.56999969482422,128.11000061035156,16.738000869750977,20.239999771118164,2642.18994140625,,,,,,,-1.6835529118916557,0,0,0,0,0,0,0
2018-04-12,1351.199951171875,1351.5,1334.5999755859375,1338.4000244140625,34,89.75,126.62000274658203,16.44300079345703,18.489999771118164,2663.989990234375,,,,,,,-1.0723316436240198,0,0,0,0,0,0,0
2018-04-13,1335.9000244140625,1346.0,1335.9000244140625,1344.800048828125,67,89.80000305175781,127.44999694824219,16.628000259399414,17.40999984741211,2656.300048828125,,,,,,,-0.480062621535588,0,0,0,0,0,0,0
2018-04-16,1341.0,1348.800048828125,1341.0,1347.5,60,89.43000030517578,127.62999725341797,16.66200065612793,16.559999465942383,2677.840087890625,,,,,,,-0.6596552439858558,0,0,0,0,0,0,0
2018-04-17,1348.0,1348.0999755859375,1339.0,1347.199951171875,409,89.5199966430664,127.75,16.77199935913086,15.25,2706.389892578125,,,,,,,-0.25703902823990765,0,0,0,0,0,0,0
2018-04-18,1343.5,1354.199951171875,1343.5,1351.199951171875,45,89.62000274658203,127.8499984741211,17.231000900268555,15.600000381469727,2708.639892578125,,,,,,,-0.9525055751882062,0,0,0,0,0,0,0
2018-04-19,1348.5999755859375,1355.199951171875,1341.5999755859375,1346.800048828125,387,89.94000244140625,127.5999984741211,17.222000122070312,15.960000038146973,2693.1298828125,,,,,,,-0.5641063541294198,0,0,0,0,0,0,0
2018-04-20,1342.5,1343.4000244140625,1335.300048828125,1336.699951171875,310,90.31999969482422,126.62999725341797,17.14699935913086,16.8799991607666,2670.139892578125,,,,,,,-0.587616750310294,0,0,0,0,0,0,0
2018-04-23,1334.0,1334.4000244140625,1322.5,1322.5,68,90.94000244140625,125.62000274658203,16.570999145507812,16.34000015258789,2670.2900390625,,,,,,,0.33305194508871744,0,0,0,0,0,0,0
2018-04-24,1326.4000244140625,1331.699951171875,1326.199951171875,1331.4000244140625,28,90.7699966430664,126.2300033569336,16.687000274658203,18.020000457763672,2634.56005859375,,,,,,,-0.29331116143581004,0,0,0,0,0,0,0
2018-04-25,1324.0,1325.0,1320.0,1321.199951171875,278,91.16999816894531,125.41000366210938,16.486000061035156,17.84000015258789,2639.39990234375,,,,,,,0.13945530157750413,0,0,0,0,0,0,0
2018-04-26,1315.699951171875,1316.300048828125,1315.699951171875,1316.300048828125,569,91.55999755859375,124.97000122070312,16.488000869750977,16.239999771118164,2666.93994140625,,,,,,,0.21548002224469603,0,0,0,0,0,0,0
2018-04-27,1315.300048828125,1321.699951171875,1312.800048828125,1320.300048828125,622,91.54000091552734,125.5,16.4060001373291,15.40999984741211,2669.909912109375,,,,,,,0.6438751665051732,0,0,0,0,0,0,0
2018-04-30,1309.5999755859375,1316.199951171875,1309.5999755859375,1316.199951171875,49,91.83999633789062,124.58999633789062,16.312000274658203,15.930000305175781,2648.050048828125,,,,,,,-1.0026743419203474,0,0,0,0,0,0,0
2018-05-01,1313.199951171875,1313.800048828125,1303.4000244140625,1303.800048828125,28,92.44999694824219,123.70999908447266,16.038999557495117,15.489999771118164,2654.800048828125,,,,,,,-0.05791186605501901,0,0,0,0,0,0,0
2018-05-02,1309.0,1309.300048828125,1302.5999755859375,1302.5999755859375,23,92.51000213623047,123.6500015258789,16.291000366210938,15.970000267028809,2635.669921875,,,,,,,0.14564313610514676,0,0,0,0,0,0,0
2018-05-03,1310.699951171875,1310.699951171875,1310.699951171875,1310.699951171875,4,92.41000366210938,124.27999877929688,16.36199951171875,15.899999618530273,2629.72998046875,,,,,,,-0.2844777929438592,0,0,0,0,0,0,0
2018-05-04,1312.699951171875,1312.699951171875,1312.699951171875,1312.699951171875,0,92.56999969482422,124.54000091552734,16.43400001525879,14.770000457763672,2663.419921875,,,,,,,-0.05706755254924071,0,0,0,0,0,0,0
2018-05-07,1310.5999755859375,1312.5,1310.199951171875,1312.199951171875,4,92.75,124.56999969482422,16.413000106811523,14.75,2672.6298828125,,,,,,,0.2117152983125633,0,0,0,0,0,0,0
2018-05-08,1310.0999755859375,1312.0,1308.5,1312.0,337,93.12000274658203,124.58999633789062,16.38800048828125,14.710000038146973,2671.919921875,,,,,,,0.3193411967911371,0,0,0,0,0,0,0
2018-05-09,1311.300048828125,1311.300048828125,1311.300048828125,1311.300048828125,70,93.04000091552734,124.33000183105469,16.45800018310547,13.420000076293945,2697.7900390625,,,,,,,-0.3229479075728546,0,0,0,0,0,0,0
2018-05-10,1312.199951171875,1320.800048828125,1312.199951171875,1320.800048828125,8,92.6500015258789,125.18000030517578,16.68000030517578,13.229999542236328,2723.070068359375,,,,,,,-0.48692118093210546,0,0,0,0,0,0,0
2018-05-11,1319.0,1319.0,1319.0,1319.0,3,92.54000091552734,125.0,16.676000595092773,12.649999618530273,2727.719970703125,,,,,,,-0.5016865320017457,0,0,0,0,0,0,0
2018-05-14,1319.9000244140625,1319.9000244140625,1316.5,1316.5,4,92.58999633789062,124.48999786376953,16.56999969482422,12.930000305175781,2730.1298828125,,,,,,,-1.4191528121678103,0,0,0,0,0,0,0
2018-05-15,1304.5999755859375,1304.699951171875,1288.9000244140625,1288.9000244140625,8,93.22000122070312,122.4800033569336,16.194000244140625,14.630000114440918,2711.449951171875,,,,,,,0.6600018472692252,0,0,0,0,0,0,0
2018-05-16,1290.9000244140625,1294.0,1285.4000244140625,1290.199951171875,26,93.38999938964844,122.29000091552734,16.297000885009766,13.420000076293945,2722.4599609375,,,,,,,-0.4448373234636788,0,0,0,0,0,0,0
2018-05-17,1291.300048828125,1291.300048828125,1288.199951171875,1288.199951171875,2,93.47000122070312,122.36000061035156,16.413000106811523,13.430000305175781,2720.1298828125,,,,,,,0.46344539874924573,0,0,0,0,0,0,0
2018-05-18,1285.199951171875,1290.199951171875,1285.199951171875,1290.199951171875,2,93.63999938964844,122.41000366210938,16.386999130249023,13.420000076293945,2712.969970703125,,,,,,,-0.050264274269871026,0,0,0,0,0,0,0
2018-05-21,1287.4000244140625,1292.0999755859375,1287.4000244140625,1290.199951171875,52,93.68000030517578,122.4800033569336,16.45199966430664,13.079999923706055,2733.010009765625,,,,,,,0.20489391305509655,0,0,0,0,0,0,0
2018-05-22,1291.699951171875,1291.699951171875,1291.699951171875,1291.699951171875,50,93.61000061035156,122.41000366210938,16.507999420166016,13.220000267028809,2724.43994140625,,,,,,,-0.5890911291268431,0,0,0,0,0,0,0
2018-05-23,1289.300048828125,1289.300048828125,1289.300048828125,1289.300048828125,10,94.01000213623047,122.54000091552734,16.33799934387207,12.579999923706055,2733.2900390625,,,,,,,0.7105271794308634,0,0,0,0,0,0,0
2018-05-24,1303.699951171875,1303.699951171875,1303.699951171875,1303.699951171875,0,93.77999877929688,123.58999633789062,16.621000289916992,12.529999732971191,2727.760009765625,,,,,,,-0.42834415826567623,0,0,0,0,0,0,0
2018-05-25,1303.300048828125,1303.300048828125,1303.300048828125,1303.300048828125,1,94.19000244140625,123.20999908447266,16.481000900268555,13.220000267028809,2721.330078125,,,,,,,-1.599180698433674,0,0,0,0,0,0,0
2018-05-29,1298.699951171875,1298.699951171875,1298.699951171875,1298.699951171875,386334,94.83000183105469,123.19000244140625,16.30500030517578,17.020000457763672,2689.860107421875,,,,,,,-0.10284865474411799,0,0,0,0,0,0,0
2018-05-30,1298.0,1303.699951171875,1295.199951171875,1301.5,50845,94.1500015258789,123.37000274658203,16.479000091552734,14.9399995803833,2724.010009765625,,,,,,,-0.3940223068142471,0,0,0,0,0,0,0
2018-05-31,1301.0,1306.800048828125,1296.5999755859375,1300.0999755859375,4082,93.98999786376953,123.0999984741211,16.402000427246094,15.430000305175781,2705.27001953125,,,,,,,-0.936241292193351,0,0,0,0,0,0,0
2018-06-01,1298.5999755859375,1299.5,1288.9000244140625,1294.800048828125,663,94.19000244140625,122.48999786376953,16.38800048828125,13.460000038146973,2734.6201171875,,,,,,,-1.3417839250987496,0,0,0,0,0,0,0
2018-06-04,1293.9000244140625,1297.0999755859375,1290.0,1293.0999755859375,144,94.0199966430664,122.37000274658203,16.378999710083008,12.739999771118164,2746.8701171875,,,,,,,-1.136449092471772,0,0,0,0,0,0,0
2018-06-05,1292.0999755859375,1299.800048828125,1289.9000244140625,1297.5,357,93.88999938964844,122.8499984741211,16.490999221801758,12.399999618530273,2748.800048828125,,,,,,,-0.8557069709965124,0,0,0,0,0,0,0
2018-06-06,1296.0999755859375,1300.4000244140625,1294.0999755859375,1297.0999755859375,373,93.66000366210938,122.91999816894531,16.642000198364258,11.640000343322754,2772.35009765625,,,,,,,-0.41410965555869955,0,0,0,0,0,0,0
2018-06-07,1298.4000244140625,1302.800048828125,1296.199951171875,1298.699951171875,79,93.4000015258789,122.86000061035156,16.766000747680664,12.130000114440918,2770.3701171875,,,,,,,-1.2283208717076572,0,0,0,0,0,0,0
2018-06-08,1295.300048828125,1299.4000244140625,1294.800048828125,1298.0999755859375,650,93.55000305175781,123.01000213623047,16.694000244140625,12.180000305175781,2779.030029296875,,,,,,,-0.38233622277285045,0,0,0,0,0,0,0
2018-06-11,1299.300048828125,1302.0,1295.199951171875,1298.9000244140625,71,93.58000183105469,123.2300033569336,16.905000686645508,12.350000381469727,2782.0,,,,,,,0.2260014231675348,0,0,0,0,0,0,0
2018-06-12,1297.800048828125,1298.0999755859375,1292.699951171875,1295.0999755859375,153,93.80000305175781,122.81999969482422,16.849000930786133,12.34000015258789,2786.85009765625,,,,,,,0.024244152492971863,0,0,0,0,0,0,0
2018-06-13,1294.0,1299.4000244140625,1290.9000244140625,1296.9000244140625,135,93.70999908447266,123.19000244140625,16.952999114990234,12.9399995803833,2775.6298828125,,,,,,,0.8359247665469545,0,0,0,0,0,0,0
2018-06-14,1297.199951171875,1307.699951171875,1297.199951171875,1304.0,42,94.7699966430664,123.37999725341797,17.22599983215332,12.119999885559082,2782.489990234375,,,,,,,-1.1111119479692484,0,0,0,0,0,0,0
2018-06-15,1297.199951171875,1307.699951171875,1274.0,1274.5999755859375,589,94.79000091552734,121.33999633789062,16.45199966430664,11.979999542236328,2779.659912109375,,,,,,,1.8994232191494205,0,0,0,0,0,0,0
2018-06-18,1280.699951171875,1280.699951171875,1276.199951171875,1276.199951171875,35,94.75,121.11000061035156,16.41200065612793,12.3100004196167,2773.75,,,,,,,0.34841405640958323,0,0,0,0,0,0,0
2018-06-19,1278.699951171875,1281.800048828125,1269.9000244140625,1275.5999755859375,34,95.08999633789062,120.80000305175781,16.30299949645996,13.350000381469727,2762.590087890625,,,,,,,-0.6620618814750597,0,0,0,0,0,0,0
2018-06-20,1274.4000244140625,1274.4000244140625,1271.199951171875,1271.199951171875,7,95.05999755859375,120.26000213623047,16.288999557495117,12.789999961853027,2767.320068359375,,,,,,,-1.332953065648245,0,0,0,0,0,0,0
2018-06-21,1262.699951171875,1268.9000244140625,1260.0,1267.199951171875,46,94.87000274658203,120.05000305175781,16.305999755859375,14.640000343322754,2749.760009765625,,,,,,,-0.4588112807912445,0,0,0,0,0,0,0
2018-06-22,1268.0999755859375,1270.199951171875,1267.0,1267.4000244140625,74,94.5199966430664,120.33999633789062,16.43899917602539,13.770000457763672,2754.8798828125,,,,,,,0.8960538123525242,0,0,0,0,0,0,0
2018-06-25,1270.5999755859375,1271.199951171875,1265.5999755859375,1265.5999755859375,37,94.27999877929688,119.88999938964844,16.308000564575195,17.329999923706055,2717.070068359375,,,,,,,-0.5492770686158236,0,0,0,0,0,0,0
2018-06-26,1267.199951171875,1267.199951171875,1256.5999755859375,1256.5999755859375,89,94.68000030517578,119.26000213623047,16.238000869750977,15.920000076293945,2723.06005859375,,,,,,,0.6363706117237597,0,0,0,0,0,0,0
2018-06-27,1255.5,1255.5,1252.300048828125,1252.800048828125,1162,95.29000091552734,118.58000183105469,16.138999938964844,17.90999984741211,2699.6298828125,,,,,,,-1.0283407316519422,0,0,0,0,0,0,0
2018-06-28,1251.699951171875,1251.699951171875,1244.800048828125,1247.800048828125,378,95.38999938964844,118.22000122070312,15.951000213623047,16.850000381469727,2716.31005859375,,,,,,,-0.3994721447409049,0,0,0,0,0,0,0
2018-06-29,1250.300048828125,1253.300048828125,1249.0999755859375,1251.300048828125,48,94.62999725341797,118.6500015258789,16.104000091552734,16.09000015258789,2718.3701171875,,,,,,,0.13897986324681724,0,0,0,0,0,0,0
2018-07-02,1249.9000244140625,1249.9000244140625,1239.800048828125,1239.800048828125,29,94.87000274658203,117.45999908447266,15.744000434875488,15.600000381469727,2726.7099609375,,,,,,,-0.4081316149868194,0,0,0,0,0,0,0
2018-07-03,1238.0999755859375,1254.0999755859375,1237.0,1251.5999755859375,36,94.58999633789062,118.6500015258789,15.95199966430664,16.139999389648438,2713.219970703125,,,,,,,-0.02923231844672939,0,0,0,0,0,0,0
2018-07-05,1255.5,1257.300048828125,1253.5999755859375,1257.300048828125,9,94.47000122070312,119.05000305175781,16.007999420166016,14.970000267028809,2736.610107421875,,,,,,,-0.772358035028668,0,0,0,0,0,0,0
2018-07-06,1255.5,1255.5,1254.300048828125,1254.300048828125,7,94.04000091552734,118.86000061035156,15.980999946594238,13.369999885559082,2759.820068359375,,,,,,,-0.23675209423897461,0,0,0,0,0,0,0
2018-07-09,1258.199951171875,1262.300048828125,1257.699951171875,1258.0999755859375,37,94.08000183105469,119.1500015258789,16.05299949645996,12.6899995803833,2784.169921875,,,,,,,-0.6047335676241904,0,0,0,0,0,0,0
2018-07-10,1256.199951171875,1256.9000244140625,1249.300048828125,1253.800048828125,65,94.11000061035156,118.93000030517578,16.003000259399414,12.640000343322754,2793.840087890625,,,,,,,0.4249436474018252,0,0,0,0,0,0,0
2018-07-11,1253.199951171875,1253.199951171875,1242.800048828125,1242.800048828125,30,94.72000122070312,117.63999938964844,15.732000350952148,13.630000114440918,2774.02001953125,,,,,,,-1.0311581950379114,0,0,0,0,0,0,0
2018-07-12,1240.9000244140625,1246.699951171875,1240.9000244140625,1245.0,7,94.80999755859375,118.12999725341797,15.89799976348877,12.579999923706055,2798.2900390625,,,,,,,0.5987356702182933,0,0,0,0,0,0,0
2018-07-13,1244.699951171875,1247.0,1239.5999755859375,1239.5999755859375,2,94.75,117.61000061035156,15.73900032043457,12.180000305175781,2801.31005859375,,,,,,,0.5397624693584616,0,0,0,0,0,0,0
2018-07-16,1242.699951171875,1243.800048828125,1238.0999755859375,1238.0999755859375,2,94.51000213623047,117.55000305175781,15.734999656677246,12.829999923706055,2798.429931640625,,,,,,,0.9998888817160759,0,0,0,0,0,0,0
2018-07-17,1225.699951171875,1225.699951171875,1225.699951171875,1225.699951171875,0,94.97000122070312,116.27999877929688,15.545999526977539,12.0600004196167,2809.550048828125,,,,,,,0.4378076539739309,0,0,0,0,0,0,0
2018-07-18,1226.699951171875,1226.699951171875,1222.199951171875,1226.300048828125,67,95.08000183105469,116.30999755859375,15.503000259399414,12.100000381469727,2815.6201171875,,,,,,,0.25389567165152493,0,0,0,0,0,0,0
2018-07-19,1227.199951171875,1228.0,1211.699951171875,1222.4000244140625,33,95.16999816894531,115.80999755859375,15.34000015258789,12.869999885559082,2804.489990234375,,,,,,,-0.5399607779121312,0,0,0,0,0,0,0
2018-07-20,1229.5,1229.5,1229.5,1229.5,0,94.45999908447266,116.55999755859375,15.489999771118164,12.859999656677246,2801.830078125,,,,,,,-0.07895117213532575,0,0,0,0,0,0,0
2018-07-23,1222.0,1224.0,1222.0,1224.0,1,94.66999816894531,116.0,15.368000030517578,12.619999885559082,2806.97998046875,,,,,,,-0.29310215125079336,0,0,0,0,0,0,0
2018-07-24,1223.9000244140625,1223.9000244140625,1223.9000244140625,1223.9000244140625,0,94.61000061035156,116.04000091552734,15.463000297546387,12.40999984741211,2820.39990234375,,,,,,,0.013246511065649641,0,0,0,0,0,0,0
2018-07-25,1231.4000244140625,1231.4000244140625,1231.4000244140625,1231.4000244140625,0,94.36000061035156,116.68000030517578,15.532999992370605,12.289999961853027,2846.070068359375,,,,,,,-0.4062229366807819,0,0,0,0,0,0,0
2018-07-26,1227.800048828125,1227.800048828125,1225.300048828125,1225.300048828125,1,94.75,115.7699966430664,15.437999725341797,12.140000343322754,2837.43994140625,,,,,,,-2.325197459352555,0,0,0,0,0,0,0
2018-07-27,1222.5999755859375,1222.5999755859375,1222.5999755859375,1222.5999755859375,254428,94.68000030517578,115.83000183105469,15.435999870300293,13.029999732971191,2818.820068359375,,,,,,,-0.40960417690610446,0,0,0,0,0,0,0
2018-07-30,1222.5,1223.9000244140625,1218.0999755859375,1221.300048828125,62239,94.36000061035156,115.6500015258789,15.475000381469727,14.260000228881836,2802.60009765625,,,,,,,-0.7678371322854857,0,0,0,0,0,0,0
2018-07-31,1220.4000244140625,1228.0999755859375,1213.0,1223.699951171875,2722,94.48999786376953,115.98999786376953,15.5,12.829999923706055,2816.2900390625,,,,,,,-0.05873582826292495,0,0,0,0,0,0,0
2018-08-01,1222.9000244140625,1223.699951171875,1214.4000244140625,1217.9000244140625,1026,94.62000274658203,115.13999938964844,15.394000053405762,13.149999618530273,2813.360107421875,,,,,,,-1.8473148354235085,0,0,0,0,0,0,0
2018-08-02,1214.699951171875,1219.300048828125,1205.800048828125,1210.5999755859375,411,95.16999816894531,114.5199966430664,15.329000473022461,12.1899995803833,2827.219970703125,,,,,,,-1.3688600302217862,0,0,0,0,0,0,0
2018-08-03,1206.5,1218.5999755859375,1205.0999755859375,1214.199951171875,784,95.13999938964844,114.91999816894531,15.406000137329102,11.640000343322754,2840.35009765625,,,,,,,-0.9790954601378362,0,0,0,0,0,0,0
2018-08-06,1214.4000244140625,1214.4000244140625,1206.5999755859375,1208.5999755859375,297,95.36000061035156,114.33000183105469,15.291999816894531,11.270000457763672,2850.39990234375,,,,,,,-1.297511121708696,0,0,0,0,0,0,0
2018-08-07,1207.800048828125,1214.800048828125,1207.800048828125,1209.5999755859375,715,95.22000122070312,114.58999633789062,15.317000389099121,10.930000305175781,2858.449951171875,,,,,,,-0.2808704238529607,0,0,0,0,0,0,0
2018-08-08,1212.0,1215.199951171875,1205.9000244140625,1212.5999755859375,209,95.0999984741211,114.91000366210938,15.37600040435791,10.850000381469727,2857.699951171875,,,,,,,-0.05703715306027735,0,0,0,0,0,0,0
2018-08-09,1214.5,1215.300048828125,1211.5999755859375,1211.9000244140625,44,95.5,114.73999786376953,15.418999671936035,11.270000457763672,2853.580078125,,,,,,,-0.6748126522231456,0,0,0,0,0,0,0
2018-08-10,1212.5,1216.4000244140625,1205.5999755859375,1211.0999755859375,75,96.36000061035156,114.69000244140625,15.265999794006348,13.15999984741211,2833.280029296875,,,,,,,-0.5091369730992751,0,0,0,0,0,0,0
2018-08-13,1207.0,1207.4000244140625,1191.300048828125,1191.300048828125,78,96.38999938964844,112.95999908447266,14.95300006866455,14.779999732971191,2821.929931640625,,,,,,,0.36099401274135534,0,0,0,0,0,0,0
2018-08-14,1193.0999755859375,1197.5,1192.800048828125,1193.0,92,96.7300033569336,113.06999969482422,15.024999618530273,13.3100004196167,2839.9599609375,,,,,,,0.07185297521957841,0,0,0,0,0,0,0
2018-08-15,1187.800048828125,1188.0999755859375,1174.5999755859375,1177.5,71,96.69999694824219,111.19000244140625,14.420999526977539,14.640000343322754,2818.3701171875,,,,,,,-2.44582704319071,0,0,0,0,0,0,0
2018-08-16,1173.199951171875,1180.199951171875,1161.4000244140625,1176.199951171875,123,96.6500015258789,111.0999984741211,14.696999549865723,13.449999809265137,2840.68994140625,,,,,,,-2.1438240679584943,0,0,0,0,0,0,0
2018-08-17,1174.699951171875,1181.199951171875,1174.699951171875,1176.5,66,96.0999984741211,112.12999725341797,14.616000175476074,12.640000343322754,2850.1298828125,,,,,,,3.5328520788106754,0,0,0,0,0,0,0
2018-08-20,1184.800048828125,1190.0,1184.4000244140625,1186.800048828125,68,95.9000015258789,112.69000244140625,14.654999732971191,12.489999771118164,2857.050048828125,,,,,,,1.2315192914333608,0,0,0,0,0,0,0
2018-08-21,1189.800048828125,1192.5999755859375,1189.800048828125,1192.5999755859375,22,95.26000213623047,113.0199966430664,14.75100040435791,12.859999656677246,2862.9599609375,,,,,,,0.03863821800178967,0,0,0,0,0,0,0
2018-08-22,1194.699951171875,1196.300048828125,1194.699951171875,1196.300048828125,17,95.1500015258789,113.2699966430664,14.734999656677246,12.25,2861.820068359375,,,,,,,-0.4789861971078829,0,0,0,0,0,0,0
2018-08-23,1189.300048828125,1190.300048828125,1184.9000244140625,1187.0,95,95.62000274658203,112.19999694824219,14.527000427246094,12.40999984741211,2856.97998046875,,,,,,,-1.4793864593479678,0,0,0,0,0,0,0
2018-08-24,1185.300048828125,1208.0,1185.300048828125,1206.300048828125,12,95.1500015258789,114.16000366210938,14.779000282287598,11.989999771118164,2874.68994140625,,,,,,,-0.7673246297190421,0,0,0,0,0,0,0
2018-08-27,1210.300048828125,1211.4000244140625,1205.199951171875,1209.0,154,94.77999877929688,114.58999633789062,14.843999862670898,12.15999984741211,2896.739990234375,,,,,,,0.18982398163257577,0,0,0,0,0,0,0
2018-08-28,1209.699951171875,1217.0,1202.300048828125,1207.4000244140625,136,94.72000122070312,113.68000030517578,14.767000198364258,12.5,2897.52001953125,,,,,,,-3.4808923069209587,0,0,0,0,0,0,0
2018-08-29,1205.199951171875,1205.199951171875,1202.4000244140625,1204.5,817,94.5999984741211,114.19999694824219,14.687999725341797,12.25,2914.0400390625,,,,,,,0.39697622468449484,0,0,0,0,0,0,0
2018-08-30,1205.4000244140625,1205.5999755859375,1196.0,1197.699951171875,493,94.72000122070312,113.63999938964844,14.47700023651123,13.529999732971191,2901.1298828125,,,,,,,0.7890152012713603,0,0,0,0,0,0,0
2018-08-31,1207.0999755859375,1208.199951171875,1199.0999755859375,1200.300048828125,191,95.13999938964844,113.51000213623047,14.437999725341797,12.859999656677246,2901.52001953125,,,,,,,-1.0539977479890705,0,0,0,0,0,0,0
2018-09-04,1193.800048828125,1193.800048828125,1189.9000244140625,1192.699951171875,26,95.41999816894531,112.93000030517578,14.060999870300293,13.15999984741211,2896.719970703125,,,,,,,-0.37051636193050835,0,0,0,0,0,0,0
2018-09-05,1192.5,1196.0,1192.5,1194.9000244140625,21,95.12999725341797,113.31999969482422,14.118000030517578,13.90999984741211,2888.60009765625,,,,,,,0.5156562175282937,0,0,0,0,0,0,0
2018-09-06,1202.0,1202.0,1197.9000244140625,1197.9000244140625,7,95.0199966430664,113.54000091552734,14.074999809265137,14.649999618530273,2878.050048828125,,,,,,,0.18401495601779258,0,0,0,0,0,0,0
2018-09-07,1198.300048828125,1198.300048828125,1193.0999755859375,1193.5999755859375,29,95.37000274658203,113.2300033569336,14.067000389099121,14.880000114440918,2871.679931640625,,,,,,,0.6544569065234951,0,0,0,0,0,0,0
2018-09-10,1193.0,1193.0,1193.0,1193.0,11,95.1500015258789,113.1500015258789,14.079000473022461,14.15999984741211,2877.1298828125,,,,,,,0.5441445700299548,0,0,0,0,0,0,0
2018-09-11,1190.4000244140625,1196.300048828125,1190.4000244140625,1195.4000244140625,21,95.05999755859375,113.22000122070312,14.052000045776367,13.220000267028809,2887.889892578125,,,,,,,-0.22148429756021265,0,0,0,0,0,0,0
2018-09-12,1205.0,1205.0,1204.699951171875,1204.699951171875,37,94.80000305175781,114.16999816894531,14.192000389099121,13.140000343322754,2888.919921875,,,,,,,0.13981634872221466,0,0,0,0,0,0,0
2018-09-13,1203.4000244140625,1203.4000244140625,1200.0,1202.0,22,94.54000091552734,113.76000213623047,14.142999649047852,12.369999885559082,2904.179931640625,,,,,,,-0.6323867054530369,0,0,0,0,0,0,0
2018-09-14,1195.0,1195.0,1195.0,1195.0,1,94.9800033569336,113.0199966430664,14.041999816894531,12.069999694824219,2904.97998046875,,,,,,,-1.0175967404574917,0,0,0,0,0,0,0
2018-09-17,1199.699951171875,1199.699951171875,1199.699951171875,1199.699951171875,0,94.51000213623047,113.61000061035156,14.121999740600586,13.680000305175781,2888.800048828125,,,,,,,-0.22946814690993972,0,0,0,0,0,0,0
2018-09-18,1198.699951171875,1198.699951171875,1196.800048828125,1196.800048828125,2,94.62000274658203,113.44000244140625,14.083999633789062,12.789999961853027,2904.31005859375,,,,,,,0.3211681277296702,0,0,0,0,0,0,0
2018-09-19,1202.199951171875,1202.199951171875,1202.199951171875,1202.199951171875,0,94.55000305175781,113.87999725341797,14.189000129699707,11.75,2907.949951171875,,,,,,,-0.07402132430690411,0,0,0,0,0,0,0
2018-09-20,1206.199951171875,1206.199951171875,1206.199951171875,1206.199951171875,0,93.91000366210938,114.2699966430664,14.21500015258789,11.800000190734863,2930.75,,,,,,,-0.014744495503635399,0,0,0,0,0,0,0
2018-09-21,1196.199951171875,1196.199951171875,1196.199951171875,1196.199951171875,0,94.22000122070312,113.48999786376953,14.269000053405762,11.680000305175781,2929.669921875,,,,,,,0.9011312125310316,0,0,0,0,0,0,0
2018-09-24,1199.300048828125,1199.300048828125,1199.300048828125,1199.300048828125,0,94.26000213623047,113.47000122070312,14.25100040435791,12.199999809265137,2919.3701171875,,,,,,,-0.7833477633050089,0,0,0,0,0,0,0
2018-09-25,1202.0999755859375,1202.800048828125,1200.0,1200.0,21,94.12999725341797,113.6500015258789,14.39799976348877,12.420000076293945,2915.56005859375,,,,,,,-0.15206346967400852,0,0,0,0,0,0,0
2018-09-26,1194.0,1194.0,1194.0,1194.0,17857,94.19000244140625,113.05000305175781,14.305000305175781,12.890000343322754,2905.969970703125,,,,,,,-0.3290758819030746,0,0,0,0,0,0,0
2018-09-27,1194.5999755859375,1197.300048828125,1180.5,1182.300048828125,4947,95.0,112.05000305175781,14.201000213623047,12.40999984741211,2914.0,,,,,,,0.2632049150194639,0,0,0,0,0,0,0
2018-09-28,1181.699951171875,1191.9000244140625,1180.0,1191.5,404,95.19000244140625,112.76000213623047,14.623000144958496,12.119999885559082,2913.97998046875,,,,,,,-0.6048580772585265,0,0,0,0,0,0,0
2018-10-01,1191.5999755859375,1191.5999755859375,1185.800048828125,1187.0999755859375,180,95.30000305175781,112.56999969482422,14.42199993133545,12.0,2924.590087890625,,,,,,,0.6292203610971716,0,0,0,0,0,0,0
2018-10-02,1193.0,1206.0,1190.300048828125,1202.4000244140625,451,95.51000213623047,113.87000274658203,14.609999656677246,12.050000190734863,2923.429931640625,,,,,,,-0.17754923599075023,0,0,0,0,0,0,0
2018-10-03,1202.5999755859375,1202.5999755859375,1196.5999755859375,1198.300048828125,76,95.76000213623047,113.41999816894531,14.59000015258789,11.609999656677246,2925.510009765625,,,,,,,-0.5086963321053849,0,0,0,0,0,0,0
2018-10-04,1199.300048828125,1204.5999755859375,1197.199951171875,1197.199951171875,496,95.75,113.4800033569336,14.510000228881836,14.220000267028809,2901.610107421875,,,,,,,0.38031724770830566,0,0,0,0,0,0,0
2018-10-05,1197.0999755859375,1205.300048828125,1196.9000244140625,1201.199951171875,34,95.62000274658203,113.80000305175781,14.569000244140625,14.819999694824219,2885.570068359375,,,,,,,0.056854677869481486,0,0,0,0,0,0,0
2018-10-08,1201.0,1201.0,1183.699951171875,1184.4000244140625,250,95.7699966430664,112.54000091552734,14.258999824523926,15.6899995803833,2884.429931640625,,,,,,,1.8192880725549996,0,0,0,0,0,0,0
2018-10-09,1185.5999755859375,1189.0999755859375,1185.5999755859375,1187.199951171875,9,95.68000030517578,112.5999984741211,14.329000473022461,15.949999809265137,2880.340087890625,,,,,,,0.6953506188835654,0,0,0,0,0,0,0
2018-10-10,1189.300048828125,1192.0,1189.300048828125,1189.300048828125,1078,95.51000213623047,112.87999725341797,14.255000114440918,22.959999084472656,2785.679931640625,,,,,,,1.1200585392625186,0,0,0,0,0,0,0
2018-10-11,1198.0999755859375,1224.5999755859375,1196.300048828125,1223.5,126,95.0199966430664,115.77999877929688,14.53499984741211,24.979999542236328,2728.3701171875,,,,,,,-0.6460191948316173,0,0,0,0,0,0,0
2018-10-12,1221.5999755859375,1221.5999755859375,1216.0,1218.0999755859375,122,95.22000122070312,115.2300033569336,14.564000129699707,21.309999465942383,2767.1298828125,,,,,,,-0.8220574081700182,0,0,0,0,0,0,0
2018-10-15,1222.4000244140625,1232.300048828125,1222.4000244140625,1226.4000244140625,136,95.06999969482422,116.0,14.656000137329102,21.299999237060547,2750.7900390625,,,,,,,-0.873039483437071,0,0,0,0,0,0,0
2018-10-16,1227.0999755859375,1230.5,1227.0999755859375,1227.300048828125,426,95.05000305175781,115.80000305175781,14.630000114440918,17.6200008392334,2809.919921875,,,,,,,-2.22748896060338,0,0,0,0,0,0,0
2018-10-17,1225.9000244140625,1225.9000244140625,1223.699951171875,1223.699951171875,1,95.58000183105469,115.79000091552734,14.592000007629395,17.399999618530273,2809.2099609375,,,,,,,-0.5510898895394182,0,0,0,0,0,0,0
2018-10-18,1226.5,1226.5,1226.5,1226.5,165,95.9000015258789,115.91999816894531,14.532999992370605,20.059999465942383,2768.780029296875,,,,,,,-1.1896620472128037,0,0,0,0,0,0,0
2018-10-19,1225.300048828125,1225.300048828125,1225.300048828125,1225.300048828125,55,95.70999908447266,116.01000213623047,14.579000473022461,19.889999389648438,2767.780029296875,,,,,,,-0.1674145833556753,0,0,0,0,0,0,0
2018-10-22,1224.5,1224.5,1219.5999755859375,1221.199951171875,18,96.01000213623047,115.70999908447266,14.522000312805176,19.639999389648438,2755.8798828125,,,,,,,0.2805386640665058,0,0,0,0,0,0,0
2018-10-23,1224.800048828125,1237.800048828125,1224.800048828125,1233.4000244140625,33,95.95999908447266,116.38999938964844,14.727999687194824,20.709999084472656,2740.68994140625,,,,,,,-1.9809204309583226,0,0,0,0,0,0,0
2018-10-24,1231.5999755859375,1231.5999755859375,1227.800048828125,1227.800048828125,36,96.43000030517578,116.66000366210938,14.611000061035156,25.229999542236328,2656.10009765625,,,,,,,1.8016324678494897,0,0,0,0,0,0,0
2018-10-25,1238.5999755859375,1238.5999755859375,1229.0999755859375,1229.0999755859375,7,96.68000030517578,116.4000015258789,14.5649995803833,24.219999313354492,2705.570068359375,,,,,,,-0.020669477433047968,0,0,0,0,0,0,0
2018-10-26,1234.300048828125,1234.800048828125,1232.5,1232.5,20,96.36000061035156,116.7699966430664,14.635000228881836,24.15999984741211,2658.68994140625,,,,,,,0.20274456858257126,0,0,0,0,0,0,0
2018-10-29,1224.5,1224.5,1224.5,1224.5,214,96.58000183105469,116.30999755859375,14.376999855041504,24.700000762939453,2641.25,,,,,,,1.5775435910302016,0,0,0,0,0,0,0
2018-10-30,1227.699951171875,1227.699951171875,1219.800048828125,1222.5999755859375,72,97.01000213623047,115.80000305175781,14.402999877929688,23.350000381469727,2682.6298828125,,,,,,,0.014330431934847183,0,0,0,0,0,0,0
2018-10-31,1216.0,1216.5999755859375,1212.0,1212.300048828125,121,97.12999725341797,115.1500015258789,14.229000091552734,21.229999542236328,2711.739990234375,,,,,,,1.5094967103593775,0,0,0,0,0,0,0
2018-11-01,1215.4000244140625,1236.0,1215.4000244140625,1236.0,14,96.27999877929688,116.62999725341797,14.729000091552734,19.34000015258789,2740.3701171875,,,,,,,-1.9582949089224442,0,0,0,0,0,0,0
2018-11-02,1233.300048828125,1233.300048828125,1230.9000244140625,1230.9000244140625,18,96.54000091552734,116.6500015258789,14.706999778747559,19.510000228881836,2723.06005859375,,,,,,,0.27718066661345037,0,0,0,0,0,0,0
2018-11-05,1230.5999755859375,1231.5,1226.699951171875,1229.800048828125,15,96.3499984741211,116.37000274658203,14.604000091552734,19.959999084472656,2738.31005859375,,,,,,,-0.5040536361809146,0,0,0,0,0,0,0
2018-11-06,1230.699951171875,1233.800048828125,1223.800048828125,1223.800048828125,4,96.31999969482422,116.04000091552734,14.458000183105469,19.90999984741211,2755.449951171875,,,,,,,0.5640347142602882,0,0,0,0,0,0,0
2018-11-07,1228.5999755859375,1228.5999755859375,1226.199951171875,1226.199951171875,1,96.0,116.02999877929688,14.527999877929688,16.360000610351562,2813.889892578125,,,,,,,-0.49958413741404595,0,0,0,0,0,0,0
2018-11-08,1222.9000244140625,1222.9000244140625,1222.9000244140625,1222.9000244140625,2,96.63999938964844,115.77999877929688,14.38599967956543,16.719999313354492,2806.830078125,,,,,,,-0.2171047752144866,0,0,0,0,0,0,0
2018-11-09,1207.9000244140625,1207.9000244140625,1206.4000244140625,1206.4000244140625,14,96.91000366210938,114.4800033569336,14.102999687194824,17.360000610351562,2781.010009765625,,,,,,,0.9683911277515629,0,0,0,0,0,0,0
2018-11-12,1201.5999755859375,1201.5999755859375,1201.300048828125,1201.300048828125,1,97.54000091552734,113.66000366210938,13.973999977111816,20.450000762939453,2726.219970703125,,,,,,,-0.5492979754233146,0,0,0,0,0,0,0
2018-11-13,1196.300048828125,1201.300048828125,1196.300048828125,1199.199951171875,5,97.30000305175781,113.69999694824219,13.95199966430664,20.020000457763672,2722.179931640625,,,,,,,0.5155894995061263,0,0,0,0,0,0,0
2018-11-14,1207.9000244140625,1207.9000244140625,1207.9000244140625,1207.9000244140625,0,96.80000305175781,114.63999938964844,14.055000305175781,21.25,2701.580078125,,,,,,,1.0162623213849038,0,0,0,0,0,0,0
2018-11-15,1212.800048828125,1212.800048828125,1212.800048828125,1212.800048828125,0,96.93000030517578,114.7699966430664,14.237000465393066,19.979999542236328,2730.199951171875,,,,,,,-0.5242399413628569,0,0,0,0,0,0,0
2018-11-16,1216.699951171875,1223.800048828125,1216.699951171875,1220.800048828125,5,96.47000122070312,115.62000274658203,14.357999801635742,18.139999389648438,2736.27001953125,,,,,,,-0.030486157886579646,0,0,0,0,0,0,0
2018-11-19,1223.0999755859375,1223.0999755859375,1223.0999755859375,1223.0999755859375,0,96.19000244140625,115.66999816894531,14.380999565124512,20.100000381469727,2690.72998046875,,,,,,,-0.8690098769214157,0,0,0,0,0,0,0
2018-11-20,1225.300048828125,1228.800048828125,1219.0,1219.0,12,96.80999755859375,115.66999816894531,14.246999740600586,22.479999542236328,2641.889892578125,,,,,,,1.0894763448814309,0,0,0,0,0,0,0
2018-11-21,1225.800048828125,1225.800048828125,1225.800048828125,1225.800048828125,0,96.70999908447266,115.86000061035156,14.479999542236328,20.799999237060547,2649.929931640625,,,,,,,-1.2096772876296138,0,0,0,0,0,0,0
2018-11-23,1224.800048828125,1224.800048828125,1221.0,1221.0,1,96.91999816894531,115.7699966430664,14.220999717712402,21.520000457763672,2632.56005859375,,,,,,,0.6157337015038316,0,0,0,0,0,0,0
2018-11-26,1220.199951171875,1222.0,1220.199951171875,1220.199951171875,2,97.06999969482422,115.63999938964844,14.182999610900879,18.899999618530273,2673.449951171875,,,,,,,0.34247124384192595,0,0,0,0,0,0,0
2018-11-27,1221.9000244140625,1222.0,1211.199951171875,1211.199951171875,5,97.37000274658203,114.94999694824219,14.062000274658203,19.020000457763672,2682.169921875,,,,,,,1.2146037893025194,0,0,0,0,0,0,0
2018-11-28,1211.5,1221.4000244140625,1211.5,1221.4000244140625,247168,96.79000091552734,115.37999725341797,14.303000450134277,18.489999771118164,2743.7900390625,,,,,,,-1.7163817102481307,0,0,0,0,0,0,0
2018-11-29,1221.0,1228.699951171875,1220.5,1224.0999755859375,55478,96.77999877929688,115.73999786376953,14.27299976348877,18.790000915527344,2737.800048828125,,,,,,,-1.108041198333024,0,0,0,0,0,0,0
2018-11-30,1224.0999755859375,1225.0,1216.0999755859375,1220.199951171875,2060,97.2699966430664,115.54000091552734,14.093999862670898,18.06999969482422,2760.169921875,,,,,,,-0.19983078943272806,0,0,0,0,0,0,0
2018-12-03,1222.5,1234.0999755859375,1221.300048828125,1233.9000244140625,751,97.04000091552734,116.41000366210938,14.380999565124512,16.440000534057617,2790.3701171875,,,,,,,-2.3747139063438656,0,0,0,0,0,0,0
2018-12-04,1231.0,1241.4000244140625,1230.4000244140625,1241.0999755859375,474,96.97000122070312,117.12000274658203,14.520999908447266,20.739999771118164,2700.06005859375,,,,,,,-2.099257279492821,0,0,0,0,0,0,0
2018-12-06,1237.5,1244.4000244140625,1234.800048828125,1238.0999755859375,434,96.80999755859375,117.13999938964844,14.390000343322754,21.190000534057617,2695.949951171875,,,,,,,-0.56326117047236,0,0,0,0,0,0,0
2018-12-07,1238.300048828125,1249.800048828125,1237.5999755859375,1246.800048828125,211,96.51000213623047,118.08999633789062,14.571999549865723,23.229999542236328,2633.080078125,,,,,,,0.08292717888800764,0,0,0,0,0,0,0
2018-12-10,1249.5999755859375,1249.5999755859375,1241.699951171875,1243.699951171875,131,97.22000122070312,117.68000030517578,14.477999687194824,22.639999389648438,2637.719970703125,,,,,,,-0.48194395758353625,0,0,0,0,0,0,0
2018-12-11,1245.800048828125,1248.699951171875,1241.5,1241.9000244140625,117,97.38999938964844,117.54000091552734,14.49899959564209,21.760000228881836,2636.780029296875,,,,,,,-0.3216679046522323,0,0,0,0,0,0,0
2018-12-12,1245.300048828125,1245.5999755859375,1244.0999755859375,1244.4000244140625,84,97.04000091552734,117.79000091552734,14.725000381469727,21.459999084472656,2651.070068359375,,,,,,,-0.2430783920083526,0,0,0,0,0,0,0
2018-12-13,1243.5,1243.5,1241.0,1242.699951171875,194,97.05999755859375,117.52999877929688,14.729000091552734,20.649999618530273,2650.5400390625,,,,,,,-0.7348303690300012,0,0,0,0,0,0,0
2018-12-14,1241.699951171875,1241.699951171875,1234.0999755859375,1237.0,33,97.44000244140625,117.05999755859375,14.512999534606934,21.6299991607666,2599.949951171875,,,,,,,-0.39186114309182785,0,0,0,0,0,0,0
2018-12-17,1239.300048828125,1247.4000244140625,1239.300048828125,1247.4000244140625,10,97.0999984741211,117.87000274658203,14.638999938964844,24.520000457763672,2545.93994140625,,,,,,,-1.2325731861427616,0,0,0,0,0,0,0
2018-12-18,1248.199951171875,1249.199951171875,1245.5999755859375,1249.199951171875,31,97.13999938964844,118.1500015258789,14.585000038146973,25.579999923706055,2546.159912109375,,,,,,,-0.6661139611175058,0,0,0,0,0,0,0
2018-12-19,1255.800048828125,1255.800048828125,1252.0999755859375,1252.0999755859375,268,97.04000091552734,117.43000030517578,14.70199966430664,25.579999923706055,2506.9599609375,,,,,,,-4.4953538261359,0,0,0,0,0,0,0
2018-12-20,1243.199951171875,1263.5999755859375,1243.199951171875,1263.5999755859375,49,96.27999877929688,119.23999786376953,14.753000259399414,28.3799991607666,2467.419921875,,,,,,,-1.5033857666723558,0,0,0,0,0,0,0
2018-12-21,1260.300048828125,1261.300048828125,1253.800048828125,1253.800048828125,96,96.95999908447266,118.72000122070312,14.583000183105469,30.110000610351562,2416.6201171875,,,,,,,0.11994961930024446,0,0,0,0,0,0,0
2018-12-24,1260.300048828125,1268.5,1260.300048828125,1267.5,27,96.55000305175781,120.0199966430664,14.701000213623047,36.06999969482422,2351.10009765625,,,,,,,0.12486308324963434,0,0,0,0,0,0,0
2018-12-26,1269.300048828125,1277.4000244140625,1269.199951171875,1269.199951171875,63,97.05000305175781,119.66000366210938,15.003999710083008,30.40999984741211,2467.699951171875,,,,,,,-1.8501200260251764,0,0,0,0,0,0,0
2018-12-27,1276.699951171875,1277.300048828125,1276.699951171875,1277.300048828125,480,96.4800033569336,120.56999969482422,15.190999984741211,29.959999084472656,2488.830078125,,,,,,,-1.2520981475537292,0,0,0,0,0,0,0
2018-12-28,1273.5,1280.0999755859375,1273.5,1279.9000244140625,805,96.38999938964844,121.05999755859375,15.326000213623047,28.34000015258789,2485.739990234375,,,,,,,-0.3170521227305699,0,0,0,0,0,0,0
2018-12-31,1278.0,1281.300048828125,1277.5999755859375,1278.300048828125,19,96.16999816894531,121.25,15.432999610900879,25.420000076293945,2506.85009765625,,,,,,,0.9491882103282855,0,0,0,0,0,0,0
2019-01-02,1286.0,1286.0,1277.5999755859375,1281.0,149,96.81999969482422,121.33000183105469,15.541999816894531,23.219999313354492,2510.030029296875,,,,,,,0.3001263676427949,0,0,0,0,0,0,0
2019-01-03,1286.800048828125,1292.0,1286.699951171875,1291.800048828125,10,96.30999755859375,122.43000030517578,15.706000328063965,25.450000762939453,2447.889892578125,,,,,,,0.5807224778274684,0,0,0,0,0,0,0
2019-01-04,1294.199951171875,1294.199951171875,1275.300048828125,1282.699951171875,34,96.19000244140625,121.44000244140625,15.694999694824219,21.3799991607666,2531.93994140625,,,,,,,0.10084421431877476,0,0,0,0,0,0,0
2019-01-07,1286.800048828125,1286.800048828125,1286.5999755859375,1286.800048828125,2,95.70999908447266,121.86000061035156,15.668999671936035,21.399999618530273,2549.68994140625,,,,,,,0.2270849604971246,0,0,0,0,0,0,0
2019-01-08,1280.5,1283.199951171875,1278.199951171875,1283.199951171875,54,95.9000015258789,121.52999877929688,15.62600040435791,20.469999313354492,2574.409912109375,,,,,,,0.27065852179705285,0,0,0,0,0,0,0
2019-01-09,1279.4000244140625,1289.300048828125,1279.199951171875,1289.300048828125,102,95.22000122070312,122.30999755859375,15.652999877929688,19.979999542236328,2584.9599609375,,,,,,,1.0571879983947094,0,0,0,0,0,0,0
2019-01-10,1284.699951171875,1284.699951171875,1284.699951171875,1284.699951171875,0,95.54000091552734,121.58999633789062,15.560999870300293,19.5,2596.639892578125,,,,,,,-0.010751439618943925,0,0,0,0,0,0,0
2019-01-11,1291.199951171875,1291.199951171875,1286.300048828125,1287.0999755859375,11,95.66999816894531,121.80000305175781,15.57699966430664,18.190000534057617,2596.260009765625,,,,,,,-0.055298755076317305,0,0,0,0,0,0,0
2019-01-14,1292.4000244140625,1293.9000244140625,1289.0999755859375,1289.0999755859375,7,95.58999633789062,122.08999633789062,15.609000205993652,19.06999969482422,2582.610107421875,,,,,,,0.33010723040240914,0,0,0,0,0,0,0
2019-01-15,1290.0999755859375,1292.699951171875,1286.199951171875,1286.199951171875,3,95.97000122070312,121.87999725341797,15.545999526977539,18.600000381469727,2610.300048828125,,,,,,,0.567970989660764,0,0,0,0,0,0,0
2019-01-16,1291.5999755859375,1291.5999755859375,1291.5999755859375,1291.5999755859375,2,96.05999755859375,122.2699966430664,15.564000129699707,19.040000915527344,2616.10009765625,,,,,,,0.09044017684068728,0,0,0,0,0,0,0
2019-01-17,1291.5999755859375,1292.699951171875,1288.5,1291.0,10,96.06999969482422,122.11000061035156,15.467000007629395,18.059999465942383,2635.9599609375,,,,,,,-0.33373461360465645,0,0,0,0,0,0,0
2019-01-18,1281.300048828125,1281.300048828125,1281.300048828125,1281.300048828125,3,96.33999633789062,121.0199966430664,15.329999923706055,17.799999237060547,2670.7099609375,,,,,,,-0.997321727662984,0,0,0,0,0,0,0
2019-01-22,1282.5,1283.300048828125,1282.5,1282.5,7,96.30000305175781,121.44999694824219,15.258999824523926,20.799999237060547,2632.89990234375,,,,,,,0.23565420717795726,0,0,0,0,0,0,0
2019-01-23,1281.699951171875,1283.9000244140625,1278.699951171875,1283.0999755859375,14,96.12000274658203,121.27999877929688,15.317000389099121,19.520000457763672,2638.699951171875,,,,,,,-0.6453537766941746,0,0,0,0,0,0,0
2019-01-24,1279.0999755859375,1279.0999755859375,1278.5,1279.0999755859375,1,96.5999984741211,121.08999633789062,15.23799991607666,18.889999389648438,2642.330078125,,,,,,,0.1042425884985383,0,0,0,0,0,0,0
2019-01-25,1297.4000244140625,1297.4000244140625,1297.4000244140625,1297.4000244140625,0,95.79000091552734,122.86000061035156,15.638999938964844,17.420000076293945,2664.760009765625,,,,,,,0.22791568032970677,0,0,0,0,0,0,0
2019-01-28,1300.800048828125,1307.0999755859375,1298.4000244140625,1302.4000244140625,54,95.75,123.29000091552734,15.708999633789062,18.8700008392334,2643.85009765625,,,,,,,0.08734484310420085,0,0,0,0,0,0,0
2019-01-29,1308.199951171875,1308.199951171875,1308.199951171875,1308.199951171875,213607,95.81999969482422,123.9800033569336,15.78600025177002,19.1299991607666,2640.0,,,,,,,0.6508722606355548,0,0,0,0,0,0,0
2019-01-30,1310.4000244140625,1323.4000244140625,1308.0999755859375,1309.9000244140625,54958,95.33999633789062,124.69000244140625,15.880000114440918,17.65999984741211,2681.050048828125,,,,,,,2.663756947062346,0,0,0,0,0,0,0
2019-01-31,1320.0,1325.4000244140625,1316.699951171875,1319.699951171875,1970,95.58000183105469,124.75,16.02199935913086,16.56999969482422,2704.10009765625,,,,,,,-0.604674882556217,0,0,0,0,0,0,0
2019-02-01,1320.300048828125,1320.699951171875,1315.4000244140625,1316.9000244140625,878,95.58000183105469,124.5,15.880000114440918,16.139999389648438,2706.530029296875,,,,,,,-0.533192664685416,0,0,0,0,0,0,0
2019-02-04,1318.0999755859375,1318.0999755859375,1308.300048828125,1314.300048828125,675,95.8499984741211,123.95999908447266,15.836999893188477,15.729999542236328,2724.8701171875,,,,,,,-1.6190782892122477,0,0,0,0,0,0,0
2019-02-05,1311.0999755859375,1315.0999755859375,1311.0,1314.199951171875,362,96.0999984741211,124.27999877929688,15.789999961853027,15.569999694824219,2737.699951171875,,,,,,,-0.36646974552002487,0,0,0,0,0,0,0
2019-02-06,1312.5,1313.5,1305.0,1309.5,358,96.41999816894531,123.44000244140625,15.656000137329102,15.380000114440918,2731.610107421875,,,,,,,-1.8383819158314443,0,0,0,0,0,0,0
2019-02-07,1302.9000244140625,1310.4000244140625,1302.199951171875,1309.4000244140625,203,96.51000213623047,123.73999786376953,15.675000190734863,16.3700008392334,2706.050048828125,,,,,,,-0.6363499951888053,0,0,0,0,0,0,0
2019-02-08,1309.5,1314.0,1307.800048828125,1313.699951171875,122,96.63999938964844,124.20999908447266,15.77299976348877,15.720000267028809,2707.8798828125,,,,,,,-0.3740836957485126,0,0,0,0,0,0,0
2019-02-11,1313.4000244140625,1313.4000244140625,1304.699951171875,1307.0,119,97.05999755859375,123.5999984741211,15.656999588012695,15.970000267028809,2709.800048828125,,,,,,,-0.27851258628912895,0,0,0,0,0,0,0
2019-02-12,1310.0,1312.0,1307.5999755859375,1309.199951171875,109,96.70999908447266,123.86000061035156,15.65999984741211,15.430000305175781,2744.72998046875,,,,,,,-0.07264933908060218,0,0,0,0,0,0,0
2019-02-13,1311.5999755859375,1316.0,1308.0999755859375,1310.800048828125,143,97.12999725341797,123.37000274658203,15.62399959564209,15.649999618530273,2753.030029296875,,,,,,,-2.399525411744027,0,0,0,0,0,0,0
2019-02-14,1305.0,1311.800048828125,1301.5999755859375,1309.800048828125,858,96.9800033569336,124.05999755859375,15.5,16.219999313354492,2745.72998046875,,,,,,,0.5148109098017409,0,0,0,0,0,0,0
2019-02-15,1313.5999755859375,1318.800048828125,1313.5999755859375,1318.0999755859375,190,96.91999816894531,124.80000305175781,15.722999572753906,14.90999984741211,2775.60009765625,,,,,,,0.35690037622653736,0,0,0,0,0,0,0
2019-02-19,1320.9000244140625,1340.0999755859375,1320.5,1340.0999755859375,390,96.5199966430664,126.69999694824219,15.946999549865723,14.880000114440918,2779.760009765625,,,,,,,-0.2898549498818946,0,0,0,0,0,0,0
2019-02-20,1342.199951171875,1344.0,1338.0,1343.300048828125,581,96.44999694824219,126.4800033569336,16.156999588012695,14.020000457763672,2784.699951171875,,,,,,,-2.1128174132621464,0,0,0,0,0,0,0
2019-02-21,1331.300048828125,1334.9000244140625,1320.9000244140625,1323.5,414,96.61000061035156,125.05000305175781,15.791000366210938,14.460000038146973,2774.8798828125,,,,,,,-0.5183452577953004,0,0,0,0,0,0,0
2019-02-22,1324.199951171875,1331.300048828125,1321.0,1329.199951171875,718,96.51000213623047,125.5,15.907999992370605,13.510000228881836,2792.669921875,,,,,,,-0.8224596401316091,0,0,0,0,0,0,0
2019-02-25,1329.199951171875,1331.5999755859375,1325.5999755859375,1325.9000244140625,185,96.41000366210938,125.37000274658203,15.824999809265137,14.850000381469727,2796.110107421875,,,,,,,-0.14462872709972935,0,0,0,0,0,0,0
2019-02-26,1323.300048828125,1325.5,1323.300048828125,1325.0999755859375,939,96.0,125.58000183105469,15.82699966430664,15.170000076293945,2793.89990234375,,,,,,,0.8794567395729213,0,0,0,0,0,0,0
2019-02-27,1327.699951171875,1327.9000244140625,1316.5,1317.699951171875,604,96.1500015258789,124.69000244140625,15.67199993133545,14.699999809265137,2792.3798828125,,,,,,,0.203253960944282,0,0,0,0,0,0,0
2019-02-28,1321.0999755859375,1323.699951171875,1311.5,1312.800048828125,141,96.16000366210938,123.98999786376953,15.538000106811523,14.779999732971191,2784.489990234375,,,,,,,-0.652981877104416,0,0,0,0,0,0,0
2019-03-01,1312.199951171875,1312.199951171875,1288.9000244140625,1296.4000244140625,110,96.52999877929688,121.87999725341797,15.168999671936035,13.569999694824219,2803.68994140625,,,,,,,-2.604457707789248,0,0,0,0,0,0,0
2019-03-04,1285.5,1287.0,1281.9000244140625,1284.800048828125,28,96.68000030517578,121.55999755859375,15.017000198364258,14.630000114440918,2792.81005859375,,,,,,,0.21502233361346457,0,0,0,0,0,0,0
2019-03-05,1287.0,1287.0,1282.0,1282.0,114,96.8499984741211,121.72000122070312,15.020000457763672,14.739999771118164,2789.64990234375,,,,,,,1.7095510941637453,0,0,0,0,0,0,0
2019-03-06,1287.0999755859375,1287.0999755859375,1282.5999755859375,1284.9000244140625,14,96.87000274658203,121.61000061035156,15.003000259399414,15.739999771118164,2771.449951171875,,,,,,,0.3301543335539572,0,0,0,0,0,0,0
2019-03-07,1281.0,1284.5999755859375,1281.0,1283.800048828125,11,97.66999816894531,121.51000213623047,14.960000038146973,16.59000015258789,2748.929931640625,,,,,,,0.3253024776380366,0,0,0,0,0,0,0
2019-03-08,1292.0999755859375,1297.4000244140625,1291.5999755859375,1297.0,10,97.37000274658203,122.83999633789062,15.272000312805176,16.049999237060547,2743.070068359375,,,,,,,0.5925355854357182,0,0,0,0,0,0,0
2019-03-11,1291.0,1291.0,1288.800048828125,1288.800048828125,9,97.22000122070312,122.23999786376953,15.196999549865723,14.329999923706055,2783.300048828125,,,,,,,1.202328768179898,0,0,0,0,0,0,0
2019-03-12,1294.699951171875,1296.300048828125,1294.699951171875,1296.300048828125,1,96.94000244140625,122.9800033569336,15.338000297546387,13.770000457763672,2791.52001953125,,,,,,,1.2792745888413146,0,0,0,0,0,0,0
2019-03-13,1307.5,1307.5,1307.5,1307.5,0,96.55000305175781,123.83999633789062,15.380999565124512,13.40999984741211,2810.919921875,,,,,,,0.562054510534292,0,0,0,0,0,0,0
2019-03-14,1293.4000244140625,1293.4000244140625,1293.4000244140625,1293.4000244140625,1,96.79000091552734,122.41000366210938,15.10099983215332,13.5,2808.47998046875,,,,,,,0.22867698913440254,0,0,0,0,0,0,0
2019-03-15,1300.9000244140625,1304.699951171875,1300.5,1301.800048828125,26,96.5999984741211,122.97000122070312,15.253000259399414,12.880000114440918,2822.47998046875,,,,,,,-0.5802606885673608,0,0,0,0,0,0,0
2019-03-18,1297.300048828125,1302.199951171875,1297.300048828125,1300.300048828125,8,96.5199966430664,123.04000091552734,15.25100040435791,13.100000381469727,2832.93994140625,,,,,,,0.15805731711397464,0,0,0,0,0,0,0
2019-03-19,1306.9000244140625,1306.9000244140625,1304.800048828125,1305.0,20,96.37999725341797,123.37999725341797,15.300999641418457,13.5600004196167,2832.570068359375,,,,,,,-0.20118863049413774,0,0,0,0,0,0,0
2019-03-20,1300.699951171875,1300.699951171875,1300.5,1300.5,2,95.76000213623047,124.18000030517578,15.244999885559082,13.90999984741211,2824.22998046875,,,,,,,3.5786033449140957,0,0,0,0,0,0,0
2019-03-21,1306.0999755859375,1306.0999755859375,1306.0999755859375,1306.0999755859375,0,96.5,123.68000030517578,15.371999740600586,13.630000114440918,2854.8798828125,,,,,,,0.35789361112430174,0,0,0,0,0,0,0
2019-03-22,1311.5999755859375,1311.5999755859375,1311.5999755859375,1311.5999755859375,0,96.6500015258789,123.97000122070312,15.345000267028809,16.479999542236328,2800.7099609375,,,,,,,-0.44361277739867616,0,0,0,0,0,0,0
2019-03-25,1320.699951171875,1322.9000244140625,1320.699951171875,1321.9000244140625,19,96.56999969482422,124.91999816894531,15.506999969482422,16.329999923706055,2798.360107421875,,,,,,,-0.5371440903698921,0,0,0,0,0,0,0
2019-03-26,1315.5999755859375,1315.5999755859375,1314.300048828125,1314.300048828125,1,96.73999786376953,124.30000305175781,15.371000289916992,14.680000305175781,2818.4599609375,,,,,,,-0.19249700265696876,0,0,0,0,0,0,0
2019-03-27,1309.9000244140625,1309.9000244140625,1309.9000244140625,1309.9000244140625,206263,96.7699966430664,123.6500015258789,15.23900032043457,15.149999618530273,2805.3701171875,,,,,,,-0.9695679141701844,0,0,0,0,0,0,0
2019-03-28,1308.4000244140625,1311.0999755859375,1287.699951171875,1289.800048828125,87798,97.19999694824219,121.9000015258789,14.920999526977539,14.430000305175781,2815.43994140625,,,,,,,-0.4824577314788894,0,0,0,0,0,0,0
2019-03-29,1289.5999755859375,1298.5,1286.0999755859375,1293.0,1265,97.27999877929688,122.01000213623047,15.0600004196167,13.710000038146973,2834.39990234375,,,,,,,-1.1545675684064902,0,0,0,0,0,0,0
2019-04-01,1291.800048828125,1295.9000244140625,1285.699951171875,1288.4000244140625,675,97.25,121.52999877929688,15.050999641418457,13.399999618530273,2867.18994140625,,,,,,,-1.2804278765359958,0,0,0,0,0,0,0
2019-04-02,1286.300048828125,1290.9000244140625,1284.5,1290.0,525,97.36000061035156,121.9800033569336,15.017999649047852,13.359999656677246,2867.239990234375,,,,,,,-0.2229635711656163,0,0,0,0,0,0,0
2019-04-03,1291.4000244140625,1293.0999755859375,1287.5,1289.9000244140625,172,97.08999633789062,121.80000305175781,15.059000015258789,13.739999771118164,2873.39990234375,,,,,,,-0.7973195959307942,0,0,0,0,0,0,0
2019-04-04,1290.5999755859375,1292.5999755859375,1279.5,1289.0,269,97.30999755859375,122.11000061035156,15.041000366210938,13.579999923706055,2879.389892578125,,,,,,,0.587699449388388,0,0,0,0,0,0,0
2019-04-05,1292.0,1292.0,1283.5999755859375,1290.4000244140625,181,97.4000015258789,121.9800033569336,15.043000221252441,12.819999694824219,2892.739990234375,,,,,,,-0.32081606384070366,0,0,0,0,0,0,0
2019-04-08,1292.199951171875,1302.0999755859375,1291.800048828125,1297.0999755859375,63,97.05000305175781,122.51000213623047,15.17300033569336,13.180000305175781,2895.77001953125,,,,,,,-0.6613294626347153,0,0,0,0,0,0,0
2019-04-09,1298.5,1304.9000244140625,1298.5,1303.5,30,97.01000213623047,123.1500015258789,15.168000221252441,14.279999732971191,2878.199951171875,,,,,,,-0.521836088834314,0,0,0,0,0,0,0
2019-04-10,1304.0,1309.0999755859375,1301.5,1309.0999755859375,66,96.94999694824219,123.52999877929688,15.201000213623047,13.300000190734863,2888.2099609375,,,,,,,-1.0032906040023428,0,0,0,0,0,0,0
2019-04-11,1307.0,1307.0999755859375,1288.5999755859375,1288.5999755859375,420,97.18000030517578,121.94999694824219,14.824000358581543,13.020000457763672,2888.320068359375,,,,,,,0.2420610353890777,0,0,0,0,0,0,0
2019-04-12,1293.4000244140625,1293.4000244140625,1289.199951171875,1290.5999755859375,607,96.97000122070312,121.83000183105469,14.920000076293945,12.010000228881836,2907.409912109375,,,,,,,-0.8215620798962426,0,0,0,0,0,0,0
2019-04-15,1284.800048828125,1287.300048828125,1282.300048828125,1286.800048828125,523,96.94000244140625,121.5999984741211,14.947999954223633,12.319999694824219,2905.580078125,,,,,,,-0.3566910583992655,0,0,0,0,0,0,0
2019-04-16,1285.199951171875,1285.199951171875,1272.199951171875,1272.5999755859375,643,97.04000091552734,120.51000213623047,14.890999794006348,12.180000305175781,2907.06005859375,,,,,,,0.5424014031926319,0,0,0,0,0,0,0
2019-04-17,1273.5,1273.5,1271.5999755859375,1272.199951171875,308,97.01000213623047,120.27999877929688,14.920999526977539,12.600000381469727,2900.449951171875,,,,,,,-0.13245726776122504,0,0,0,0,0,0,0
2019-04-18,1270.800048828125,1273.5999755859375,1270.0999755859375,1271.9000244140625,27,97.47000122070312,120.37000274658203,14.937000274658203,12.09000015258789,2905.030029296875,,,,,,,0.2851986883562634,0,0,0,0,0,0,0
2019-04-22,1273.5,1273.5,1273.5,1273.5,147,97.27999877929688,120.37000274658203,14.956999778747559,12.420000076293945,2907.969970703125,,,,,,,-0.2585562730036536,0,0,0,0,0,0,0
2019-04-23,1266.4000244140625,1269.800048828125,1266.0,1269.300048828125,206,97.56999969482422,120.12000274658203,14.77299976348877,12.279999732971191,2933.679931640625,,,,,,,0.2718364600689274,0,0,0,0,0,0,0
2019-04-24,1268.4000244140625,1275.5,1267.800048828125,1275.5,518,98.0999984741211,120.47000122070312,14.89799976348877,13.140000343322754,2927.25,,,,,,,-0.5654235895019688,0,0,0,0,0,0,0
2019-04-25,1280.5999755859375,1280.800048828125,1275.800048828125,1275.800048828125,95,98.19999694824219,120.56999969482422,14.861000061035156,13.25,2926.169921875,,,,,,,-0.29916773737564706,0,0,0,0,0,0,0
2019-04-26,1284.9000244140625,1284.9000244140625,1284.9000244140625,1284.9000244140625,804,98.01000213623047,121.37000274658203,15.001999855041504,12.729999542236328,2939.8798828125,,,,,,,-0.49427188461125265,0,0,0,0,0,0,0
2019-04-29,1284.800048828125,1284.9000244140625,1277.0999755859375,1278.5999755859375,568,97.86000061035156,120.83000183105469,14.843999862670898,13.109999656677246,2943.030029296875,,,,,,,-0.2871283333124041,0,0,0,0,0,0,0
2019-04-30,1281.699951171875,1283.300048828125,1280.800048828125,1282.800048828125,114,97.4800033569336,121.19999694824219,14.899999618530273,13.119999885559082,2945.830078125,,,,,,,-0.36380544461273406,0,0,0,0,0,0,0
2019-05-01,1278.699951171875,1283.300048828125,1278.699951171875,1281.4000244140625,70,97.69000244140625,120.4000015258789,14.645000457763672,14.800000190734863,2923.72998046875,,,,,,,-2.6857251365981933,0,0,0,0,0,0,0
2019-05-02,1269.199951171875,1270.800048828125,1266.5999755859375,1269.699951171875,63,97.83000183105469,119.94000244140625,14.539999961853027,14.420000076293945,2917.52001953125,,,,,,,-0.3532241261193602,0,0,0,0,0,0,0
2019-05-03,1270.0999755859375,1279.199951171875,1270.0999755859375,1279.199951171875,15,97.5199966430664,120.6500015258789,14.906999588012695,12.869999885559082,2945.639892578125,,,,,,,-1.0048684291800691,0,0,0,0,0,0,0
2019-05-06,1282.199951171875,1282.199951171875,1280.300048828125,1281.699951171875,12,97.5199966430664,120.80999755859375,14.857000350952148,15.4399995803833,2932.469970703125,,,,,,,-1.2651517888296948,0,0,0,0,0,0,0
2019-05-07,1280.5,1283.5,1280.5,1283.5,8,97.62999725341797,121.20999908447266,14.859999656677246,19.31999969482422,2884.050048828125,,,,,,,-0.43743766675164664,0,0,0,0,0,0,0
2019-05-08,1279.4000244140625,1279.4000244140625,1279.4000244140625,1279.4000244140625,5,97.62000274658203,120.91000366210938,14.791999816894531,19.399999618530273,2879.419921875,,,,,,,-0.14645784182361113,0,0,0,0,0,0,0
2019-05-09,1278.9000244140625,1285.0,1278.800048828125,1283.5,38,97.37000274658203,121.19999694824219,14.706999778747559,19.100000381469727,2870.719970703125,,,,,,,-0.4901347285901956,0,0,0,0,0,0,0
2019-05-10,1285.4000244140625,1286.5,1283.300048828125,1285.699951171875,6,97.33000183105469,121.43000030517578,14.72599983215332,16.040000915527344,2881.39990234375,,,,,,,-0.4024673563773578,0,0,0,0,0,0,0
2019-05-13,1286.699951171875,1300.0999755859375,1281.800048828125,1300.0999755859375,56,97.31999969482422,122.66999816894531,14.713000297546387,20.549999237060547,2811.8701171875,,,,,,,-0.8066946994410352,0,0,0,0,0,0,0
2019-05-14,1297.800048828125,1297.800048828125,1294.699951171875,1294.699951171875,6,97.52999877929688,122.45999908447266,14.751999855041504,18.059999465942383,2834.409912109375,,,,,,,0.25182854580708086,0,0,0,0,0,0,0
2019-05-15,1296.9000244140625,1296.9000244140625,1296.0,1296.300048828125,55,97.56999969482422,122.38999938964844,14.751999855041504,16.440000534057617,2850.9599609375,,,,,,,-0.5653840572829365,0,0,0,0,0,0,0
2019-05-16,1285.199951171875,1285.4000244140625,1285.0,1285.0,3,97.83999633789062,121.51000213623047,14.479000091552734,15.289999961853027,2876.320068359375,,,,,,,0.13023296221587508,0,0,0,0,0,0,0
2019-05-17,1280.0,1280.0,1274.5,1274.5,1,98.0,120.6500015258789,14.347999572753906,15.960000038146973,2859.530029296875,,,,,,,0.6246912951281175,0,0,0,0,0,0,0
2019-05-20,1276.0999755859375,1276.0999755859375,1276.0999755859375,1276.0999755859375,20,97.93000030517578,120.63999938964844,14.409000396728516,16.309999465942383,2840.22998046875,,,,,,,0.026875506730299897,0,0,0,0,0,0,0
2019-05-21,1272.0,1272.0,1272.0,1272.0,0,98.05999755859375,120.36000061035156,14.373000144958496,14.949999809265137,2864.360107421875,,,,,,,0.4019632867358921,0,0,0,0,0,0,0
2019-05-22,1273.5999755859375,1273.5999755859375,1273.5999755859375,1273.5999755859375,0,98.11000061035156,120.23999786376953,14.413999557495117,14.75,2856.27001953125,,,,,,,-0.6242183469926667,0,0,0,0,0,0,0
2019-05-23,1284.800048828125,1284.800048828125,1284.800048828125,1284.800048828125,0,97.8499984741211,121.16999816894531,14.57699966430664,16.920000076293945,2822.239990234375,,,,,,,-1.0880258200338453,0,0,0,0,0,0,0
2019-05-24,1283.0,1283.0,1283.0,1283.0,9,97.61000061035156,121.30000305175781,14.520000457763672,15.850000381469727,2826.06005859375,,,,,,,0.03521586386835092,0,0,0,0,0,0,0
2019-05-28,1276.5,1276.5,1276.5,1276.5,0,97.95999908447266,120.83000183105469,14.281000137329102,17.5,2802.389892578125,,,,,,,0.59224539864185,0,0,0,0,0,0,0
2019-05-29,1280.5999755859375,1280.5999755859375,1280.5999755859375,1280.5999755859375,189694,98.13999938964844,120.87000274658203,14.371999740600586,17.899999618530273,2783.02001953125,,,,,,,-0.7032354504794398,0,0,0,0,0,0,0
2019-05-30,1279.4000244140625,1288.300048828125,1273.9000244140625,1287.0999755859375,55573,98.13999938964844,121.69000244140625,14.460000038146973,17.299999237060547,2788.860107421875,,,,,,,0.06396677096171857,0,0,0,0,0,0,0
2019-05-31,1287.699951171875,1306.4000244140625,1287.5,1305.800048828125,2814,97.75,123.33000183105469,14.529999732971191,18.709999084472656,2752.06005859375,,,,,,,-0.4672574176555299,0,0,0,0,0,0,0
2019-06-03,1307.0,1327.800048828125,1307.0,1322.699951171875,812,97.13999938964844,125.11000061035156,14.70300006866455,18.860000610351562,2744.449951171875,,,,,,,0.24339481125468274,0,0,0,0,0,0,0
2019-06-04,1324.300048828125,1328.5999755859375,1320.800048828125,1323.4000244140625,302,97.06999969482422,125.1500015258789,14.732000350952148,16.969999313354492,2803.27001953125,,,,,,,0.179378574965416,0,0,0,0,0,0,0
2019-06-05,1328.9000244140625,1343.300048828125,1326.300048828125,1328.300048828125,622,97.37000274658203,125.47000122070312,14.753999710083008,16.09000015258789,2826.14990234375,,,,,,,-0.37639634370709296,0,0,0,0,0,0,0
2019-06-06,1330.800048828125,1338.699951171875,1326.199951171875,1337.5999755859375,161,97.02999877929688,125.87999725341797,14.868000030517578,15.930000305175781,2843.489990234375,,,,,,,-2.1115681757509233,0,0,0,0,0,0,0
2019-06-07,1333.0999755859375,1347.699951171875,1329.800048828125,1341.199951171875,240,96.61000061035156,126.58999633789062,14.994000434875488,16.299999237060547,2873.340087890625,,,,,,,-0.6718221196044537,0,0,0,0,0,0,0
2019-06-10,1335.800048828125,1336.5,1324.0999755859375,1324.699951171875,268,96.76000213623047,125.33000183105469,14.604999542236328,15.9399995803833,2886.72998046875,,,,,,,0.5119350492625133,0,0,0,0,0,0,0
2019-06-11,1328.4000244140625,1328.4000244140625,1319.0999755859375,1326.4000244140625,201,96.69000244140625,125.18000030517578,14.706000328063965,15.989999771118164,2885.719970703125,,,,,,,-0.6954084857305897,0,0,0,0,0,0,0
2019-06-12,1326.9000244140625,1334.5,1326.9000244140625,1331.9000244140625,139,97.0,125.83000183105469,14.722000122070312,15.90999984741211,2879.840087890625,,,,,,,-0.14651510048647712,0,0,0,0,0,0,0
2019-06-13,1331.5999755859375,1341.0999755859375,1331.5999755859375,1339.199951171875,157,97.01000213623047,126.5999984741211,14.871000289916992,15.819999694824219,2891.639892578125,,,,,,,0.19040416913125754,0,0,0,0,0,0,0
2019-06-14,1345.4000244140625,1355.4000244140625,1339.300048828125,1340.0999755859375,914,97.56999969482422,126.55999755859375,14.781999588012695,15.279999732971191,2886.97998046875,,,,,,,-0.3182792873779223,0,0,0,0,0,0,0
2019-06-17,1339.0,1340.300048828125,1335.0,1338.699951171875,76,97.55999755859375,126.4800033569336,14.814000129699707,15.350000381469727,2889.669921875,,,,,,,-0.09275673238586764,0,0,0,0,0,0,0
2019-06-18,1349.300048828125,1349.300048828125,1341.5999755859375,1346.5999755859375,29,97.63999938964844,127.12000274658203,14.979999542236328,15.149999618530273,2917.75,,,,,,,-0.5131200285337871,0,0,0,0,0,0,0
2019-06-19,1344.0,1344.5999755859375,1344.0,1344.5999755859375,129,97.12000274658203,127.88999938964844,14.944999694824219,14.329999923706055,2926.4599609375,,,,,,,4.072571185641845,0,0,0,0,0,0,0
2019-06-20,1381.5,1392.9000244140625,1379.5,1392.9000244140625,76,96.62999725341797,131.11000061035156,15.468999862670898,14.75,2954.179931640625,,,,,,,-2.2304671637465936,0,0,0,0,0,0,0
2019-06-21,1406.0,1406.0,1390.300048828125,1396.199951171875,35,96.22000122070312,131.97999572753906,15.27299976348877,15.399999618530273,2950.4599609375,,,,,,,0.3065978871382879,0,0,0,0,0,0,0
2019-06-24,1406.0,1420.5999755859375,1402.0999755859375,1414.300048828125,125,95.9800033569336,133.94000244140625,15.368000030517578,15.260000228881836,2945.35009765625,,,,,,,1.3795094884901173,0,0,0,0,0,0,0
2019-06-25,1418.0999755859375,1433.300048828125,1414.9000244140625,1414.9000244140625,105,96.16000366210938,134.1999969482422,15.291000366210938,16.280000686645508,2917.3798828125,,,,,,,2.1655731732025565,0,0,0,0,0,0,0
2019-06-26,1407.199951171875,1413.300048828125,1405.800048828125,1411.5999755859375,1333,96.20999908447266,132.97000122070312,15.282999992370605,16.209999084472656,2913.780029296875,,,,,,,-1.681307192243091,0,0,0,0,0,0,0
2019-06-27,1407.0,1410.800048828125,1399.800048828125,1408.4000244140625,437,96.19000244140625,132.83999633789062,15.204999923706055,15.819999694824219,2924.919921875,,,,,,,-0.9410674558949718,0,0,0,0,0,0,0
2019-06-28,1408.300048828125,1422.0,1408.300048828125,1409.699951171875,356,96.12999725341797,133.1999969482422,15.253000259399414,15.079999923706055,2941.760009765625,,,,,,,0.030545669800010725,0,0,0,0,0,0,0
2019-07-01,1386.5999755859375,1395.800048828125,1382.800048828125,1385.5999755859375,214,96.83999633789062,130.6199951171875,15.105999946594238,14.0600004196167,2964.330078125,,,,,,,-1.2381611887967707,0,0,0,0,0,0,0
2019-07-02,1391.0999755859375,1418.4000244140625,1390.800048828125,1404.5999755859375,38,96.7300033569336,133.41000366210938,15.154000282287598,12.930000305175781,2973.010009765625,,,,,,,2.6955413279236167,0,0,0,0,0,0,0
2019-07-03,1431.0,1434.0,1413.0999755859375,1417.699951171875,46,96.7699966430664,133.6300048828125,15.251999855041504,12.569999694824219,2995.820068359375,,,,,,,-1.2336914448255667,0,0,0,0,0,0,0
2019-07-05,1418.300048828125,1418.300048828125,1390.199951171875,1396.699951171875,20,97.25,132.13999938964844,14.918000221252441,13.279999732971191,2990.409912109375,,,,,,,0.6819553594136208,0,0,0,0,0,0,0
2019-07-08,1395.9000244140625,1397.0,1393.5999755859375,1397.0,14,97.37999725341797,131.2899932861328,14.972000122070312,13.960000038146973,2975.949951171875,,,,,,,-2.56382935580802,0,0,0,0,0,0,0
2019-07-09,1394.5,1397.5,1386.199951171875,1397.5,53,97.48999786376953,131.75,15.067999839782715,14.09000015258789,2979.6298828125,,,,,,,-1.0119335583880391,0,0,0,0,0,0,0
2019-07-10,1409.9000244140625,1410.0999755859375,1409.9000244140625,1410.0999755859375,50,97.0999984741211,133.8300018310547,15.147000312805176,13.029999732971191,2993.070068359375,,,,,,,2.1170831116605395,0,0,0,0,0,0,0
2019-07-11,1424.0,1424.0,1404.300048828125,1404.300048828125,6,97.05000305175781,132.6999969482422,15.067000389099121,12.930000305175781,2999.909912109375,,,,,,,0.06841271417714755,0,0,0,0,0,0,0
2019-07-12,1405.5999755859375,1410.0999755859375,1405.5999755859375,1409.9000244140625,8,96.80999755859375,133.52999877929688,15.16100025177002,12.390000343322754,3013.77001953125,,,,,,,1.1135934214453136,0,0,0,0,0,0,0
2019-07-15,1414.4000244140625,1415.0,1411.4000244140625,1411.4000244140625,25,96.93000030517578,133.52999877929688,15.289999961853027,12.680000305175781,3014.300048828125,,,,,,,0.6003849195736408,0,0,0,0,0,0,0
2019-07-16,1413.5999755859375,1413.699951171875,1405.0,1409.199951171875,13,97.4000015258789,132.39999389648438,15.600000381469727,12.859999656677246,3004.0400390625,,,,,,,-2.4454870385620002,0,0,0,0,0,0,0
2019-07-17,1404.5999755859375,1421.300048828125,1404.5999755859375,1421.300048828125,6,97.22000122070312,134.5800018310547,15.892999649047852,13.970000267028809,2984.419921875,,,,,,,0.9843976728294266,0,0,0,0,0,0,0
2019-07-18,1422.300048828125,1444.199951171875,1419.5,1426.0999755859375,66,96.79000091552734,136.47999572753906,16.1200008392334,13.529999732971191,2995.110107421875,,,,,,,4.573270542860528,0,0,0,0,0,0,0
2019-07-19,1440.5,1442.0,1425.0999755859375,1425.0999755859375,22,97.1500015258789,134.47000122070312,16.117000579833984,14.449999809265137,2976.610107421875,,,,,,,-0.5045505845900231,0,0,0,0,0,0,0
2019-07-22,1425.300048828125,1425.300048828125,1424.0,1425.300048828125,1,97.26000213623047,134.4499969482422,16.34000015258789,13.529999732971191,2985.030029296875,,,,,,,-0.5950430949705362,0,0,0,0,0,0,0
2019-07-23,1418.5999755859375,1421.300048828125,1416.300048828125,1420.0999755859375,5,97.70999908447266,133.69000244140625,16.405000686645508,12.609999656677246,3005.469970703125,,,,,,,-1.269391355742312,0,0,0,0,0,0,0
2019-07-24,1422.800048828125,1422.800048828125,1422.800048828125,1422.800048828125,20,97.7300033569336,134.3699951171875,16.554000854492188,12.069999694824219,3019.56005859375,,,,,,,-0.14892192812125646,0,0,0,0,0,0,0
2019-07-25,1413.9000244140625,1413.9000244140625,1413.9000244140625,1413.9000244140625,4,97.81999969482422,133.4199981689453,16.339000701904297,12.739999771118164,3003.669921875,,,,,,,-0.4295781623895313,0,0,0,0,0,0,0
2019-07-26,1422.800048828125,1423.0,1418.5,1418.5,5,98.01000213623047,133.63999938964844,16.325000762939453,12.15999984741211,3025.860107421875,,,,,,,-0.9712894969002328,0,0,0,0,0,0,0
2019-07-29,1419.5999755859375,1419.5999755859375,1419.5999755859375,1419.5999755859375,224267,98.04000091552734,134.52999877929688,16.368000030517578,12.829999923706055,3020.969970703125,,,,,,,1.0572703292716448,0,0,0,0,0,0,0
2019-07-30,1426.300048828125,1433.9000244140625,1422.0999755859375,1429.699951171875,73874,98.05000305175781,134.97999572753906,16.4950008392334,13.9399995803833,3013.179931640625,,,,,,,-0.2417684924812806,0,0,0,0,0,0,0
2019-07-31,1431.300048828125,1435.800048828125,1411.199951171875,1426.0999755859375,3294,98.5199966430664,133.2100067138672,16.34600067138672,16.1200008392334,2980.3798828125,,,,,,,-3.569288396492024,0,0,0,0,0,0,0
2019-08-01,1411.300048828125,1445.199951171875,1400.9000244140625,1420.9000244140625,2431,98.38999938964844,136.41000366210938,16.121000289916992,17.8700008392334,2953.56005859375,,,,,,,4.26079116104002,0,0,0,0,0,0,0
2019-08-02,1448.0,1448.0,1432.300048828125,1445.5999755859375,1873,98.0999984741211,135.88999938964844,16.222000122070312,17.610000610351562,2932.050048828125,,,,,,,-1.3522464392465279,0,0,0,0,0,0,0
2019-08-05,1440.4000244140625,1469.699951171875,1440.4000244140625,1464.5999755859375,1008,97.5,137.7899932861328,16.344999313354492,24.59000015258789,2844.739990234375,,,,,,,-1.1198270227951872,0,0,0,0,0,0,0
2019-08-06,1469.699951171875,1475.0,1457.699951171875,1472.4000244140625,460,97.62999725341797,138.91000366210938,16.405000686645508,20.170000076293945,2881.77001953125,,,,,,,-0.38976366249955996,0,0,0,0,0,0,0
2019-08-07,1473.5,1509.9000244140625,1473.199951171875,1507.300048828125,824,97.54000091552734,141.02000427246094,17.1560001373291,19.489999771118164,2883.97998046875,,,,,,,-2.3948709178996825,0,0,0,0,0,0,0
2019-08-08,1498.4000244140625,1508.5,1492.0,1497.699951171875,367,97.62000274658203,141.72999572753906,16.900999069213867,16.90999984741211,2938.090087890625,,,,,,,0.4201184122867635,0,0,0,0,0,0,0
2019-08-09,1506.199951171875,1507.5,1495.5999755859375,1496.5999755859375,74,97.48999786376953,141.25999450683594,16.89699935913086,17.969999313354492,2918.64990234375,,,,,,,-0.21948282036155428,0,0,0,0,0,0,0
2019-08-12,1496.0,1514.9000244140625,1488.0999755859375,1505.300048828125,257,97.37999725341797,142.6300048828125,17.038999557495117,21.09000015258789,2882.699951171875,,,,,,,0.7187096690773958,0,0,0,0,0,0,0
2019-08-13,1510.4000244140625,1531.4000244140625,1483.699951171875,1502.199951171875,672,97.80999755859375,141.77999877929688,16.95599937438965,17.520000457763672,2926.320068359375,,,,,,,-0.24171458916962343,0,0,0,0,0,0,0
2019-08-14,1500.0,1520.5,1497.0,1515.9000244140625,328,97.98999786376953,142.75,17.253000259399414,22.100000381469727,2840.60009765625,,,,,,,-0.7852827538866268,0,0,0,0,0,0,0
2019-08-15,1519.800048828125,1522.699951171875,1510.5999755859375,1519.5999755859375,87,98.13999938964844,143.6999969482422,17.187999725341797,21.18000030517578,2847.60009765625,,,,,,,0.24545879757704914,0,0,0,0,0,0,0
2019-08-16,1524.5999755859375,1524.5999755859375,1504.699951171875,1512.5,1815,98.13999938964844,142.77999877929688,17.09600067138672,18.469999313354492,2888.679931640625,,,,,,,-0.17192011916728386,0,0,0,0,0,0,0
2019-08-19,1507.199951171875,1507.5999755859375,1492.9000244140625,1500.4000244140625,205,98.3499984741211,141.11000061035156,16.913999557495117,16.8799991607666,2923.64990234375,,,,,,,-1.0597219692565052,0,0,0,0,0,0,0
2019-08-20,1497.5,1506.0999755859375,1497.5,1504.5999755859375,486,98.19000244140625,142.2100067138672,17.121999740600586,17.5,2900.510009765625,,,,,,,0.1563082408311857,0,0,0,0,0,0,0
2019-08-21,1504.9000244140625,1505.0,1498.800048828125,1504.5999755859375,350,98.30000305175781,141.75999450683594,17.125,15.800000190734863,2924.429931640625,,,,,,,-0.6083255929196608,0,0,0,0,0,0,0
2019-08-22,1495.0999755859375,1497.300048828125,1493.800048828125,1497.300048828125,686,98.16999816894531,141.39999389648438,17.013999938964844,16.68000030517578,2922.949951171875,,,,,,,-0.04847011755435027,0,0,0,0,0,0,0
2019-08-23,1493.5,1527.5999755859375,1493.5,1526.5999755859375,983,97.63999938964844,144.1699981689453,17.395000457763672,19.8700008392334,2847.110107421875,,,,,,,-0.03905466590966992,0,0,0,0,0,0,0
2019-08-26,1543.199951171875,1543.300048828125,1524.300048828125,1526.300048828125,334,98.08000183105469,144.19000244140625,17.624000549316406,19.31999969482422,2878.3798828125,,,,,,,0.05058987994671326,0,0,0,0,0,0,0
2019-08-27,1530.5,1542.0999755859375,1528.5,1541.0,166,98.0,145.57000732421875,18.138999938964844,20.309999465942383,2869.159912109375,,,,,,,0.03270603366740499,0,0,0,0,0,0,0
2019-08-28,1538.0999755859375,1538.0999755859375,1537.800048828125,1537.800048828125,2756,98.20999908447266,145.16000366210938,18.304000854492188,19.350000381469727,2887.93994140625,,,,,,,-0.14265568509510873,0,0,0,0,0,0,0
2019-08-29,1537.5,1549.300048828125,1519.5999755859375,1526.5,704,98.51000213623047,144.1199951171875,18.16699981689453,17.8799991607666,2924.580078125,,,,,,,-0.09590774433524094,0,0,0,0,0,0,0
2019-08-30,1524.5999755859375,1530.4000244140625,1516.699951171875,1519.0999755859375,276,98.91999816894531,143.75,18.184999465942383,18.979999542236328,2926.4599609375,,,,,,,0.46288227531092535,0,0,0,0,0,0,0
2019-09-03,1522.9000244140625,1547.300048828125,1521.0,1545.9000244140625,139,98.94999694824219,145.75,19.07900047302246,19.65999984741211,2906.27001953125,,,,,,,-0.42331009829898475,0,0,0,0,0,0,0
2019-09-04,1549.0,1553.199951171875,1534.800048828125,1550.300048828125,46,98.44999694824219,146.66000366210938,19.391000747680664,17.329999923706055,2937.780029296875,,,,,,,0.3971235667045141,0,0,0,0,0,0,0
2019-09-05,1551.0,1551.0999755859375,1511.0999755859375,1515.4000244140625,125,98.41000366210938,143.13999938964844,18.6560001373291,16.270000457763672,2976.0,,,,,,,0.010277860718345374,0,0,0,0,0,0,0
2019-09-06,1517.300048828125,1526.0,1504.5,1506.199951171875,54,98.38999938964844,141.9199981689453,17.968000411987305,15.0,2978.7099609375,,,,,,,-0.5877754128198222,0,0,0,0,0,0,0
2019-09-09,1509.0,1513.0,1498.0,1502.199951171875,69,98.27999877929688,141.38999938964844,18.018999099731445,15.270000457763672,2978.429931640625,,,,,,,-0.8286107461601143,0,0,0,0,0,0,0
2019-09-10,1498.5,1498.5,1486.9000244140625,1490.300048828125,23,98.33000183105469,140.17999267578125,18.041000366210938,15.199999809265137,2979.389892578125,,,,,,,-0.964506849631346,0,0,0,0,0,0,0
2019-09-11,1491.699951171875,1496.5999755859375,1490.199951171875,1494.4000244140625,8,98.6500015258789,141.02999877929688,18.0310001373291,14.609999656677246,3000.929931640625,,,,,,,-0.1633966570609172,0,0,0,0,0,0,0
2019-09-12,1499.5,1515.4000244140625,1498.699951171875,1498.699951171875,27,98.30999755859375,141.32000732421875,18.041000366210938,14.220000267028809,3009.570068359375,,,,,,,-0.35161025878778623,0,0,0,0,0,0,0
2019-09-13,1490.9000244140625,1490.9000244140625,1486.9000244140625,1490.9000244140625,1,98.26000213623047,140.14999389648438,17.43600082397461,13.739999771118164,3007.389892578125,,,,,,,-1.070637622343828,0,0,0,0,0,0,0
2019-09-16,1506.5999755859375,1506.800048828125,1496.9000244140625,1503.0999755859375,21,98.6500015258789,141.32000732421875,17.900999069213867,14.670000076293945,2997.9599609375,,,,,,,-1.0046721658413695,0,0,0,0,0,0,0
2019-09-17,1497.9000244140625,1505.0999755859375,1497.9000244140625,1505.0999755859375,3,98.26000213623047,141.60000610351562,18.016000747680664,14.4399995803833,3005.699951171875,,,,,,,-0.8332278983930841,0,0,0,0,0,0,0
2019-09-18,1508.9000244140625,1509.4000244140625,1489.300048828125,1507.5,8,98.5999984741211,140.7100067138672,17.795000076293945,13.949999809265137,3006.72998046875,,,,,,,-2.538880052887864,0,0,0,0,0,0,0
2019-09-19,1496.0999755859375,1502.4000244140625,1496.0999755859375,1498.4000244140625,10,98.2699966430664,141.27999877929688,17.773000717163086,14.050000190734863,3006.7900390625,,,,,,,-0.2437946130020215,0,0,0,0,0,0,0
2019-09-20,1503.0,1507.300048828125,1503.0,1507.300048828125,2,98.51000213623047,142.9499969482422,17.738000869750977,15.319999694824219,2992.070068359375,,,,,,,1.0779701128225554,0,0,0,0,0,0,0
2019-09-23,1515.5,1523.699951171875,1515.5,1523.699951171875,5,98.5999984741211,143.75,18.600000381469727,14.90999984741211,2991.780029296875,,,,,,,-0.1061936738523245,0,0,0,0,0,0,0
2019-09-24,1515.0999755859375,1533.0,1515.0999755859375,1532.0999755859375,25,98.33999633789062,144.50999450683594,18.517000198364258,17.049999237060547,2966.60009765625,,,,,,,-0.13879375560311993,0,0,0,0,0,0,0
2019-09-25,1527.5999755859375,1527.9000244140625,1504.5999755859375,1504.5999755859375,25,99.04000091552734,141.8300018310547,17.961999893188477,15.960000038146973,2984.8701171875,,,,,,,-0.28201820534357636,0,0,0,0,0,0,0
2019-09-26,1507.5,1507.5,1507.5,1507.5,8178,99.20999908447266,141.7899932861328,17.801000595092773,16.06999969482422,2977.6201171875,,,,,,,-0.7781481750071764,0,0,0,0,0,0,0
2019-09-27,1504.199951171875,1506.0999755859375,1485.5999755859375,1499.0999755859375,7827,99.11000061035156,141.05999755859375,17.552000045776367,17.219999313354492,2961.7900390625,,,,,,,-0.6630969714268304,0,0,0,0,0,0,0
2019-09-30,1495.9000244140625,1495.9000244140625,1463.5,1465.699951171875,1078,99.37999725341797,138.8699951171875,16.898000717163086,16.239999771118164,2976.739990234375,,,,,,,0.8958787475586097,0,0,0,0,0,0,0
2019-10-01,1468.699951171875,1485.5,1458.300048828125,1482.0,219,99.12999725341797,139.6300048828125,17.20199966430664,18.559999465942383,2940.25,,,,,,,-0.36165239655085324,0,0,0,0,0,0,0
2019-10-02,1476.5999755859375,1503.699951171875,1474.0999755859375,1501.0,205,99.04000091552734,141.25999450683594,17.591999053955078,20.559999465942383,2887.610107421875,,,,,,,-0.6168536908738348,0,0,0,0,0,0,0
2019-10-03,1497.4000244140625,1518.199951171875,1496.5999755859375,1507.0999755859375,1213,98.86000061035156,141.89999389648438,17.584999084472656,19.1200008392334,2910.6298828125,,,,,,,-0.49227616890318826,0,0,0,0,0,0,0
2019-10-04,1505.5999755859375,1508.699951171875,1497.0999755859375,1506.199951171875,233,98.80999755859375,141.89999389648438,17.540000915527344,17.040000915527344,2952.010009765625,,,,,,,-0.3651744068501199,0,0,0,0,0,0,0
2019-10-07,1504.800048828125,1505.800048828125,1489.0999755859375,1497.699951171875,121,98.98999786376953,140.69000244140625,17.457000732421875,17.860000610351562,2938.7900390625,,,,,,,-1.0188169213585874,0,0,0,0,0,0,0
2019-10-08,1489.4000244140625,1506.300048828125,1489.300048828125,1497.199951171875,46,99.13999938964844,141.9199981689453,17.617000579833984,20.280000686645508,2893.06005859375,,,,,,,1.0828158265049794,0,0,0,0,0,0,0
2019-10-09,1507.699951171875,1507.699951171875,1498.4000244140625,1506.0999755859375,120,99.12000274658203,142.0500030517578,17.72800064086914,18.639999389648438,2919.39990234375,,,,,,,-0.07849181632815552,0,0,0,0,0,0,0
2019-10-10,1511.199951171875,1511.199951171875,1490.5999755859375,1494.800048828125,78,98.70999908447266,140.80999755859375,17.520000457763672,17.56999969482422,2938.1298828125,,,,,,,-0.34814789826770465,0,0,0,0,0,0,0
2019-10-11,1491.9000244140625,1494.9000244140625,1476.9000244140625,1482.699951171875,57,98.30000305175781,140.02999877929688,17.461999893188477,15.579999923706055,2970.27001953125,,,,,,,0.2614455152693642,0,0,0,0,0,0,0
2019-10-14,1484.4000244140625,1493.5,1481.300048828125,1491.699951171875,400,98.44999694824219,140.58999633789062,17.634000778198242,14.569999694824219,2966.14990234375,,,,,,,-0.23576258278648957,0,0,0,0,0,0,0
2019-10-15,1488.9000244140625,1495.4000244140625,1476.5999755859375,1477.5999755859375,367,98.29000091552734,139.61000061035156,17.308000564575195,13.539999961853027,2995.679931640625,,,,,,,0.3661707070865295,0,0,0,0,0,0,0
2019-10-16,1482.0,1488.0,1480.0,1488.0,383,98.01000213623047,140.41000366210938,17.35099983215332,13.680000305175781,2989.68994140625,,,,,,,0.12299317679996154,0,0,0,0,0,0,0
2019-10-17,1486.199951171875,1493.199951171875,1485.800048828125,1492.300048828125,271,97.61000061035156,140.61000061035156,17.535999298095703,13.789999961853027,2997.949951171875,,,,,,,-0.2576580859427387,0,0,0,0,0,0,0
2019-10-18,1487.300048828125,1489.0999755859375,1486.5999755859375,1488.199951171875,82,97.27999877929688,140.4600067138672,17.50200080871582,14.25,2986.199951171875,,,,,,,0.18524879575895162,0,0,0,0,0,0,0
2019-10-21,1489.9000244140625,1489.9000244140625,1481.5,1482.4000244140625,72,97.33000183105469,139.7899932861328,17.525999069213867,14.0,3006.719970703125,,,,,,,-0.05373122904088027,0,0,0,0,0,0,0
2019-10-22,1483.4000244140625,1483.5,1481.699951171875,1481.699951171875,99,97.52999877929688,140.1999969482422,17.437000274658203,14.460000038146973,2995.989990234375,,,,,,,0.8364614310250124,0,0,0,0,0,0,0
2019-10-23,1486.4000244140625,1490.300048828125,1486.4000244140625,1489.9000244140625,67,97.47000122070312,140.52999877929688,17.517000198364258,14.010000228881836,3004.52001953125,,,,,,,0.0018040167238174286,0,0,0,0,0,0,0
2019-10-24,1490.5,1501.199951171875,1485.9000244140625,1498.9000244140625,115,97.62999725341797,141.52999877929688,17.73900032043457,13.710000038146973,3010.2900390625,,,,,,,0.27430473411086803,0,0,0,0,0,0,0
2019-10-25,1501.4000244140625,1514.300048828125,1499.0,1499.5,93,97.83000183105469,141.86000061035156,17.861000061035156,12.649999618530273,3022.550048828125,,,,,,,0.7969973533763913,0,0,0,0,0,0,0
2019-10-28,1504.0999755859375,1504.0999755859375,1490.0,1490.0,37,97.76000213623047,140.63999938964844,17.81599998474121,13.109999656677246,3039.419921875,,,,,,,0.19076332588828443,0,0,0,0,0,0,0
2019-10-29,1485.9000244140625,1487.0,1485.9000244140625,1487.0,425,97.69000244140625,140.25,17.770999908447266,13.199999809265137,3036.889892578125,,,,,,,-0.05535738084655971,0,0,0,0,0,0,0
2019-10-30,1487.199951171875,1495.4000244140625,1481.0,1493.199951171875,320,97.6500015258789,141.02000427246094,17.815000534057617,12.329999923706055,3046.77001953125,,,,,,,0.5029216058691787,0,0,0,0,0,0,0
2019-10-31,1496.0999755859375,1513.0999755859375,1496.0999755859375,1511.4000244140625,210,97.3499984741211,142.42999267578125,18.013999938964844,13.220000267028809,3037.56005859375,,,,,,,-0.30363294627256715,0,0,0,0,0,0,0
2019-11-01,1511.0,1511.5999755859375,1503.0,1508.0,235,97.23999786376953,142.55999755859375,18.003999710083008,12.300000190734863,3066.909912109375,,,,,,,0.8349075420785431,0,0,0,0,0,0,0
2019-11-04,1511.5999755859375,1511.5999755859375,1508.0,1508.0,101,97.51000213623047,142.14999389648438,18.013999938964844,12.829999923706055,3078.27001953125,,,,,,,-0.2225733857642781,0,0,0,0,0,0,0
2019-11-05,1507.0999755859375,1507.0999755859375,1480.800048828125,1480.800048828125,31,97.9800033569336,139.85000610351562,17.516000747680664,13.100000381469727,3074.6201171875,,,,,,,0.4525080794357748,0,0,0,0,0,0,0
2019-11-06,1483.199951171875,1491.0,1483.199951171875,1490.199951171875,567,97.94999694824219,140.4499969482422,17.558000564575195,12.619999885559082,3076.780029296875,,,,,,,-0.3405992894770969,0,0,0,0,0,0,0
2019-11-07,1489.0999755859375,1489.0999755859375,1464.199951171875,1464.199951171875,581,98.13999938964844,138.27000427246094,16.969999313354492,12.729999542236328,3085.179931640625,,,,,,,0.4445580738403645,0,0,0,0,0,0,0
2019-11-08,1469.0999755859375,1469.0999755859375,1461.300048828125,1461.300048828125,21,98.3499984741211,137.38999938964844,16.783000946044922,12.069999694824219,3093.080078125,,,,,,,-1.2923394630663643,0,0,0,0,0,0,0
2019-11-11,1461.0,1461.0,1449.300048828125,1455.5,22,98.19999694824219,137.05999755859375,16.761999130249023,12.6899995803833,3087.010009765625,,,,,,,-0.6363832842074144,0,0,0,0,0,0,0
2019-11-12,1454.9000244140625,1454.9000244140625,1447.0999755859375,1452.0999755859375,6,98.30999755859375,137.42999267578125,16.677000045776367,12.680000305175781,3091.840087890625,,,,,,,1.3635436891275738,0,0,0,0,0,0,0
2019-11-13,1456.800048828125,1463.300048828125,1456.800048828125,1461.699951171875,56,98.37000274658203,137.97999572753906,16.898000717163086,13.0,3094.0400390625,,,,,,,0.332740632563284,0,0,0,0,0,0,0
2019-11-14,1463.800048828125,1471.800048828125,1463.699951171875,1471.800048828125,83,98.16000366210938,138.55999755859375,17.01300048828125,13.050000190734863,3096.6298828125,,,,,,,-0.7363166953855036,0,0,0,0,0,0,0
2019-11-15,1469.0999755859375,1469.0999755859375,1467.300048828125,1467.300048828125,13,98.0,138.2100067138672,16.933000564575195,12.050000190734863,3120.4599609375,,,,,,,-0.5359545330575737,0,0,0,0,0,0,0
2019-11-18,1472.0,1472.0,1469.699951171875,1470.9000244140625,141,97.79000091552734,138.6199951171875,16.985000610351562,12.460000038146973,3122.030029296875,,,,,,,-0.3108188470186374,0,0,0,0,0,0,0
2019-11-19,1467.699951171875,1474.300048828125,1467.699951171875,1473.300048828125,18,97.86000061035156,138.69000244140625,17.10300064086914,12.859999656677246,3120.179931640625,,,,,,,-0.7623265145183336,0,0,0,0,0,0,0
2019-11-20,1472.5999755859375,1474.5,1467.300048828125,1473.300048828125,31,97.93000030517578,138.75999450683594,17.100000381469727,12.779999732971191,3108.4599609375,,,,,,,-0.5395844874992003,0,0,0,0,0,0,0
2019-11-21,1463.0999755859375,1463.0999755859375,1463.0999755859375,1463.0999755859375,16,97.98999786376953,138.0,17.049999237060547,13.130000114440918,3103.5400390625,,,,,,,0.06155476233549746,0,0,0,0,0,0,0
2019-11-22,1468.5999755859375,1468.5999755859375,1463.0999755859375,1463.0999755859375,19,98.2699966430664,137.74000549316406,16.985000610351562,12.34000015258789,3110.2900390625,,,,,,,-0.6861868617803133,0,0,0,0,0,0,0
2019-11-25,1457.0999755859375,1457.0999755859375,1455.5,1456.5999755859375,14,98.31999969482422,137.0800018310547,16.871000289916992,11.869999885559082,3133.639892578125,,,,,,,-0.8038862626246279,0,0,0,0,0,0,0
2019-11-26,1459.800048828125,1459.800048828125,1459.800048828125,1459.800048828125,346362,98.25,137.74000549316406,17.030000686645508,11.539999961853027,3140.52001953125,,,,,,,0.2633920784579081,0,0,0,0,0,0,0
2019-11-27,1461.0999755859375,1461.9000244140625,1452.0,1453.4000244140625,88364,98.41000366210938,137.00999450683594,16.91200065612793,11.75,3153.6298828125,,,,,,,-0.10306750662434759,0,0,0,0,0,0,0
2019-11-29,1453.5999755859375,1465.5999755859375,1452.0999755859375,1465.5999755859375,7020,98.2699966430664,137.86000061035156,16.9689998626709,12.619999885559082,3140.97998046875,,,,,,,-0.9629642667768061,0,0,0,0,0,0,0
2019-12-02,1462.800048828125,1464.4000244140625,1453.300048828125,1462.300048828125,2172,97.86000061035156,137.7899932861328,16.836000442504883,14.90999984741211,3113.8701171875,,,,,,,-0.23795709039312568,0,0,0,0,0,0,0
2019-12-03,1461.5999755859375,1480.4000244140625,1459.5,1478.199951171875,1460,97.73999786376953,139.11000061035156,17.125,15.960000038146973,3093.199951171875,,,,,,,-0.7408929204788506,0,0,0,0,0,0,0
2019-12-04,1477.5,1483.4000244140625,1471.199951171875,1474.0,613,97.6500015258789,138.9199981689453,16.797000885009766,14.800000190734863,3112.760009765625,,,,,,,-0.1089230117353598,0,0,0,0,0,0,0
2019-12-05,1474.699951171875,1478.0,1472.300048828125,1476.9000244140625,907,97.41000366210938,139.0,16.941999435424805,14.520000457763672,3117.429931640625,,,,,,,-0.6827094445937616,0,0,0,0,0,0,0
2019-12-06,1475.0,1476.0,1458.199951171875,1459.0999755859375,899,97.69999694824219,137.6199951171875,16.481000900268555,13.619999885559082,3145.909912109375,,,,,,,0.2034985750614877,0,0,0,0,0,0,0
2019-12-09,1458.800048828125,1464.199951171875,1458.5999755859375,1459.300048828125,1461,97.63999938964844,137.5800018310547,16.531999588012695,15.859999656677246,3135.9599609375,,,,,,,0.008379848931884204,0,0,0,0,0,0,0
2019-12-10,1460.699951171875,1467.199951171875,1460.699951171875,1462.5999755859375,367,97.41000366210938,137.97000122070312,16.59600067138672,15.680000305175781,3132.52001953125,,,,,,,0.2537736392439943,0,0,0,0,0,0,0
2019-12-11,1463.0999755859375,1475.4000244140625,1463.0999755859375,1469.4000244140625,393,97.16000366210938,138.9199981689453,16.743999481201172,14.989999771118164,3141.6298828125,,,,,,,1.1670444276786425,0,0,0,0,0,0,0
2019-12-12,1475.0999755859375,1483.9000244140625,1463.699951171875,1466.699951171875,955,97.4000015258789,138.42999267578125,16.844999313354492,13.9399995803833,3168.570068359375,,,,,,,0.43351992387903426,0,0,0,0,0,0,0
2019-12-13,1463.0999755859375,1475.9000244140625,1463.0999755859375,1475.5999755859375,468,97.16999816894531,139.0500030517578,16.91200065612793,12.630000114440918,3168.800048828125,,,,,,,-0.25473248987734987,0,0,0,0,0,0,0
2019-12-16,1473.800048828125,1475.300048828125,1473.800048828125,1475.0,99,97.06999969482422,139.0399932861328,17.018999099731445,12.140000343322754,3191.449951171875,,,,,,,-0.12553709370084756,0,0,0,0,0,0,0
2019-12-17,1474.0999755859375,1476.9000244140625,1474.0,1474.5999755859375,410,97.20999908447266,139.00999450683594,16.97800064086914,12.289999961853027,3192.52001953125,,,,,,,-0.20379973027978773,0,0,0,0,0,0,0
2019-12-18,1472.5999755859375,1472.5999755859375,1472.5999755859375,1472.5999755859375,250,97.41000366210938,139.02000427246094,16.952999114990234,12.579999923706055,3191.139892578125,,,,,,,0.5286081953465523,0,0,0,0,0,0,0
2019-12-19,1475.9000244140625,1478.9000244140625,1473.300048828125,1478.199951171875,319,97.41999816894531,139.3800048828125,17.058000564575195,12.5,3205.3701171875,,,,,,,-0.05561768919456341,0,0,0,0,0,0,0
2019-12-20,1476.699951171875,1478.0999755859375,1474.699951171875,1474.699951171875,118,97.70999908447266,139.52000427246094,17.128000259399414,12.510000228881836,3221.219970703125,,,,,,,1.7647404446302442,0,0,0,0,0,0,0
2019-12-23,1482.300048828125,1482.5,1479.9000244140625,1482.5,391,97.66000366210938,139.9499969482422,17.402999877929688,12.609999656677246,3224.010009765625,,,,,,,0.5545799172361103,0,0,0,0,0,0,0
2019-12-24,1488.699951171875,1499.0999755859375,1488.699951171875,1499.0999755859375,52,97.6500015258789,141.27000427246094,17.756999969482422,12.670000076293945,3223.3798828125,,,,,,,-0.39340798407382993,0,0,0,0,0,0,0
2019-12-26,1505.199951171875,1512.300048828125,1505.0,1509.300048828125,126,97.58999633789062,142.3800048828125,17.893999099731445,12.649999618530273,3239.909912109375,,,,,,,0.15192158983203735,0,0,0,0,0,0,0
2019-12-27,1513.800048828125,1513.800048828125,1513.800048828125,1513.800048828125,839,96.91999816894531,142.3300018310547,17.849000930786133,13.430000305175781,3240.02001953125,,,,,,,-1.661889768184053,0,0,0,0,0,0,0
2019-12-30,1512.5999755859375,1515.0999755859375,1510.0,1514.5,446,96.73999786376953,142.6300048828125,17.908000946044922,14.819999694824219,3221.2900390625,,,,,,,-0.7495527923530513,0,0,0,0,0,0,0
2019-12-31,1513.800048828125,1523.4000244140625,1513.800048828125,1519.5,301,96.38999938964844,142.89999389648438,17.827999114990234,13.779999732971191,3230.780029296875,,,,,,,-1.5144357288330519,0,0,0,0,0,0,0
2020-01-02,1518.0999755859375,1528.699951171875,1518.0,1524.5,214,96.8499984741211,143.9499969482422,17.965999603271484,12.470000267028809,3257.85009765625,,,,,,,0.7442154363610965,0,0,0,0,0,0,0
2020-01-03,1530.0999755859375,1552.699951171875,1530.0999755859375,1549.199951171875,107,96.83999633789062,145.86000061035156,18.06800079345703,14.020000457763672,3234.85009765625,,,,,,,-0.901975141983424,0,0,0,0,0,0,0
2020-01-06,1580.0,1580.0,1560.4000244140625,1566.199951171875,416,96.66999816894531,147.38999938964844,18.097000122070312,13.850000381469727,3246.280029296875,,,,,,,-1.1542569200408055,0,0,0,0,0,0,0
2020-01-07,1558.300048828125,1576.300048828125,1558.300048828125,1571.800048828125,47,96.9800033569336,147.97000122070312,18.31599998474121,13.789999961853027,3237.179931640625,,,,,,,-1.003050815905406,0,0,0,0,0,0,0
2020-01-08,1579.699951171875,1604.199951171875,1552.300048828125,1557.4000244140625,236,97.30000305175781,146.86000061035156,18.08799934387207,13.449999809265137,3253.050048828125,,,,,,,0.02183043267149584,0,0,0,0,0,0,0
2020-01-09,1555.699951171875,1555.699951171875,1543.300048828125,1551.699951171875,54,97.44999694824219,146.02999877929688,17.860000610351562,12.539999961853027,3274.699951171875,,,,,,,-1.2047839203429966,0,0,0,0,0,1,0
2020-01-10,1551.199951171875,1558.800048828125,1545.4000244140625,1557.5,16,97.36000061035156,146.91000366210938,18.033000946044922,12.5600004196167,3265.35009765625,,,,,,,0.2032735383467616,0,0,1,0,1,0,0
2020-01-13,1557.4000244140625,1558.0,1548.4000244140625,1548.4000244140625,48,97.3499984741211,145.82000732421875,17.926000595092773,12.319999694824219,3288.1298828125,,,,,,,-0.7642153331842066,0,0,0,0,0,1,1
2020-01-14,1546.699951171875,1546.699951171875,1534.9000244140625,1542.4000244140625,32,97.37000274658203,145.69000244140625,17.673999786376953,12.390000343322754,3283.14990234375,,,,,,,1.0825729180224737,0,1,0,0,1,0,0
2020-01-15,1548.0,1553.9000244140625,1545.5999755859375,1552.0999755859375,11,97.2300033569336,146.5399932861328,17.92300033569336,12.420000076293945,3289.2900390625,,,,,,,0.8146063399243032,0,0,0,0,0,0,1
2020-01-16,1555.699951171875,1556.0999755859375,1548.5,1549.0,98,97.31999969482422,146.30999755859375,17.875,12.319999694824219,3316.81005859375,,,,,,,1.0658542592147027,0,0,0,0,0,0,0
2020-01-17,1554.0999755859375,1558.800048828125,1553.5999755859375,1558.800048828125,108,97.61000061035156,146.5800018310547,18.01300048828125,12.100000381469727,3329.6201171875,,,,,,,-1.655532401241173,0,0,0,0,0,0,0
2020-01-21,1559.300048828125,1566.199951171875,1551.0,1556.4000244140625,45,97.52999877929688,146.74000549316406,17.750999450683594,12.850000381469727,3320.7900390625,,,,,,,-0.04373648171383629,0,0,0,0,0,0,0
2020-01-22,1549.800048828125,1557.0999755859375,1549.800048828125,1555.300048828125,42,97.52999877929688,146.7899932861328,17.770999908447266,12.90999984741211,3321.75,,,,,,,0.5868657493331132,0,0,0,0,0,0,0
2020-01-23,1553.0999755859375,1564.5999755859375,1552.199951171875,1564.5999755859375,15,97.69000244140625,147.1199951171875,17.773000717163086,12.979999542236328,3325.5400390625,,,,,,,-1.6422183698970918,0,0,0,0,0,0,0
2020-01-24,1556.300048828125,1571.0999755859375,1556.300048828125,1571.0999755859375,43,97.8499984741211,147.97999572753906,18.05699920654297,14.5600004196167,3295.469970703125,,,,,,,-0.5864097752806986,0,0,0,0,0,0,0
2020-01-27,1584.300048828125,1584.5,1576.800048828125,1576.800048828125,22,97.95999908447266,148.99000549316406,18.0,18.229999542236328,3243.6298828125,,,,,,,1.3630206525415527,0,0,0,0,0,0,0
2020-01-28,1576.4000244140625,1576.4000244140625,1569.199951171875,1569.199951171875,3,98.0199966430664,147.66000366210938,17.402000427246094,16.280000686645508,3276.239990234375,,,,,,,-1.151732858698497,0,0,0,0,0,1,0
2020-01-29,1569.800048828125,1569.800048828125,1569.800048828125,1569.800048828125,251274,97.98999786376953,148.4600067138672,17.430999755859375,16.389999389648438,3273.39990234375,,,,,,,1.941650370810098,1,0,0,0,1,0,0
2020-01-30,1576.800048828125,1585.0,1571.4000244140625,1583.5,62336,97.87000274658203,148.47000122070312,17.95199966430664,15.489999771118164,3283.659912109375,,,,,,,-3.028733551146909,0,0,0,0,0,1,1
2020-01-31,1573.4000244140625,1589.0,1570.0,1582.9000244140625,1095,97.38999938964844,149.3300018310547,17.972000122070312,18.84000015258789,3225.52001953125,,,,,,,0.4584039073105165,0,0,0,1,1,0,0
2020-02-03,1592.9000244140625,1593.300048828125,1568.199951171875,1577.199951171875,1062,97.80000305175781,148.36000061035156,17.639999389648438,17.969999313354492,3248.919921875,,,,,,,-1.1692952441488604,0,0,0,0,0,0,1
2020-02-04,1577.699951171875,1577.699951171875,1547.800048828125,1550.4000244140625,978,97.95999908447266,146.42999267578125,17.527999877929688,16.049999237060547,3297.590087890625,,,,,,,1.1320041332870427,0,0,0,0,0,0,0
2020-02-05,1553.199951171875,1560.699951171875,1547.699951171875,1557.800048828125,1305,98.2699966430664,146.61000061035156,17.569000244140625,15.149999618530273,3334.68994140625,,,,,,,-0.8642396170732886,0,0,0,0,0,0,0
2020-02-06,1553.5999755859375,1565.5999755859375,1551.5999755859375,1565.0999755859375,110,98.5,147.39999389648438,17.788999557495117,14.960000038146973,3345.780029296875,,,,,,,-0.44721489647070495,0,0,0,0,0,1,0
2020-02-07,1564.9000244140625,1571.9000244140625,1560.5,1568.5999755859375,431,98.68000030517578,147.7899932861328,17.665000915527344,15.470000267028809,3327.7099609375,,,,,,,-0.21060628491833572,0,0,1,0,1,0,0
2020-02-10,1569.300048828125,1574.699951171875,1568.5999755859375,1574.699951171875,128,98.83000183105469,148.1699981689453,17.757999420166016,15.039999961853027,3352.090087890625,,,,,,,-0.9305511246440824,0,0,0,0,0,0,1
2020-02-11,1570.9000244140625,1571.0999755859375,1561.9000244140625,1565.5999755859375,440,98.72000122070312,147.66000366210938,17.572999954223633,15.180000305175781,3357.75,,,,,,,0.39184119685810914,0,0,0,0,0,0,0
2020-02-12,1565.199951171875,1568.699951171875,1561.0,1567.4000244140625,36,99.05000305175781,147.5399932861328,17.47800064086914,13.739999771118164,3379.449951171875,,,,,,,-0.7441286575399764,0,0,0,0,0,1,0
2020-02-13,1570.199951171875,1575.0999755859375,1570.199951171875,1575.0999755859375,74,99.06999969482422,148.3800048828125,17.600000381469727,14.149999618530273,3373.93994140625,,,,,,,-0.26344296379708626,0,1,0,0,1,0,0
2020-02-14,1575.800048828125,1582.699951171875,1574.800048828125,1582.699951171875,68,99.12000274658203,149.0,17.71500015258789,13.680000305175781,3380.159912109375,,,,,,,-0.632629424147749,0,0,0,0,0,0,1
2020-02-18,1579.800048828125,1604.300048828125,1579.800048828125,1600.0,310,99.45999908447266,150.91000366210938,18.131000518798828,14.829999923706055,3370.2900390625,,,,,,,0.493016730837824,0,0,0,0,0,0,0
2020-02-19,1600.5999755859375,1610.5,1599.699951171875,1607.5,542,99.5999984741211,151.7899932861328,18.29199981689453,14.380000114440918,3386.14990234375,,,,,,,1.156049013447251,0,0,0,0,0,0,0
2020-02-20,1606.5,1621.0,1603.0,1616.5999755859375,117,99.87000274658203,152.41000366210938,18.30900001525879,15.5600004196167,3373.22998046875,,,,,,,0.19858285077625884,0,0,0,0,0,0,0
2020-02-21,1619.300048828125,1645.0,1619.300048828125,1644.5999755859375,186,99.26000213623047,154.6999969482422,18.520999908447266,17.079999923706055,3337.75,,,,,,,-1.156378434898751,0,0,0,0,0,0,0
2020-02-24,1657.0,1686.5999755859375,1650.0,1672.4000244140625,435,99.29000091552734,156.08999633789062,18.868000030517578,25.030000686645508,3225.889892578125,,,,,,,-4.637979298399792,0,0,0,0,0,0,0
2020-02-25,1645.0999755859375,1653.699951171875,1632.300048828125,1646.9000244140625,409,98.97000122070312,153.3000030517578,18.183000564575195,27.850000381469727,3128.2099609375,,,,,,,-4.672088824437884,0,0,0,0,0,0,0
2020-02-26,1644.0,1648.0999755859375,1636.4000244140625,1640.0,1990,99.0,153.97000122070312,17.826000213623047,27.559999465942383,3116.389892578125,,,,,,,-1.3254724811898013,0,0,0,0,0,0,0
2020-02-27,1641.0999755859375,1658.0,1638.5,1640.0,707,98.44000244140625,154.0,17.658000946044922,39.15999984741211,2978.760009765625,,,,,,,-1.2237798211400426,0,0,0,0,0,1,0
2020-02-28,1640.300048828125,1642.5,1564.0999755859375,1564.0999755859375,289,98.12999725341797,148.3800048828125,16.386999130249023,40.11000061035156,2954.219970703125,,,,,,,2.5014057514789636,0,0,0,1,1,0,0
2020-03-02,1583.9000244140625,1608.300048828125,1574.300048828125,1592.300048828125,537,97.36000061035156,149.1999969482422,16.679000854492188,33.41999816894531,3090.22998046875,,,,,,,-1.876212976449293,0,0,0,0,0,1,1
2020-03-03,1594.5,1645.300048828125,1594.0,1642.0999755859375,610,97.1500015258789,153.88999938964844,17.128999710083008,36.81999969482422,3003.3701171875,,,,,,,-1.7595262478032894,1,0,0,0,1,0,0
2020-03-04,1645.4000244140625,1645.9000244140625,1631.300048828125,1641.0999755859375,83,97.33999633789062,154.16000366210938,17.187000274658203,31.989999771118164,3130.1201171875,,,,,,,-0.9301913347971712,0,0,0,0,0,0,1
2020-03-05,1637.300048828125,1672.9000244140625,1637.199951171875,1666.4000244140625,154,96.81999969482422,157.49000549316406,17.341999053955078,39.619998931884766,3023.93994140625,,,,,,,1.1024206431060835,0,0,0,0,0,1,0
2020-03-06,1670.800048828125,1686.199951171875,1647.199951171875,1670.800048828125,175,95.94999694824219,157.5500030517578,17.214000701904297,41.939998626708984,2972.3701171875,,,,,,,0.3374327894231467,0,0,1,0,1,0,0
2020-03-09,1696.0999755859375,1701.5999755859375,1657.699951171875,1674.5,161,94.9000015258789,157.80999755859375,17.000999450683594,54.459999084472656,2746.56005859375,,,,,,,0.14051689085131017,0,0,0,0,0,0,1
2020-03-10,1671.5999755859375,1674.5999755859375,1643.0,1659.0999755859375,48,96.41000366210938,154.47999572753906,16.9060001373291,47.29999923706055,2882.22998046875,,,,,,,-3.451043160949024,0,0,0,0,0,1,0
2020-03-11,1656.5999755859375,1666.5,1635.0,1641.4000244140625,47,96.51000213623047,153.92999267578125,16.729000091552734,53.900001525878906,2741.3798828125,,,,,,,-1.2600276568767144,0,1,0,0,1,0,0
2020-03-12,1637.0,1647.5,1566.4000244140625,1589.300048828125,256,97.47000122070312,147.7899932861328,15.961000442504883,75.47000122070312,2480.639892578125,,,,,,,-3.346986214202456,0,0,0,0,0,0,1
2020-03-13,1574.9000244140625,1589.800048828125,1513.800048828125,1515.699951171875,89,98.75,143.27999877929688,14.456000328063965,57.83000183105469,2711.02001953125,,,,,,,1.0792154576361264,0,0,0,0,0,1,0
2020-03-16,1569.0999755859375,1569.0999755859375,1452.0999755859375,1485.9000244140625,193,98.08999633789062,141.63999938964844,12.772000312805176,82.69000244140625,2386.1298828125,,,,,,,3.0596208991564886,1,0,0,0,1,0,0
2020-03-17,1469.300048828125,1537.699951171875,1469.300048828125,1524.9000244140625,122,99.58000183105469,143.55999755859375,12.468999862670898,75.91000366210938,2529.18994140625,,,,,,,-0.0660254171884541,0,0,0,0,0,0,1
2020-03-18,1537.5,1542.0,1477.300048828125,1477.300048828125,333,101.16000366210938,140.6999969482422,11.734999656677246,76.44999694824219,2398.10009765625,,,,,,,2.6425976348606093,0,0,0,0,0,0,0
2020-03-19,1481.5,1491.5999755859375,1471.0,1478.5999755859375,262,102.76000213623047,138.0399932861328,12.097000122070312,72.0,2409.389892578125,,,,,,,-1.9635826684628344,0,0,0,0,0,0,0
2020-03-20,1483.5,1484.0,1483.5,1484.0,14,102.81999969482422,140.11000061035156,12.348999977111816,66.04000091552734,2304.919921875,,,,,,,0.5900401808603827,0,0,0,0,0,0,0
2020-03-23,1505.300048828125,1567.0,1490.199951171875,1567.0,51,102.48999786376953,146.3000030517578,13.225000381469727,61.59000015258789,2237.39990234375,,,,,,,-1.862913006745822,0,0,0,0,0,0,0
2020-03-24,1592.699951171875,1685.5,1592.699951171875,1660.199951171875,442,101.73999786376953,153.39999389648438,14.229000091552734,61.66999816894531,2447.330078125,,,,,,,-3.6215280025372314,0,0,0,0,0,0,0
2020-03-25,1676.5,1676.5,1631.0999755859375,1632.300048828125,476,101.05000305175781,151.3000030517578,14.836999893188477,63.95000076293945,2475.56005859375,,,,,,,-2.765499686653546,0,0,0,0,0,0,0
2020-03-26,1660.5,1660.5,1650.0999755859375,1650.0999755859375,3,99.41999816894531,153.24000549316406,14.640000343322754,61.0,2630.070068359375,,,,,,,-2.2743107393340005,0,0,0,0,0,1,0
2020-03-27,1623.9000244140625,1623.9000244140625,1623.9000244140625,1623.9000244140625,100638,98.37000274658203,152.25,14.498000144958496,65.54000091552734,2541.469970703125,,,,,,,-0.5780729182219393,0,0,0,1,1,0,0
2020-03-30,1641.199951171875,1652.800048828125,1607.199951171875,1622.0,16389,99.18000030517578,152.9199981689453,14.074000358581543,57.08000183105469,2626.64990234375,,,,,,,0.40063360050885527,0,0,0,0,0,0,1
2020-03-31,1618.699951171875,1621.0,1576.0,1583.4000244140625,2874,99.05000305175781,148.0500030517578,14.097999572753906,53.540000915527344,2584.590087890625,,,,,,,-1.0356107208046852,0,0,0,0,0,0,0
2020-04-01,1570.0,1600.0,1570.0,1578.199951171875,2158,99.66999816894531,149.4499969482422,13.925999641418457,57.060001373291016,2470.5,,,,,,,1.1656368432562132,0,0,0,0,0,0,0
2020-04-02,1590.9000244140625,1631.199951171875,1586.0,1625.699951171875,1294,100.18000030517578,151.89999389648438,14.595999717712402,50.90999984741211,2526.89990234375,,,,,,,-1.1258925161464717,0,0,0,0,0,1,0
2020-04-03,1624.5,1636.0,1619.800048828125,1633.699951171875,643,100.58000183105469,152.64999389648438,14.435999870300293,46.79999923706055,2488.64990234375,,,,,,,-1.0917779626900506,0,0,1,0,1,0,0
2020-04-06,1629.0999755859375,1696.699951171875,1625.9000244140625,1677.0,1063,100.69000244140625,156.8800048828125,15.111000061035156,45.2400016784668,2663.679931640625,,,,,,,-0.8706978379556243,0,0,0,0,0,0,1
2020-04-07,1695.699951171875,1724.4000244140625,1658.0,1664.800048828125,1144,99.9800033569336,156.0399932861328,15.42199993133545,46.70000076293945,2659.409912109375,,,,,,,-0.5308678681432792,0,0,0,0,0,0,0
2020-04-08,1669.699951171875,1677.0,1662.5,1665.4000244140625,747,100.12000274658203,154.64999389648438,15.147000312805176,43.349998474121094,2749.97998046875,,,,,,,-1.9917213282482173,0,0,0,0,0,0,0
2020-04-09,1662.699951171875,1736.199951171875,1662.699951171875,1736.199951171875,825,99.5199966430664,158.69000244140625,15.994999885559082,41.66999816894531,2789.820068359375,,,,,,,-3.8786508245013924,0,0,0,0,0,0,0
2020-04-13,1722.0,1756.800048828125,1710.699951171875,1744.800048828125,696,99.3499984741211,161.41000366210938,15.479000091552734,41.16999816894531,2761.6298828125,,,,,,,-2.0809493008524615,0,0,0,0,0,0,0
2020-04-14,1756.800048828125,1775.0,1739.5,1756.699951171875,675,98.88999938964844,162.67999267578125,16.07200050354004,37.7599983215332,2846.06005859375,,,,,,,-1.8510557328485973,0,0,0,0,0,0,0
2020-04-15,1739.4000244140625,1744.9000244140625,1722.699951171875,1727.199951171875,642,99.45999908447266,161.85000610351562,15.446999549865723,40.84000015258789,2783.360107421875,,,,,,,-0.26543504698166887,0,0,0,0,0,0,0
2020-04-16,1731.0,1750.5999755859375,1715.0,1720.4000244140625,162,100.02999877929688,161.7100067138672,15.564000129699707,40.11000061035156,2799.550048828125,,,,,,,0.1586680882071462,0,0,0,0,0,0,0
2020-04-17,1715.699951171875,1725.0,1684.9000244140625,1689.199951171875,223,99.77999877929688,158.57000732421875,15.237000465393066,38.150001525878906,2874.56005859375,,,,,,,-0.0046323008693365305,0,0,0,0,0,0,0
2020-04-20,1686.0,1701.5999755859375,1680.0,1701.5999755859375,106,99.95999908447266,159.6999969482422,15.555999755859375,43.83000183105469,2823.159912109375,,,,,,,-0.02942044167612706,0,0,0,0,0,0,0
2020-04-21,1697.0,1707.0999755859375,1659.9000244140625,1678.199951171875,666,100.26000213623047,158.61000061035156,14.817999839782715,45.40999984741211,2736.56005859375,,,,,,,0.9153786601073632,0,0,0,0,0,0,0
2020-04-22,1696.0,1728.699951171875,1684.800048828125,1728.699951171875,453,100.38999938964844,161.72999572753906,15.277000427246094,41.97999954223633,2799.31005859375,,,,,,,-0.4449366762958928,0,0,0,0,0,0,0
2020-04-23,1734.0,1745.0999755859375,1733.300048828125,1733.300048828125,482,100.43000030517578,163.33999633789062,15.347999572753906,41.380001068115234,2797.800048828125,,,,,,,0.5328524575908766,0,0,0,0,0,0,0
2020-04-24,1744.0,1744.0,1714.5,1723.5,221,100.37999725341797,162.63999938964844,15.253999710083008,35.93000030517578,2836.739990234375,,,,,,,0.7141288555192192,0,0,0,0,0,0,0
2020-04-27,1731.9000244140625,1731.9000244140625,1711.9000244140625,1711.9000244140625,169,100.04000091552734,161.55999755859375,15.201000213623047,33.290000915527344,2878.47998046875,,,,,,,0.7306140985086597,0,0,0,0,0,0,0
2020-04-28,1716.5999755859375,1716.5999755859375,1707.0999755859375,1710.5,1255,99.87000274658203,160.83999633789062,15.161999702453613,33.56999969482422,2863.389892578125,,,,,,,0.23666854865988093,0,0,0,0,0,1,0
2020-04-29,1710.0,1713.5,1702.0,1703.4000244140625,373,99.56999969482422,161.72999572753906,15.15999984741211,31.229999542236328,2939.510009765625,,,,,,,1.5304082155328904,1,0,0,0,1,1,0
2020-04-30,1719.300048828125,1719.300048828125,1680.800048828125,1684.199951171875,327,99.0199966430664,158.8000030517578,14.89799976348877,34.150001525878906,2912.429931640625,,,,,,,0.5790814759828585,0,0,0,1,1,0,1
2020-05-01,1686.5999755859375,1701.5,1670.5,1694.5,337,98.80000305175781,159.77999877929688,14.86299991607666,37.189998626708984,2830.7099609375,,,,,,,0.5879232762024909,0,0,0,0,0,0,1
2020-05-04,1702.5999755859375,1709.0,1699.5999755859375,1706.9000244140625,320,99.4800033569336,160.33999633789062,14.722000122070312,35.970001220703125,2842.739990234375,,,,,,,0.08254449449896678,0,0,0,0,0,0,0
2020-05-05,1701.5,1704.4000244140625,1697.199951171875,1704.4000244140625,82,99.70999908447266,161.02000427246094,15.057000160217285,33.61000061035156,2868.43994140625,,,,,,,0.8463597911567858,0,0,0,0,0,0,0
2020-05-06,1704.0,1704.0,1684.199951171875,1684.199951171875,469,100.08999633789062,158.9499969482422,14.987000465393066,34.119998931884766,2848.419921875,,,,,,,0.7015072063608183,0,0,0,0,0,0,0
2020-05-07,1686.199951171875,1721.800048828125,1685.5999755859375,1721.800048828125,853,99.88999938964844,161.38999938964844,15.562000274658203,31.440000534057617,2881.18994140625,,,,,,,-0.2027852254009604,0,0,0,0,0,1,0
2020-05-08,1726.199951171875,1728.9000244140625,1703.800048828125,1709.9000244140625,330,99.7300033569336,160.4199981689453,15.739999771118164,27.979999542236328,2929.800048828125,,,,,,,-0.0730266716863257,0,0,1,0,1,0,0
2020-05-11,1702.300048828125,1704.5,1690.199951171875,1695.300048828125,749,100.23999786376953,159.4199981689453,15.63599967956543,27.56999969482422,2930.18994140625,,,,,,,0.2389481147325356,0,0,0,0,0,1,1
2020-05-12,1699.300048828125,1713.0999755859375,1699.300048828125,1704.4000244140625,324,99.93000030517578,160.0399932861328,15.687000274658203,33.040000915527344,2870.1201171875,,,,,,,0.05152028276528924,0,1,0,0,1,0,0
2020-05-13,1702.0,1721.300048828125,1701.9000244140625,1713.9000244140625,431,100.23999786376953,161.5800018310547,15.663000106811523,35.279998779296875,2820.0,,,,,,,0.5876228193752869,0,0,0,0,0,0,1
2020-05-14,1724.300048828125,1743.0999755859375,1720.5,1738.0999755859375,672,100.47000122070312,163.00999450683594,16.13599967956543,32.61000061035156,2852.5,,,,,,,-0.1021711414516166,0,0,0,0,0,0,0
2020-05-15,1739.699951171875,1753.4000244140625,1739.699951171875,1753.4000244140625,719,100.4000015258789,163.92999267578125,17.04599952697754,31.889999389648438,2863.699951171875,,,,,,,-0.5068730864845812,0,0,0,0,0,0,0
2020-05-18,1755.699951171875,1770.5,1731.800048828125,1731.800048828125,229,99.66999816894531,162.69000244140625,17.464000701904297,29.299999237060547,2953.909912109375,,,,,,,0.1451115254350495,0,0,0,0,0,0,0
2020-05-19,1744.199951171875,1749.5,1744.199951171875,1744.199951171875,167,99.37000274658203,164.25999450683594,17.892000198364258,30.530000686645508,2922.93994140625,,,,,,,0.48566431518228265,0,0,0,0,0,0,0
2020-05-20,1751.5999755859375,1752.0999755859375,1745.5999755859375,1750.5999755859375,16,99.12000274658203,164.64999389648438,18.00200080871582,27.989999771118164,2971.610107421875,,,,,,,0.31670670588381994,0,0,0,0,0,0,0
2020-05-21,1746.800048828125,1746.800048828125,1720.5,1720.5,528,99.37000274658203,162.25,17.334999084472656,29.530000686645508,2948.510009765625,,,,,,,0.6707942032765645,0,0,0,0,0,0,0
2020-05-22,1726.5999755859375,1734.5999755859375,1726.5999755859375,1734.5999755859375,6,99.86000061035156,163.2100067138672,17.663999557495117,28.15999984741211,2955.449951171875,,,,,,,0.3480348057834034,0,0,0,0,0,0,0
2020-05-26,1726.4000244140625,1726.4000244140625,1704.800048828125,1704.800048828125,39,98.91000366210938,160.88999938964844,17.565000534057617,28.010000228881836,2991.77001953125,,,,,,,0.7323543207894321,0,0,0,0,0,0,0
2020-05-27,1685.5999755859375,1710.300048828125,1685.5999755859375,1710.300048828125,137416,99.05999755859375,161.17999267578125,17.68600082397461,27.6200008392334,3036.1298828125,,,,,,,0.5284826127964752,0,0,0,0,0,0,0
2020-05-28,1709.300048828125,1727.800048828125,1705.0,1713.300048828125,23355,98.37999725341797,161.72000122070312,17.895000457763672,28.59000015258789,3029.72998046875,,,,,,,0.7315445595460521,0,0,0,0,0,1,0
2020-05-29,1718.800048828125,1738.300048828125,1715.0999755859375,1736.9000244140625,1526,98.33999633789062,162.91000366210938,18.440000534057617,27.510000228881836,3044.31005859375,,,,,,,-0.10718161505089695,0,0,0,1,1,0,0
2020-06-01,1740.4000244140625,1747.0,1727.0999755859375,1737.800048828125,871,97.83000183105469,163.66000366210938,18.76799964904785,28.229999542236328,3055.72998046875,,,,,,,0.44284176525707775,0,0,0,0,0,0,1
2020-06-02,1743.0,1745.5,1721.800048828125,1725.199951171875,741,97.66999816894531,162.60000610351562,18.207000732421875,26.84000015258789,3080.820068359375,,,,,,,0.5368892737559147,0,0,0,0,0,0,0
2020-06-03,1726.300048828125,1726.300048828125,1684.5,1697.800048828125,2755,97.27999877929688,159.60000610351562,17.92099952697754,25.65999984741211,3122.8701171875,,,,,,,0.175776169782132,0,0,0,0,0,0,0
2020-06-04,1694.5,1718.9000244140625,1694.5,1718.9000244140625,807,96.68000030517578,161.27999877929688,18.02400016784668,25.809999465942383,3112.35009765625,,,,,,,-0.06691411639511322,0,0,0,0,0,1,0
2020-06-05,1711.800048828125,1711.800048828125,1668.5999755859375,1676.199951171875,1502,96.94000244140625,158.00999450683594,17.44300079345703,24.520000457763672,3193.929931640625,,,,,,,0.5805498214635824,0,0,1,0,1,0,0
2020-06-08,1679.0999755859375,1699.4000244140625,1675.9000244140625,1698.300048828125,587,96.62000274658203,159.72000122070312,17.868000030517578,25.809999465942383,3232.389892578125,,,,,,,0.2620249626908308,0,0,0,0,0,0,1
2020-06-09,1694.5999755859375,1720.9000244140625,1692.0,1714.699951171875,690,96.31999969482422,161.25999450683594,17.77400016784668,27.56999969482422,3207.179931640625,,,,,,,0.24046731524125498,0,0,0,0,0,1,0
2020-06-10,1716.0999755859375,1740.800048828125,1711.9000244140625,1713.300048828125,718,95.95999908447266,163.57000732421875,17.775999069213867,27.56999969482422,3190.139892578125,,,,,,,2.227379737164353,1,1,0,0,1,0,0
2020-06-11,1737.199951171875,1744.0999755859375,1720.0,1732.0,347,96.7300033569336,162.38999938964844,17.868999481201172,40.790000915527344,3002.10009765625,,,,,,,-0.2382787735581173,0,0,0,0,0,0,1
2020-06-12,1724.9000244140625,1743.0,1724.9000244140625,1729.300048828125,318,97.31999969482422,162.6199951171875,17.461999893188477,36.09000015258789,3041.31005859375,,,,,,,0.17869627792981427,0,0,0,0,0,0,0
2020-06-15,1730.0,1730.0,1703.300048828125,1720.300048828125,188,96.68000030517578,162.3300018310547,17.378999710083008,34.400001525878906,3066.590087890625,,,,,,,0.6937753123126212,0,0,0,0,0,0,0
2020-06-16,1726.300048828125,1729.5999755859375,1722.4000244140625,1729.5999755859375,22,96.95999908447266,162.25,17.631999969482422,33.66999816894531,3124.739990234375,,,,,,,-0.1309405400087769,0,0,0,0,0,0,0
2020-06-17,1714.699951171875,1729.199951171875,1714.699951171875,1729.199951171875,51,97.16000366210938,162.55999755859375,17.756999969482422,33.470001220703125,3113.489990234375,,,,,,,0.20810578669127913,0,0,0,0,0,0,0
2020-06-18,1730.5,1734.0999755859375,1717.300048828125,1724.800048828125,110,97.41999816894531,162.24000549316406,17.493000030517578,32.939998626708984,3115.340087890625,,,,,,,0.2765746318827281,0,0,0,0,0,0,0
2020-06-19,1723.699951171875,1750.699951171875,1723.5,1745.9000244140625,1329,97.62000274658203,164.02999877929688,17.832000732421875,35.119998931884766,3097.739990234375,,,,,,,0.11406587716381439,0,0,0,0,0,0,0
2020-06-22,1755.199951171875,1767.5999755859375,1750.5,1756.699951171875,1356,97.04000091552734,165.08999633789062,17.886999130249023,31.770000457763672,3117.860107421875,,,,,,,0.14007398122378611,0,0,0,0,0,0,0
2020-06-23,1755.4000244140625,1776.300048828125,1754.199951171875,1772.0999755859375,666,96.69000244140625,166.47999572753906,18.051000595092773,31.3700008392334,3131.2900390625,,,,,,,0.052547136023600616,0,0,0,0,0,0,0
2020-06-24,1778.300048828125,1783.0999755859375,1764.5,1765.800048828125,961,97.1500015258789,165.89999389648438,17.658000946044922,33.84000015258789,3050.330078125,,,,,,,0.031553226760936255,0,0,0,0,0,0,0
2020-06-25,1761.699951171875,1764.800048828125,1759.800048828125,1762.0999755859375,207,97.43000030517578,165.8000030517578,17.882999420166016,32.220001220703125,3083.760009765625,,,,,,,0.24645963445480615,0,0,0,0,0,1,0
2020-06-26,1766.0,1772.5,1764.699951171875,1772.5,640,97.5,166.5399932861328,18.023000717163086,34.72999954223633,3009.050048828125,,,,,,,0.002907060807292498,0,0,0,1,1,0,0
2020-06-29,1779.800048828125,1780.199951171875,1774.300048828125,1774.800048828125,584,97.54000091552734,166.6300048828125,17.979999542236328,31.780000686645508,3053.239990234375,,,,,,,-0.11206964835206051,0,0,0,0,0,0,1
2020-06-30,1777.300048828125,1793.199951171875,1774.4000244140625,1793.0,986,97.38999938964844,167.3699951171875,18.541000366210938,30.43000030517578,3100.2900390625,,,,,,,-1.0616808049678061,0,0,0,0,0,0,0
2020-07-01,1793.5999755859375,1798.0,1765.800048828125,1773.199951171875,331,97.19999694824219,166.6199951171875,18.132999420166016,28.6200008392334,3115.860107421875,,,,,,,0.05368817761402312,0,0,0,0,0,1,0
2020-07-02,1773.4000244140625,1784.0,1768.699951171875,1784.0,215,97.31999969482422,166.97999572753906,18.243999481201172,27.68000030517578,3130.010009765625,,,,,,,-0.6109739076428875,0,0,1,0,1,0,0
2020-07-06,1788.199951171875,1790.0999755859375,1788.199951171875,1788.5,172,96.79000091552734,167.97999572753906,18.503999710083008,27.940000534057617,3179.719970703125,,,,,,,-0.0429745007762869,0,0,0,0,0,0,1
2020-07-07,1789.300048828125,1804.199951171875,1783.300048828125,1804.199951171875,751,96.87999725341797,169.0399932861328,18.628000259399414,29.43000030517578,3145.320068359375,,,,,,,-0.464363306229243,0,0,0,0,0,0,0
2020-07-08,1801.5,1817.9000244140625,1801.5,1815.5,209,96.43000030517578,170.08999633789062,19.08099937438965,28.079999923706055,3169.93994140625,,,,,,,-0.4716514100059125,0,0,0,0,0,0,0
2020-07-09,1816.0999755859375,1819.800048828125,1799.199951171875,1799.199951171875,396,96.69999694824219,169.6300048828125,18.881999969482422,29.260000228881836,3152.050048828125,,,,,,,0.5807856153867829,0,0,0,0,0,0,0
2020-07-10,1805.5,1805.5,1797.699951171875,1798.199951171875,236,96.6500015258789,169.19000244140625,18.982999801635742,27.290000915527344,3185.0400390625,,,,,,,0.17942836470427784,0,0,0,0,0,0,0
2020-07-13,1805.0,1811.0,1805.0,1811.0,164,96.45999908447266,169.39999389648438,19.708999633789062,32.189998626708984,3155.219970703125,,,,,,,-1.2870998304158574,0,0,0,0,0,1,0
2020-07-14,1791.0,1811.5,1791.0,1810.5999755859375,339,96.26000213623047,170.19000244140625,19.451000213623047,29.520000457763672,3197.52001953125,,,,,,,-0.16410569244706386,0,1,0,0,1,0,0
2020-07-15,1806.0999755859375,1813.5,1806.0999755859375,1811.4000244140625,167,96.08000183105469,170.33999633789062,19.684999465942383,27.760000228881836,3226.56005859375,,,,,,,-0.05674077243326656,0,0,0,0,0,0,1
2020-07-16,1810.9000244140625,1810.9000244140625,1794.300048828125,1798.699951171875,146,96.3499984741211,168.72999572753906,19.496999740600586,28.0,3215.570068359375,,,,,,,-0.7424425126202018,0,0,0,0,0,0,0
2020-07-17,1798.5,1810.0999755859375,1798.5,1808.300048828125,24,95.94000244140625,170.1199951171875,19.684999465942383,25.68000030517578,3224.72998046875,,,,,,,0.061824375962040386,0,0,0,0,0,0,0
2020-07-20,1807.0,1817.300048828125,1807.0,1815.9000244140625,89,95.83000183105469,170.94000244140625,20.124000549316406,24.459999084472656,3251.840087890625,,,,,,,0.22324205284016224,0,0,0,0,0,0,0
2020-07-21,1822.0,1842.4000244140625,1822.0,1842.4000244140625,117,95.12000274658203,173.0,21.496999740600586,24.84000015258789,3257.300048828125,,,,,,,-0.4665857486547145,0,0,0,0,0,0,0
2020-07-22,1858.0999755859375,1867.0,1854.699951171875,1864.0999755859375,213,94.97000122070312,175.6300048828125,23.08300018310547,24.31999969482422,3276.02001953125,,,,,,,0.483232134391231,0,0,0,0,0,0,0
2020-07-23,1868.699951171875,1890.300048828125,1868.5,1889.0999755859375,133,94.69000244140625,177.17999267578125,22.94499969482422,26.079999923706055,3235.659912109375,,,,,,,-0.8212990427923406,0,0,0,0,0,0,0
2020-07-24,1884.300048828125,1897.300048828125,1884.300048828125,1897.300048828125,474,94.44000244140625,178.6999969482422,22.808000564575195,25.84000015258789,3215.6298828125,,,,,,,0.4201614381579288,0,0,0,0,0,0,0
2020-07-27,1901.699951171875,1938.0,1901.5,1931.0,364,93.66999816894531,182.22999572753906,24.47599983215332,24.739999771118164,3239.409912109375,,,,,,,0.9969634538835912,0,0,0,0,0,0,0
2020-07-28,1931.5,1944.699951171875,1928.5999755859375,1944.699951171875,825,93.76000213623047,183.75,24.266000747680664,25.440000534057617,3218.43994140625,,,,,,,1.3203811733508215,0,0,0,0,0,1,0
2020-07-29,1953.199951171875,1953.5,1952.5999755859375,1953.5,209835,93.26000213623047,185.1300048828125,24.292999267578125,24.100000381469727,3258.43994140625,,,,,,,2.243889281869659,1,0,0,0,1,0,0
2020-07-30,1963.4000244140625,1965.0999755859375,1930.0,1942.300048828125,28853,93.0199966430664,183.75999450683594,23.34000015258789,24.760000228881836,3246.219970703125,,,,,,,1.6933231044936115,0,0,0,0,0,1,1
2020-07-31,1948.5999755859375,1981.0999755859375,1948.0,1962.800048828125,2914,93.48999786376953,185.42999267578125,24.18899917602539,24.459999084472656,3271.1201171875,,,,,,,1.2492348801051372,0,0,0,1,1,0,0
2020-08-03,1984.300048828125,1984.300048828125,1955.5,1966.0,683,93.5,185.63999938964844,24.389999389648438,24.280000686645508,3294.610107421875,,,,,,,1.0727286918917065,0,0,0,0,0,0,1
2020-08-04,1971.0,2016.199951171875,1968.800048828125,2001.199951171875,2010,93.37999725341797,189.58999633789062,26.011999130249023,23.760000228881836,3306.510009765625,,,,,,,1.969921942442486,0,0,0,0,0,0,0
2020-08-05,2024.0,2050.199951171875,2011.0,2031.0999755859375,1422,92.83000183105469,191.35000610351562,26.87700080871582,22.989999771118164,3327.77001953125,,,,,,,0.40784387640312414,0,0,0,0,0,0,0
2020-08-06,2045.5,2063.0,2040.0,2051.5,294,92.79000091552734,193.88999938964844,28.386999130249023,22.649999618530273,3349.159912109375,,,,,,,1.2664825821941237,0,0,0,0,0,1,0
2020-08-07,2040.0999755859375,2055.0,2009.5999755859375,2010.0999755859375,808,93.44000244140625,190.80999755859375,27.533000946044922,22.209999084472656,3351.280029296875,,,,,,,2.3471603000870496,0,0,1,0,1,0,0
2020-08-10,2026.4000244140625,2043.800048828125,2017.5,2024.4000244140625,233,93.58000183105469,190.14999389648438,29.249000549316406,22.1299991607666,3360.469970703125,,,,,,,-0.49291824659814476,0,0,0,0,0,0,1
2020-08-11,2012.4000244140625,2016.0,1904.0,1932.5999755859375,971,93.62999725341797,179.94000244140625,26.03700065612793,24.030000686645508,3333.68994140625,,,,,,,-2.641064533532778,0,0,0,0,0,1,0
2020-08-12,1923.0,1946.5999755859375,1871.5999755859375,1934.9000244140625,404,93.44000244140625,179.10000610351562,25.954999923706055,22.280000686645508,3380.35009765625,,,,,,,-3.5898477651297673,0,1,0,0,1,0,0
2020-08-13,1921.5,1957.4000244140625,1916.9000244140625,1956.699951171875,71,93.33999633789062,183.3300018310547,27.694000244140625,22.1299991607666,3373.429931640625,,,,,,,-0.8769938803988965,0,0,0,0,0,0,1
2020-08-14,1938.699951171875,1947.4000244140625,1937.0,1937.0,201,93.0999984741211,182.5399932861328,26.065000534057617,22.049999237060547,3372.85009765625,,,,,,,0.4017495944706179,0,0,0,0,0,0,0
2020-08-17,1949.5999755859375,1985.0,1949.5999755859375,1985.0,97,92.8499984741211,186.5,27.64299964904785,21.350000381469727,3381.989990234375,,,,,,,-0.286061565049957,0,0,0,0,0,0,0
2020-08-18,2001.0999755859375,2002.800048828125,1972.0999755859375,1999.4000244140625,92,92.2699966430664,188.17999267578125,28.048999786376953,21.510000228881836,3389.780029296875,,,,,,,0.11228926064718482,0,0,0,0,0,0,0
2020-08-19,1980.0,1980.0,1938.699951171875,1958.699951171875,347,92.88999938964844,182.24000549316406,27.315000534057617,22.540000915527344,3374.85009765625,,,,,,,-2.3445585460454894,0,0,0,0,0,0,0
2020-08-20,1941.199951171875,1948.300048828125,1922.300048828125,1933.800048828125,106,92.79000091552734,183.5,27.121999740600586,22.719999313354492,3385.510009765625,,,,,,,1.858555052397484,0,0,0,0,0,0,0
2020-08-21,1941.0,1945.0,1908.9000244140625,1934.5999755859375,184,93.25,182.02999877929688,26.707000732421875,22.540000915527344,3397.159912109375,,,,,,,0.05999495532629353,0,0,0,0,0,0,0
2020-08-24,1930.199951171875,1940.0,1922.199951171875,1927.699951171875,85,93.30000305175781,181.0,26.58799934387207,22.3700008392334,3431.280029296875,,,,,,,-0.3684700979792573,0,0,0,0,0,0,0
2020-08-25,1927.5,1928.5,1911.800048828125,1911.800048828125,176,93.0199966430664,181.22000122070312,26.253999710083008,22.030000686645508,3443.6201171875,,,,,,,1.6017612798482423,0,0,0,0,0,0,0
2020-08-26,1909.699951171875,1950.800048828125,1909.699951171875,1940.699951171875,287,93.01000213623047,183.36000061035156,27.43000030517578,23.270000457763672,3478.72998046875,,,,,,,0.9128442673228968,0,0,0,0,0,0,0
2020-08-27,1948.9000244140625,1972.5,1921.5999755859375,1921.5999755859375,2303,93.01000213623047,181.24000549316406,27.010000228881836,24.469999313354492,3484.550048828125,,,,,,,0.5326882491923958,0,0,0,0,0,1,0
2020-08-28,1927.0999755859375,1971.300048828125,1922.5,1964.5999755859375,778,92.37000274658203,184.38999938964844,27.610000610351562,22.959999084472656,3508.010009765625,,,,,,,-0.47327869088986685,0,0,0,1,1,0,0
2020-08-31,1970.0,1971.300048828125,1953.300048828125,1967.5999755859375,158,92.13999938964844,184.8300018310547,28.437000274658203,26.40999984741211,3500.31005859375,,,,,,,-0.28495309669595265,0,0,0,0,0,0,1
2020-09-01,1961.699951171875,1986.300048828125,1961.699951171875,1968.199951171875,186,92.33999633789062,185.0500030517578,28.486000061035156,26.1200008392334,3526.64990234375,,,,,,,-0.10208523066051478,0,0,0,0,0,0,0
2020-09-02,1967.300048828125,1967.300048828125,1934.4000244140625,1934.4000244140625,71,92.8499984741211,182.6199951171875,27.249000549316406,26.56999969482422,3580.840087890625,,,,,,,0.7291131586522913,0,0,0,0,0,0,0
2020-09-03,1937.0999755859375,1938.800048828125,1923.0,1927.5999755859375,179,92.73999786376953,181.13999938964844,26.735000610351562,33.599998474121094,3455.06005859375,,,,,,,-0.21802765905119326,0,0,0,0,0,1,0
2020-09-04,1927.9000244140625,1939.699951171875,1917.699951171875,1923.9000244140625,607,92.72000122070312,181.63999938964844,26.576000213623047,30.75,3426.9599609375,,,,,,,0.7370575884997389,0,0,1,0,1,0,0
2020-09-08,1930.9000244140625,1937.9000244140625,1903.0999755859375,1933.0,271,93.4800033569336,181.2899932861328,26.86400032043457,31.459999084472656,3331.840087890625,,,,,,,-0.6245736211867678,0,0,0,0,0,0,1
2020-09-09,1926.9000244140625,1946.199951171875,1924.5999755859375,1944.699951171875,219,93.26000213623047,183.0500030517578,26.954999923706055,28.809999465942383,3398.9599609375,,,,,,,0.18195302737868643,0,0,0,0,0,0,0
2020-09-10,1944.0999755859375,1962.699951171875,1944.0999755859375,1954.199951171875,722,93.33999633789062,182.4600067138672,27.163000106811523,29.709999084472656,3339.18994140625,,,,,,,-1.5812843362805604,0,0,0,0,0,1,0
2020-09-11,1944.0,1949.5,1937.800048828125,1937.800048828125,73,93.33000183105469,182.4499969482422,26.73900032043457,26.8700008392334,3340.969970703125,,,,,,,0.2486305261824404,0,1,0,0,1,0,0
2020-09-14,1946.300048828125,1953.0999755859375,1943.0,1953.0999755859375,55,93.06999969482422,183.88999938964844,27.229000091552734,25.850000381469727,3383.5400390625,,,,,,,0.25672458925538955,0,0,0,0,0,0,1
2020-09-15,1955.800048828125,1968.5,1955.800048828125,1956.300048828125,74,93.05000305175781,183.4499969482422,27.34600067138672,25.59000015258789,3401.199951171875,,,,,,,-0.6299729002546606,0,0,0,0,0,1,0
2020-09-16,1961.300048828125,1961.4000244140625,1956.699951171875,1960.199951171875,124,93.20999908447266,183.97000122070312,27.354999542236328,26.040000915527344,3385.489990234375,,,,,,,-0.4390821711100971,1,0,0,0,1,0,0
2020-09-17,1939.0,1946.0,1933.699951171875,1940.0,67,92.97000122070312,182.9600067138672,26.985000610351562,26.459999084472656,3357.010009765625,,,,,,,0.6179691020872337,0,0,0,0,0,0,1
2020-09-18,1950.5,1952.0999755859375,1949.0,1952.0999755859375,38,92.93000030517578,183.1999969482422,27.027999877929688,25.829999923706055,3319.469970703125,,,,,,,-0.45409575771632227,0,0,0,0,0,0,0
2020-09-21,1946.199951171875,1946.199951171875,1883.4000244140625,1901.199951171875,52,93.54000091552734,179.52000427246094,24.298999786376953,27.780000686645508,3281.06005859375,,,,,,,0.8677452100649964,0,0,0,0,0,0,0
2020-09-22,1913.0999755859375,1913.0999755859375,1898.5999755859375,1898.5999755859375,331,93.98999786376953,178.64999389648438,24.441999435424805,26.860000610351562,3315.570068359375,,,,,,,0.10079724277665372,0,0,0,0,0,0,0
2020-09-23,1875.5,1875.5,1859.9000244140625,1859.9000244140625,5,94.38999938964844,174.7899932861328,23.013999938964844,28.579999923706055,3236.919921875,,,,,,,-0.17227841111580874,0,0,0,0,0,0,0
2020-09-24,1851.5,1868.300048828125,1851.5,1868.300048828125,365,94.3499984741211,175.44000244140625,23.118000030517578,28.510000228881836,3246.590087890625,,,,,,,-0.337886437833304,0,0,0,0,0,0,0
2020-09-25,1856.300048828125,1857.699951171875,1856.300048828125,1857.699951171875,4,94.58000183105469,174.94000244140625,23.017000198364258,26.3799991607666,3298.4599609375,,,,,,,0.2713926363755194,0,0,0,0,0,0,0
2020-09-28,1872.800048828125,1872.800048828125,1872.800048828125,1872.800048828125,10455,94.26000213623047,176.6999969482422,23.527999877929688,26.190000534057617,3351.60009765625,,,,,,,0.670288549511752,0,0,0,0,0,0,0
2020-09-29,1876.5,1895.4000244140625,1872.4000244140625,1894.300048828125,3283,93.88999938964844,178.19000244140625,24.3799991607666,26.270000457763672,3335.469970703125,,,,,,,-0.012530368384103971,0,0,0,0,0,1,0
2020-09-30,1893.0,1899.699951171875,1879.800048828125,1887.5,600,93.88999938964844,177.1199951171875,23.433000564575195,26.3700008392334,3363.0,,,,,,,-0.54505613520803,0,0,0,1,1,0,0
2020-10-01,1884.0999755859375,1909.5999755859375,1882.5,1908.4000244140625,730,93.70999908447266,178.6999969482422,24.19300079345703,26.700000762939453,3380.800048828125,,,,,,,-1.0189621119456644,0,0,0,0,0,1,1
2020-10-02,1893.9000244140625,1913.0,1893.9000244140625,1900.199951171875,530,93.83999633789062,178.5399932861328,23.97100067138672,27.6299991607666,3348.419921875,,,,,,,-0.2653686778532953,0,0,1,0,1,0,0
2020-10-05,1898.9000244140625,1915.5999755859375,1884.699951171875,1912.5,1360,93.51000213623047,179.41000366210938,24.50200080871582,27.959999084472656,3408.60009765625,,,,,,,-0.624595303347387,0,0,0,0,0,0,1
2020-10-06,1906.5999755859375,1918.0,1874.4000244140625,1901.0999755859375,968,93.83000183105469,177.3000030517578,23.8700008392334,29.479999542236328,3360.969970703125,,,,,,,-1.8632502560101147,0,0,0,0,0,0,0
2020-10-07,1874.0999755859375,1889.800048828125,1873.0999755859375,1883.5999755859375,50,93.62999725341797,177.22000122070312,23.847999572753906,28.059999465942383,3419.43994140625,,,,,,,0.05314925649635683,0,0,0,0,0,0,0
2020-10-08,1893.0,1893.0,1882.699951171875,1888.5999755859375,348,93.61000061035156,177.85000610351562,23.836999893188477,26.360000610351562,3446.830078125,,,,,,,0.24618067660845347,0,0,0,0,0,0,0
2020-10-09,1909.300048828125,1929.0999755859375,1905.0999755859375,1919.5,580,93.05999755859375,181.0800018310547,25.069000244140625,25.0,3477.139892578125,,,,,,,0.6094186223429909,0,0,0,0,0,0,0
2020-10-12,1924.0,1926.5,1921.5999755859375,1922.5,96,93.06999969482422,180.55999755859375,25.22599983215332,25.06999969482422,3534.219970703125,,,,,,,-0.3656739276471485,0,0,0,0,0,1,0
2020-10-13,1921.9000244140625,1922.199951171875,1887.0,1888.5,191,93.52999877929688,177.72000122070312,24.086000442504883,26.06999969482422,3511.929931640625,,,,,,,0.06952466677825964,0,1,0,0,1,0,0
2020-10-14,1889.699951171875,1910.800048828125,1882.5,1901.300048828125,33,93.37999725341797,178.27000427246094,24.36400032043457,26.399999618530273,3488.669921875,,,,,,,-0.7336495779221137,0,0,0,0,0,0,1
2020-10-15,1897.300048828125,1906.300048828125,1889.5999755859375,1903.199951171875,254,93.86000061035156,178.9199981689453,24.19300079345703,26.969999313354492,3483.340087890625,,,,,,,-0.15159046188497313,0,0,0,0,0,0,0
2020-10-16,1898.5,1900.800048828125,1898.5,1900.800048828125,53,93.68000030517578,178.3000030517578,24.368999481201172,27.40999984741211,3483.81005859375,,,,,,,-0.6222734554943148,0,0,0,0,0,0,0
2020-10-19,1907.300048828125,1907.800048828125,1899.5,1906.4000244140625,43,93.43000030517578,178.38999938964844,24.656999588012695,29.18000030517578,3426.919921875,,,,,,,-1.131692118239899,0,0,0,0,0,0,0
2020-10-20,1901.300048828125,1910.4000244140625,1896.0999755859375,1910.4000244140625,329,93.06999969482422,179.25,24.937000274658203,29.350000381469727,3443.1201171875,,,,,,,-0.529870371331305,0,0,0,0,0,0,0
2020-10-21,1913.5999755859375,1927.300048828125,1913.5999755859375,1924.5999755859375,1202,92.61000061035156,180.60000610351562,25.19700050354004,28.649999618530273,3435.56005859375,,,,,,,-0.5109559767544409,0,0,0,0,0,0,0
2020-10-22,1924.300048828125,1924.300048828125,1898.199951171875,1901.0999755859375,899,92.94999694824219,178.8300018310547,24.665000915527344,28.110000610351562,3453.489990234375,,,,,,,0.02171587006139938,0,0,0,0,0,0,0
2020-10-23,1899.9000244140625,1913.300048828125,1896.199951171875,1902.0,287,92.7699966430664,178.63999938964844,24.62700080871582,27.549999237060547,3465.389892578125,,,,,,,-0.29639564589498546,0,0,0,0,0,0,0
2020-10-26,1895.5,1907.0,1893.5,1902.699951171875,242,93.05000305175781,178.5500030517578,24.375999450683594,32.459999084472656,3400.969970703125,,,,,,,-0.4654053294201134,0,0,0,0,0,0,0
2020-10-27,1904.5999755859375,1908.800048828125,1904.4000244140625,1908.800048828125,176,92.94000244140625,179.02000427246094,24.525999069213867,33.349998474121094,3390.679931640625,,,,,,,-0.5663783285585693,0,0,0,0,0,0,0
2020-10-28,1870.9000244140625,1876.199951171875,1870.9000244140625,1876.199951171875,277,93.41000366210938,176.1300048828125,23.323999404907227,40.279998779296875,3271.030029296875,,,,,,,-0.33083942334978694,0,0,0,0,0,0,0
2020-10-29,1876.0999755859375,1879.800048828125,1858.800048828125,1865.5999755859375,240,93.95999908447266,175.39999389648438,23.339000701904297,37.59000015258789,3310.110107421875,,,,,,,0.030933079414082066,0,0,0,0,0,1,0
2020-10-30,1862.800048828125,1886.5999755859375,1862.800048828125,1877.4000244140625,725,94.04000091552734,176.1999969482422,23.617000579833984,38.02000045776367,3269.9599609375,,,,,,,-0.35269636520120995,0,0,0,1,1,0,0
2020-11-02,1872.9000244140625,1894.699951171875,1872.9000244140625,1890.4000244140625,190,94.05000305175781,177.91000366210938,24.006000518798828,37.130001068115234,3310.239990234375,,,,,,,0.3192186855748687,0,0,0,0,0,0,1
2020-11-03,1891.5,1908.5,1891.5,1908.5,712,93.55000305175781,178.9199981689453,24.30500030517578,35.54999923706055,3369.159912109375,,,,,,,-0.5826085914237821,0,0,0,0,0,0,0
2020-11-04,1893.800048828125,1907.0,1885.300048828125,1894.5999755859375,782,93.41000366210938,178.82000732421875,23.86400032043457,29.56999969482422,3443.43994140625,,,,,,,1.0374204212070859,0,0,0,0,0,1,0
2020-11-05,1901.699951171875,1948.0,1901.699951171875,1945.300048828125,135,92.52999877929688,182.92999267578125,25.17099952697754,27.579999923706055,3510.449951171875,,,,,,,0.19828124906941097,1,0,0,0,1,1,0
2020-11-06,1940.800048828125,1958.800048828125,1940.800048828125,1950.300048828125,304,92.2300033569336,183.19000244140625,25.645999908447266,24.860000610351562,3509.43994140625,,,,,,,-0.09047934550783879,0,0,1,0,1,0,1
2020-11-09,1955.5999755859375,1963.199951171875,1847.0999755859375,1853.199951171875,745,92.7300033569336,175.0800018310547,23.684999465942383,25.75,3550.5,,,,,,,1.3521673264132568,0,0,0,0,0,0,1
2020-11-10,1879.300048828125,1885.300048828125,1871.199951171875,1875.4000244140625,276,92.75,175.66000366210938,24.445999145507812,24.799999237060547,3545.530029296875,,,,,,,-1.0650905244679587,0,0,0,0,0,0,0
2020-11-11,1878.800048828125,1878.800048828125,1855.5,1860.699951171875,222,93.04000091552734,174.89999389648438,24.250999450683594,23.450000762939453,3572.659912109375,,,,,,,-0.03197950923674093,0,0,0,0,0,1,0
2020-11-12,1869.0,1878.5,1866.5999755859375,1872.5999755859375,220,92.95999908447266,175.9600067138672,24.290000915527344,25.350000381469727,3537.010009765625,,,,,,,-0.11836492808905784,0,1,0,0,1,0,0
2020-11-13,1877.0,1890.0999755859375,1876.800048828125,1885.699951171875,240,92.76000213623047,177.16000366210938,24.759000778198242,23.100000381469727,3585.14990234375,,,,,,,-0.17063179882151627,0,0,0,0,0,0,1
2020-11-16,1874.5999755859375,1887.300048828125,1871.0,1887.300048828125,6,92.56999969482422,177.14999389648438,24.785999298095703,22.450000762939453,3626.909912109375,,,,,,,-0.4295597759030962,0,0,0,0,0,0,0
2020-11-17,1888.4000244140625,1888.4000244140625,1884.5,1884.5,59,92.41999816894531,176.5,24.635000228881836,22.709999084472656,3609.530029296875,,,,,,,-1.2013871552100324,0,0,0,0,0,0,0
2020-11-18,1873.5,1873.5,1873.5,1873.5,152,92.31999969482422,175.49000549316406,24.433000564575195,23.84000015258789,3567.7900390625,,,,,,,-1.1775070825485996,0,0,0,0,0,0,0
2020-11-19,1865.800048828125,1865.800048828125,1856.0,1861.0999755859375,59,92.29000091552734,175.16000366210938,24.033000946044922,23.110000610351562,3581.8701171875,,,,,,,0.4685218207043723,0,0,0,0,0,0,0
2020-11-20,1871.199951171875,1872.5999755859375,1871.199951171875,1872.5999755859375,1900,92.38999938964844,175.69000244140625,24.347999572753906,23.700000762939453,3557.5400390625,,,,,,,-0.6130909866028158,0,0,0,0,0,0,0
2020-11-23,1834.800048828125,1837.800048828125,1829.199951171875,1837.800048828125,843,92.51000213623047,172.22999572753906,23.624000549316406,22.65999984741211,3577.590087890625,,,,,,,-1.0074223455132716,0,0,0,0,0,0,0
2020-11-24,1829.300048828125,1829.300048828125,1799.300048828125,1804.800048828125,1041,92.2300033569336,169.58999633789062,23.29199981689453,21.639999389648438,3635.409912109375,,,,,,,0.01310152813155655,0,0,0,0,0,1,0
2020-11-25,1801.4000244140625,1805.699951171875,1801.4000244140625,1805.699951171875,205754,91.98999786376953,169.50999450683594,23.356000900268555,21.25,3629.64990234375,,,,,,,-0.33526834428151914,0,0,0,1,1,0,0
2020-11-27,1806.0999755859375,1817.0,1770.699951171875,1781.9000244140625,71804,91.79000091552734,167.7899932861328,22.55299949645996,20.84000015258789,3638.35009765625,,,,,,,0.8367761814267665,0,0,0,0,0,0,1
2020-11-30,1785.0,1787.199951171875,1762.300048828125,1775.699951171875,3145,91.87000274658203,166.6699981689453,22.534000396728516,20.56999969482422,3621.6298828125,,,,,,,-0.40367877254861495,0,0,0,0,0,0,0
2020-12-01,1775.0,1815.9000244140625,1774.9000244140625,1814.0999755859375,1859,91.30999755859375,170.17999267578125,24.033000946044922,20.770000457763672,3662.449951171875,,,,,,,-0.6026229416911852,0,0,0,0,0,0,0
2020-12-02,1811.300048828125,1830.0,1807.800048828125,1825.699951171875,771,91.12000274658203,171.4600067138672,24.024999618530273,21.170000076293945,3669.010009765625,,,,,,,-0.1426566968742541,0,0,0,0,0,0,0
2020-12-03,1829.199951171875,1842.0,1825.300048828125,1836.800048828125,1765,90.70999908447266,172.80999755859375,24.086999893188477,21.280000686645508,3666.719970703125,,,,,,,0.5568712019149193,0,0,0,0,0,1,0
2020-12-04,1840.699951171875,1847.5999755859375,1828.199951171875,1835.9000244140625,1213,90.69999694824219,172.32000732421875,24.202999114990234,20.790000915527344,3699.1201171875,,,,,,,-0.34861438196980477,0,0,1,0,1,0,0
2020-12-07,1836.5,1866.9000244140625,1820.800048828125,1861.800048828125,1427,90.79000091552734,174.88999938964844,24.740999221801758,21.299999237060547,3691.9599609375,,,,,,,-0.03403073356414376,0,0,0,0,0,0,1
2020-12-08,1863.0,1875.800048828125,1861.800048828125,1870.800048828125,121,90.97000122070312,175.5,24.68400001525879,20.68000030517578,3702.25,,,,,,,-0.5634712216486883,0,0,0,0,0,0,0
2020-12-09,1867.0999755859375,1867.0999755859375,1827.0,1834.5999755859375,215,91.08999633789062,172.5,23.93000030517578,22.270000457763672,3672.820068359375,,,,,,,0.35478866138279297,0,0,0,0,0,1,0
2020-12-10,1833.199951171875,1849.0999755859375,1828.0,1833.5999755859375,177,90.79000091552734,172.1699981689453,24.0310001373291,22.520000457763672,3668.10009765625,,,,,,,-0.22262321384155725,0,1,0,0,1,0,0
2020-12-11,1838.5,1846.0,1829.0999755859375,1839.800048828125,109,90.9800033569336,172.49000549316406,24.031999588012695,23.309999465942383,3663.4599609375,,,,,,,-0.8576212771618608,0,0,0,0,0,0,1
2020-12-14,1835.5,1835.699951171875,1822.699951171875,1828.699951171875,258,90.70999908447266,171.5399932861328,23.985000610351562,24.719999313354492,3647.489990234375,,,,,,,-0.6297929910180388,0,0,0,0,0,0,0
2020-12-15,1833.5,1853.5999755859375,1833.199951171875,1852.300048828125,961,90.47000122070312,173.94000244140625,24.58099937438965,22.889999389648438,3694.6201171875,,,,,,,-0.16457336794913932,0,0,0,0,0,1,0
2020-12-16,1856.5,1864.699951171875,1850.5,1856.0999755859375,1090,90.44999694824219,174.89999389648438,24.985000610351562,22.5,3701.169921875,,,,,,,1.3726166072750294,1,0,0,0,1,0,0
2020-12-17,1874.199951171875,1896.199951171875,1874.199951171875,1887.199951171875,414,89.81999969482422,176.74000549316406,26.100000381469727,21.93000030517578,3722.47998046875,,,,,,,-1.3211119999604883,0,0,0,0,0,0,1
2020-12-18,1882.4000244140625,1889.5,1882.300048828125,1885.699951171875,276,90.0199966430664,176.44000244140625,25.948999404907227,21.56999969482422,3709.409912109375,,,,,,,-1.68587144018402,0,0,0,0,0,0,0
2020-12-21,1884.800048828125,1908.0,1869.0999755859375,1879.199951171875,136,90.04000091552734,175.8800048828125,26.277999877929688,25.15999984741211,3694.919921875,,,,,,,-1.5058730736884807,0,0,0,0,0,0,0
2020-12-22,1882.199951171875,1882.199951171875,1861.0,1866.5999755859375,233,90.6500015258789,174.49000549316406,25.43400001525879,24.229999542236328,3687.260009765625,,,,,,,-1.937225674833569,0,0,0,0,0,1,0
2020-12-23,1867.0,1878.800048828125,1864.5,1874.699951171875,82,90.41000366210938,175.64999389648438,25.823999404907227,23.309999465942383,3690.010009765625,,,,,,,-0.9384919698249043,0,0,0,1,1,0,0
2020-12-24,1877.300048828125,1879.9000244140625,1875.699951171875,1879.9000244140625,46,90.33000183105469,176.35000610351562,25.81100082397461,21.530000686645508,3703.06005859375,,,,,,,-0.4059967125004088,0,0,0,0,0,0,1
2020-12-28,1895.5,1895.800048828125,1873.699951171875,1877.199951171875,75,90.33999633789062,175.7100067138672,26.459999084472656,21.700000762939453,3735.360107421875,,,,,,,-1.320166702242963,0,0,0,0,0,0,0
2020-12-29,1881.300048828125,1881.300048828125,1879.699951171875,1879.699951171875,343,90.01000213623047,176.35000610351562,26.13800048828125,23.079999923706055,3727.0400390625,,,,,,,-0.29616733841883036,0,0,0,0,0,0,0
2020-12-30,1879.9000244140625,1895.800048828125,1877.300048828125,1891.0,444,89.62999725341797,177.6999969482422,26.488000869750977,22.770000457763672,3732.0400390625,,,,,,,0.41190786165129867,0,0,0,0,0,0,0
2020-12-31,1897.0,1901.300048828125,1892.699951171875,1893.0999755859375,127,89.94000244140625,178.36000061035156,26.332000732421875,22.75,3756.070068359375,,,,,,,1.5013433057289454,0,0,0,0,0,0,0
2021-01-04,1912.199951171875,1945.0999755859375,1912.199951171875,1944.699951171875,154,89.87999725341797,182.3300018310547,27.284000396728516,26.969999313354492,3700.64990234375,,,,,,,-0.6119342225341138,0,0,0,0,0,0,0
2021-01-05,1941.699951171875,1952.699951171875,1941.300048828125,1952.699951171875,113,89.44000244140625,182.8699951171875,27.570999145507812,25.34000015258789,3726.860107421875,,,,,,,-1.0892700490945553,0,0,0,0,0,0,0
2021-01-06,1952.0,1959.9000244140625,1901.5,1906.9000244140625,331,89.52999877929688,179.89999389648438,26.972999572753906,25.06999969482422,3748.139892578125,,,,,,,2.083359065632558,0,0,0,0,0,0,0
2021-01-07,1922.5999755859375,1926.699951171875,1912.0,1912.300048828125,122,89.83000183105469,179.47999572753906,27.200000762939453,22.3700008392334,3803.7900390625,,,,,,,-0.2146995175268722,0,0,0,0,0,1,0
2021-01-08,1908.0,1908.0,1834.0999755859375,1834.0999755859375,60,90.0999984741211,173.33999633789062,24.582000732421875,21.559999465942383,3824.679931640625,,,,,,,2.745022492787681,0,0,1,0,1,0,0
2021-01-11,1826.5,1849.5999755859375,1826.5,1849.5999755859375,20,90.54000091552734,173.0,25.23900032043457,24.079999923706055,3799.610107421875,,,,,,,-1.649421553518749,0,0,0,0,0,0,1
2021-01-12,1849.0,1859.699951171875,1839.4000244140625,1842.9000244140625,176,90.05000305175781,174.1199951171875,25.384000778198242,23.329999923706055,3801.18994140625,,,,,,,2.5188599554119495,0,0,0,0,0,1,0
2021-01-13,1858.0,1858.5999755859375,1853.5999755859375,1853.5999755859375,189,90.31999969482422,173.3699951171875,25.520000457763672,22.209999084472656,3809.840087890625,,,,,,,-1.5491894934537767,0,1,0,0,1,0,0
2021-01-14,1836.699951171875,1850.699951171875,1836.699951171875,1850.300048828125,149,90.23999786376953,173.27999877929688,25.746000289916992,23.25,3795.5400390625,,,,,,,-1.0285058477705156,0,0,0,0,0,0,1
2021-01-15,1829.4000244140625,1829.4000244140625,1825.0,1829.300048828125,31,90.77999877929688,171.1300048828125,24.825000762939453,24.34000015258789,3768.25,,,,,,,-1.40421121405342,0,0,0,0,0,0,0
2021-01-19,1802.0,1842.9000244140625,1802.0,1839.5,13,90.5,172.5800018310547,25.27899932861328,23.239999771118164,3798.909912109375,,,,,,,-0.27319175496384074,0,0,0,0,0,0,0
2021-01-20,1847.800048828125,1866.5999755859375,1844.4000244140625,1865.9000244140625,16,90.47000122070312,175.38999938964844,25.733999252319336,21.579999923706055,3851.85009765625,,,,,,,0.45449725157343585,0,0,0,0,0,0,0
2021-01-21,1865.300048828125,1868.0,1865.300048828125,1865.300048828125,6,90.12999725341797,175.27999877929688,25.82200050354004,21.31999969482422,3853.070068359375,,,,,,,0.3226702975396849,0,0,0,0,0,0,0
2021-01-22,1854.9000244140625,1855.699951171875,1852.699951171875,1855.699951171875,8,90.23999786376953,173.89999389648438,25.52400016784668,21.90999984741211,3841.469970703125,,,,,,,-0.7608440244535367,0,0,0,0,0,0,0
2021-01-25,1864.699951171875,1864.699951171875,1851.800048828125,1854.9000244140625,26,90.38999938964844,174.0500030517578,25.454999923706055,23.190000534057617,3855.360107421875,,,,,,,-0.23242813213881888,0,0,0,0,0,0,0
2021-01-26,1855.800048828125,1855.800048828125,1850.699951171875,1850.699951171875,59,90.16999816894531,173.6199951171875,25.52899932861328,23.020000457763672,3849.6201171875,,,,,,,-0.3073846080739701,0,0,0,0,0,1,0
2021-01-27,1844.9000244140625,1844.9000244140625,1844.9000244140625,1844.9000244140625,195540,90.6500015258789,172.52000427246094,25.375999450683594,37.209999084472656,3750.77001953125,,,,,,,-1.535656478984573,1,0,0,0,1,0,0
2021-01-28,1843.4000244140625,1862.9000244140625,1831.5,1837.9000244140625,27283,90.45999908447266,172.67999267578125,25.909000396728516,30.209999084472656,3787.3798828125,,,,,,,0.30074120394095843,0,0,0,0,0,1,1
2021-01-29,1842.0,1876.0,1838.699951171875,1847.300048828125,1634,90.58000183105469,172.61000061035156,26.899999618530273,33.09000015258789,3714.239990234375,,,,,,,-1.7745231581862704,0,0,0,1,1,0,0
2021-02-01,1866.5999755859375,1871.9000244140625,1850.0,1860.800048828125,1494,91.0199966430664,174.22999572753906,29.398000717163086,30.239999771118164,3773.860107421875,,,,,,,-0.962286220522656,0,0,0,0,0,0,1
2021-02-02,1859.5999755859375,1861.300048828125,1827.5999755859375,1830.5,1293,91.19999694824219,172.11000061035156,26.384000778198242,25.559999465942383,3826.31005859375,,,,,,,0.6080838391954008,0,0,0,0,0,0,0
2021-02-03,1834.800048828125,1842.4000244140625,1829.800048828125,1832.199951171875,1195,91.12000274658203,171.85000610351562,26.878000259399414,22.90999984741211,3830.169921875,,,,,,,-0.29691753824504175,0,0,0,0,0,0,0
2021-02-04,1832.199951171875,1832.199951171875,1782.800048828125,1788.9000244140625,2375,91.52999877929688,168.14999389648438,26.222999572753906,21.770000457763672,3871.739990234375,,,,,,,0.5064899593375167,0,0,0,0,0,1,0
2021-02-05,1794.300048828125,1813.5,1790.9000244140625,1810.9000244140625,1278,91.04000091552734,169.80999755859375,27.013999938964844,20.8700008392334,3886.830078125,,,,,,,-0.3811478101575756,0,0,1,0,1,0,0
2021-02-08,1816.300048828125,1836.699951171875,1809.0,1831.9000244140625,254,90.93000030517578,171.52000427246094,27.56999969482422,21.239999771118164,3915.590087890625,,,,,,,-0.9459371057748588,0,0,0,0,0,0,1
2021-02-09,1841.9000244140625,1843.300048828125,1830.699951171875,1835.300048828125,184,90.44000244140625,172.0800018310547,27.395999908447266,21.6299991607666,3911.22998046875,,,,,,,-0.38273975075729016,0,0,0,0,0,1,0
2021-02-10,1842.5999755859375,1851.0999755859375,1837.0,1840.5999755859375,543,90.37000274658203,172.7100067138672,27.073999404907227,21.989999771118164,3909.8798828125,,,,,,,-0.039471712619589566,0,1,0,0,1,0,0
2021-02-11,1840.5,1845.0,1820.9000244140625,1824.9000244140625,602,90.41999816894531,171.2100067138672,27.04199981689453,21.25,3916.3798828125,,,,,,,-0.11618322332370318,0,0,0,0,0,0,1
2021-02-12,1825.0,1827.5,1809.199951171875,1821.5999755859375,259,90.4800033569336,170.69000244140625,27.322999954223633,19.969999313354492,3934.830078125,,,,,,,-0.6116599199050506,0,0,0,0,0,0,0
2021-02-16,1820.9000244140625,1823.4000244140625,1787.300048828125,1797.199951171875,1141,90.51000213623047,168.24000549316406,27.319000244140625,21.459999084472656,3932.590087890625,,,,,,,-0.9880915751099947,0,0,0,0,0,0,0
2021-02-17,1785.800048828125,1789.699951171875,1768.800048828125,1771.0999755859375,614,90.94999694824219,166.3300018310547,27.31399917602539,21.5,3931.330078125,,,,,,,0.3531829120104097,0,0,0,0,0,0,0
2021-02-18,1776.0999755859375,1784.5999755859375,1766.0,1773.4000244140625,587,90.58999633789062,166.32000732421875,27.07699966430664,22.489999771118164,3913.969970703125,,,,,,,-0.20832669792273453,0,0,0,0,0,0,0
2021-02-19,1764.300048828125,1787.5999755859375,1764.300048828125,1775.800048828125,118,90.36000061035156,167.00999450683594,27.25200080871582,22.049999237060547,3906.7099609375,,,,,,,0.926918589102475,0,0,0,0,0,0,0
2021-02-22,1784.0,1807.800048828125,1784.0,1806.699951171875,165,90.01000213623047,169.50999450683594,28.08300018310547,23.450000762939453,3876.5,,,,,,,-0.0820330797147557,0,0,0,0,0,0,0
2021-02-23,1809.5999755859375,1811.300048828125,1796.4000244140625,1804.4000244140625,569,90.16999816894531,169.1199951171875,27.68600082397461,23.110000610351562,3881.3701171875,,,,,,,-0.49014207057577874,0,0,0,0,0,0,0
2021-02-24,1805.800048828125,1805.800048828125,1796.4000244140625,1796.4000244140625,1500,90.18000030517578,169.0,27.85700035095215,21.34000015258789,3925.429931640625,,,,,,,1.0617765963837966,0,0,0,0,0,0,0
2021-02-25,1801.5,1802.0,1766.699951171875,1774.4000244140625,1049,90.12999725341797,165.82000732421875,27.636999130249023,28.889999389648438,3829.340087890625,,,,,,,-1.6777630229933522,0,0,0,0,0,1,0
2021-02-26,1768.0999755859375,1768.199951171875,1718.800048828125,1728.0999755859375,1593,90.93000030517578,161.80999755859375,26.402000427246094,27.950000762939453,3811.14990234375,,,,,,,-0.8505165581848332,0,0,0,1,1,0,0
2021-03-01,1737.0999755859375,1747.0,1720.300048828125,1722.5,407,91.04000091552734,161.52999877929688,26.64699935913086,23.350000381469727,3901.820068359375,,,,,,,-0.2254981609236931,0,0,0,0,0,0,1
2021-03-02,1709.4000244140625,1733.0999755859375,1708.699951171875,1733.0999755859375,867,90.79000091552734,162.41000366210938,26.850000381469727,24.100000381469727,3870.2900390625,,,,,,,-0.48853199921744495,0,0,0,0,0,0,0
2021-03-03,1730.0,1732.4000244140625,1703.5,1715.300048828125,501,90.94999694824219,160.6199951171875,26.35700035095215,26.670000076293945,3819.719970703125,,,,,,,-0.7839334075883357,0,0,0,0,0,0,0
2021-03-04,1706.5,1717.4000244140625,1700.199951171875,1700.199951171875,521,91.62999725341797,159.0399932861328,25.43400001525879,28.56999969482422,3768.469970703125,,,,,,,-1.1817108822334668,0,0,0,0,0,1,0
2021-03-05,1690.5999755859375,1701.0,1685.0,1698.0,302,91.9800033569336,159.13999938964844,25.256999969482422,24.65999984741211,3841.93994140625,,,,,,,-0.38424303896797635,0,0,1,0,1,0,0
2021-03-08,1704.699951171875,1705.4000244140625,1673.699951171875,1677.699951171875,1290,92.30999755859375,157.49000549316406,25.239999771118164,25.469999313354492,3821.35009765625,,,,,,,0.2892748858589341,0,0,0,0,0,0,1
2021-03-09,1686.199951171875,1717.5,1685.199951171875,1716.5999755859375,335,91.95999908447266,160.83999633789062,26.148000717163086,24.030000686645508,3875.43994140625,,,,,,,-0.4726046412436297,0,0,0,0,0,1,0
2021-03-10,1713.5999755859375,1722.9000244140625,1711.0,1721.5,412,91.79000091552734,161.66000366210938,26.101999282836914,22.559999465942383,3898.81005859375,,,,,,,0.45206882728963105,0,1,0,0,1,0,0
2021-03-11,1725.5999755859375,1737.5,1720.199951171875,1722.300048828125,18,91.41999816894531,161.52000427246094,26.16200065612793,21.90999984741211,3939.340087890625,,,,,,,-0.09595187710398927,0,0,0,0,0,0,1
2021-03-12,1715.9000244140625,1722.5,1699.0,1719.5,80,91.68000030517578,161.49000549316406,25.8799991607666,20.690000534057617,3943.340087890625,,,,,,,0.5102263612407427,0,0,0,0,0,0,0
2021-03-15,1729.5,1731.9000244140625,1722.800048828125,1728.9000244140625,147,91.83000183105469,162.1999969482422,26.253000259399414,20.030000686645508,3968.93994140625,,,,,,,0.07326530927493895,0,0,0,0,0,0,0
2021-03-16,1732.300048828125,1733.9000244140625,1726.0,1730.5999755859375,729,91.87000274658203,162.35000610351562,25.974000930786133,19.790000915527344,3962.7099609375,,,,,,,0.045010443368502656,0,0,0,0,0,1,0
2021-03-17,1735.300048828125,1750.0999755859375,1725.5999755859375,1726.800048828125,488,91.4000015258789,163.50999450683594,26.030000686645508,19.229999542236328,3974.1201171875,,,,,,,3.474026444836261,1,0,0,0,1,0,0
2021-03-18,1745.800048828125,1750.300048828125,1721.800048828125,1732.199951171875,138,91.8499984741211,162.55999755859375,26.320999145507812,21.579999923706055,3915.4599609375,,,,,,,0.12570441222138865,0,0,0,0,0,0,1
2021-03-19,1742.199951171875,1742.199951171875,1733.5999755859375,1741.4000244140625,13,91.91999816894531,163.24000549316406,26.29199981689453,20.950000762939453,3913.10009765625,,,,,,,-0.2681527687209823,0,0,0,0,0,0,0
2021-03-22,1737.800048828125,1737.800048828125,1737.800048828125,1737.800048828125,51,91.80000305175781,163.0,25.740999221801758,18.8799991607666,3940.590087890625,,,,,,,-0.049582626105682474,0,0,0,0,0,0,0
2021-03-23,1724.699951171875,1724.699951171875,1724.699951171875,1724.699951171875,6,92.33999633789062,161.80999755859375,25.200000762939453,20.299999237060547,3910.52001953125,,,,,,,0.025969907700562393,0,0,0,0,0,0,0
2021-03-24,1727.5,1732.9000244140625,1727.5,1732.9000244140625,26,92.52999877929688,162.3699951171875,25.201000213623047,21.200000762939453,3889.139892578125,,,,,,,-0.4800507829212696,0,0,0,0,0,0,0
2021-03-25,1732.699951171875,1733.199951171875,1724.5,1724.9000244140625,15,92.87999725341797,161.77999877929688,25.02199935913086,19.809999465942383,3909.52001953125,,,,,,,-0.11993835755390736,0,0,0,0,0,1,0
2021-03-26,1721.300048828125,1732.199951171875,1721.300048828125,1732.199951171875,33,92.7699966430664,162.24000549316406,25.091999053955078,18.860000610351562,3974.5400390625,,,,,,,-0.6613434917083089,0,0,0,1,1,0,0
2021-03-29,1712.0999755859375,1712.0999755859375,1712.0999755859375,1712.0999755859375,135457,92.94000244140625,160.30999755859375,24.746999740600586,20.739999771118164,3971.090087890625,,,,,,,-0.7622092488003427,0,0,0,0,0,0,1
2021-03-30,1711.0,1712.5999755859375,1676.5,1683.9000244140625,25316,93.30000305175781,157.57000732421875,24.121000289916992,19.610000610351562,3958.550048828125,,,,,,,-1.005241905561304,0,0,0,0,0,0,0
2021-03-31,1683.699951171875,1713.800048828125,1676.5,1713.800048828125,762,93.2300033569336,159.9600067138672,24.517000198364258,19.399999618530273,3972.889892578125,,,,,,,-1.9054472257808908,0,0,0,0,0,0,0
2021-04-01,1706.800048828125,1728.800048828125,1706.4000244140625,1726.5,720,92.93000030517578,161.97999572753906,24.934999465942383,17.329999923706055,4019.8701171875,,,,,,,0.05739175461938907,0,0,0,0,0,0,0
2021-04-05,1727.9000244140625,1729.699951171875,1721.9000244140625,1727.0,275,92.5999984741211,161.9199981689453,24.76300048828125,17.90999984741211,4077.909912109375,,,,,,,-0.16792230524717852,0,0,0,0,0,0,0
2021-04-06,1726.9000244140625,1744.800048828125,1726.9000244140625,1741.5,890,92.33999633789062,163.22000122070312,25.211999893188477,18.1200008392334,4073.93994140625,,,,,,,-0.307246850923409,0,0,0,0,0,0,0
2021-04-07,1742.699951171875,1742.699951171875,1733.699951171875,1740.0999755859375,557,92.45999908447266,162.75999450683594,25.232999801635742,17.15999984741211,4079.949951171875,,,,,,,-1.0760875088247832,0,0,0,0,0,0,0
2021-04-08,1736.0,1758.0,1734.5999755859375,1756.800048828125,1298,92.05999755859375,164.50999450683594,25.569000244140625,16.950000762939453,4097.169921875,,,,,,,-0.6137270941671189,0,0,0,0,0,0,0
2021-04-09,1750.800048828125,1750.800048828125,1733.300048828125,1743.300048828125,484,92.16000366210938,163.27000427246094,25.31100082397461,16.690000534057617,4128.7998046875,,,,,,,-0.5397776434756866,0,0,0,0,0,0,0
2021-04-12,1740.800048828125,1740.800048828125,1726.699951171875,1731.199951171875,40,92.13999938964844,162.27999877929688,24.85300064086914,16.90999984741211,4127.990234375,,,,,,,-0.1452177670850085,0,0,0,0,0,1,0
2021-04-13,1733.800048828125,1746.9000244140625,1722.0999755859375,1746.199951171875,367,91.8499984741211,163.42999267578125,25.41699981689453,16.649999618530273,4141.58984375,,,,,,,-0.8375426903132197,0,1,0,0,1,0,0
2021-04-14,1741.300048828125,1745.9000244140625,1732.699951171875,1734.9000244140625,1037,91.69000244140625,162.72000122070312,25.514999389648438,16.989999771118164,4124.66015625,,,,,,,0.16894941844581382,0,0,0,0,0,0,1
2021-04-15,1740.0999755859375,1767.9000244140625,1740.0999755859375,1765.4000244140625,368,91.66999816894531,165.35000610351562,25.95599937438965,16.56999969482422,4170.419921875,,,,,,,-0.5235683642070124,0,0,0,0,0,0,0
2021-04-16,1770.4000244140625,1779.5,1770.0999755859375,1779.0,625,91.55999755859375,166.35000610351562,26.099000930786133,16.25,4185.47021484375,,,,,,,-1.301921335028589,0,0,0,0,0,0,0
2021-04-19,1782.0999755859375,1788.5,1769.4000244140625,1769.4000244140625,144,91.06999969482422,165.88999938964844,25.83099937438965,17.290000915527344,4163.259765625,,,,,,,-0.04004330816117898,0,0,0,0,0,0,0
2021-04-20,1769.300048828125,1777.300048828125,1765.5,1777.300048828125,1464,91.23999786376953,166.47999572753906,25.834999084472656,18.68000030517578,4134.93994140625,,,,,,,-0.46987741528226357,0,0,0,0,0,0,0
2021-04-21,1783.0,1794.0999755859375,1777.699951171875,1792.300048828125,250,91.16000366210938,168.1300048828125,26.565000534057617,17.5,4173.419921875,,,,,,,0.26197731840633115,0,0,0,0,0,0,0
2021-04-22,1794.199951171875,1794.199951171875,1779.5,1781.199951171875,159,91.33000183105469,167.0399932861328,26.173999786376953,18.709999084472656,4134.97998046875,,,,,,,0.1347117871583154,0,0,0,0,0,0,0
2021-04-23,1786.0999755859375,1794.5,1772.0,1777.0,332,90.86000061035156,166.39999389648438,26.07699966430664,17.329999923706055,4180.169921875,,,,,,,-0.5966479055725986,0,0,0,0,0,0,0
2021-04-26,1778.0,1779.699951171875,1770.800048828125,1779.199951171875,549,90.80999755859375,166.83999633789062,26.211000442504883,17.639999389648438,4187.6201171875,,,,,,,0.10833928190216074,0,0,0,0,0,0,0
2021-04-27,1780.0,1782.0,1777.699951171875,1778.0,117,90.91000366210938,166.4199981689453,26.41200065612793,17.559999465942383,4186.72021484375,,,,,,,-0.7915750411769448,0,0,0,0,0,1,0
2021-04-28,1768.199951171875,1774.0,1764.5999755859375,1773.199951171875,756,90.61000061035156,166.91000366210938,26.08099937438965,17.280000686645508,4183.18017578125,,,,,,,1.930772573467427,1,0,0,0,1,0,0
2021-04-29,1781.0,1789.0,1758.5999755859375,1768.0999755859375,196,90.61000061035156,166.22000122070312,26.05299949645996,17.610000610351562,4211.47021484375,,,,,,,1.3006931006221742,0,0,0,0,0,1,1
2021-04-30,1771.800048828125,1771.800048828125,1763.9000244140625,1767.300048828125,18,91.27999877929688,165.66000366210938,25.85300064086914,18.610000610351562,4181.169921875,,,,,,,-0.14813553547296515,0,0,0,1,1,0,0
2021-05-03,1788.5,1793.0,1788.5,1791.4000244140625,18,90.94999694824219,167.80999755859375,26.94300079345703,18.309999465942383,4192.66015625,,,,,,,-0.4754914377287057,0,0,0,0,0,0,1
2021-05-04,1788.199951171875,1788.5,1774.800048828125,1775.800048828125,182,91.29000091552734,166.5800018310547,26.538999557495117,19.479999542236328,4164.66015625,,,,,,,0.23850247986822282,0,0,0,0,0,0,0
2021-05-05,1781.5,1784.0999755859375,1779.199951171875,1784.0999755859375,57,91.30999755859375,167.27000427246094,26.50200080871582,19.149999618530273,4167.58984375,,,,,,,-0.026003047867448875,0,0,0,0,0,0,0
2021-05-06,1788.9000244140625,1815.5,1787.5999755859375,1815.5,13,90.94999694824219,170.05999755859375,27.461999893188477,18.389999389648438,4201.6201171875,,,,,,,-0.46098035518286784,0,0,0,0,0,1,0
2021-05-07,1842.9000244140625,1842.9000244140625,1831.0999755859375,1831.0999755859375,2,90.2300033569336,171.58999633789062,27.461999893188477,16.690000534057617,4232.60009765625,,,,,,,-0.250583083632877,0,0,1,0,1,0,0
2021-05-10,1835.5999755859375,1845.5999755859375,1835.4000244140625,1837.5,13,90.20999908447266,172.11000061035156,27.479000091552734,19.65999984741211,4188.43017578125,,,,,,,-0.4913281264298368,0,0,0,0,0,0,1
2021-05-11,1837.199951171875,1838.0999755859375,1831.5999755859375,1835.9000244140625,420,90.13999938964844,172.13999938964844,27.656999588012695,21.84000015258789,4152.10009765625,,,,,,,0.0439865615496046,0,0,0,0,0,1,0
2021-05-12,1825.199951171875,1825.199951171875,1821.699951171875,1822.5999755859375,3,90.70999908447266,170.42999267578125,27.231000900268555,27.59000015258789,4063.0400390625,,,,,,,-1.2998505351769276,0,1,0,0,1,0,0
2021-05-13,1814.699951171875,1826.800048828125,1814.0999755859375,1823.800048828125,100,90.75,171.1300048828125,27.04400062561035,23.1299991607666,4112.5,,,,,,,0.43852616799098715,0,0,0,0,0,0,1
2021-05-14,1824.5,1842.9000244140625,1824.5,1837.9000244140625,41,90.31999969482422,172.69000244140625,27.35300064086914,18.809999465942383,4173.85009765625,,,,,,,1.1016352198206512,0,0,0,0,0,0,0
2021-05-17,1849.9000244140625,1867.5,1847.199951171875,1867.5,13,90.22000122070312,174.6999969482422,28.260000228881836,19.719999313354492,4163.2900390625,,,,,,,-1.0942639178577178,0,0,0,0,0,0,0
2021-05-18,1870.5,1870.5,1867.800048828125,1867.800048828125,3,89.75,175.0399932861328,28.31399917602539,21.34000015258789,4127.830078125,,,,,,,-0.19064890114749822,0,0,0,0,0,0,0
2021-05-19,1866.4000244140625,1884.9000244140625,1863.5999755859375,1881.300048828125,348,90.19000244140625,175.16000366210938,28.007999420166016,22.18000030517578,4115.68017578125,,,,,,,-3.10870286375145,0,0,0,0,0,0,0
2021-05-20,1865.5,1885.0,1864.800048828125,1881.800048828125,85,89.80999755859375,175.9600067138672,28.052000045776367,20.670000076293945,4159.1201171875,,,,,,,-1.1117521055222683,0,0,0,0,0,0,0
2021-05-21,1872.0999755859375,1876.699951171875,1872.0999755859375,1876.699951171875,5,90.0199966430664,176.0399932861328,27.472999572753906,20.149999618530273,4155.85986328125,,,,,,,0.3590544497218586,0,0,0,0,0,0,0
2021-05-24,1882.0999755859375,1884.5999755859375,1882.0999755859375,1884.5999755859375,39,89.83000183105469,176.35000610351562,27.886999130249023,18.399999618530273,4197.0498046875,,,,,,,-0.7583826202720831,0,0,0,0,0,0,0
2021-05-25,1882.5,1898.0999755859375,1882.5,1898.0999755859375,56,89.63999938964844,177.9499969482422,28.03700065612793,18.84000015258789,4188.1298828125,,,,,,,0.1453269005706984,0,0,0,0,0,0,0
2021-05-26,1901.300048828125,1901.300048828125,1901.300048828125,1901.300048828125,170526,90.04000091552734,177.63999938964844,27.85300064086914,17.360000610351562,4195.990234375,,,,,,,-1.470956233553696,0,0,0,0,0,0,0
2021-05-27,1896.800048828125,1903.9000244140625,1888.199951171875,1895.699951171875,35794,89.97000122070312,177.7100067138672,27.91900062561035,16.739999771118164,4200.8798828125,,,,,,,0.09819073858992956,0,0,0,0,0,1,0
2021-05-28,1897.5,1905.4000244140625,1881.9000244140625,1902.5,2415,90.02999877929688,178.3800048828125,27.993000030517578,16.760000228881836,4204.10986328125,,,,,,,0.18585273883722084,0,0,0,1,1,0,0
2021-06-01,1905.0999755859375,1916.199951171875,1892.800048828125,1902.9000244140625,640,89.83000183105469,177.89999389648438,28.08300018310547,17.899999618530273,4202.0400390625,,,,,,,-1.1571577529977066,0,0,0,0,0,0,1
2021-06-02,1899.199951171875,1908.800048828125,1896.0,1907.5,1267,89.9000015258789,178.77000427246094,28.18600082397461,17.479999542236328,4208.1201171875,,,,,,,-0.0113313122696763,0,0,0,0,0,0,0
2021-06-03,1908.800048828125,1908.800048828125,1865.0,1871.199951171875,1021,90.5,175.27000427246094,27.459999084472656,18.040000915527344,4192.85009765625,,,,,,,-0.2848920118163093,0,0,0,0,0,1,0
2021-06-04,1869.300048828125,1895.5,1854.0,1889.800048828125,367,90.13999938964844,177.16000366210938,27.878999710083008,16.420000076293945,4229.89013671875,,,,,,,0.10675025304289386,0,0,1,0,1,0,0
2021-06-07,1890.5,1899.699951171875,1883.199951171875,1896.800048828125,87,89.94999694824219,177.8699951171875,28.000999450683594,16.420000076293945,4226.52001953125,,,,,,,0.2583374934040606,0,0,0,0,0,0,1
2021-06-08,1896.5,1902.9000244140625,1890.0,1892.199951171875,930,90.08000183105469,177.32000732421875,27.71500015258789,17.06999969482422,4227.259765625,,,,,,,-0.05951996546775175,0,0,0,0,0,0,0
2021-06-09,1894.9000244140625,1897.699951171875,1889.199951171875,1893.199951171875,148,90.12000274658203,176.97999572753906,27.985000610351562,17.889999389648438,4219.5498046875,,,,,,,-1.1778373367917263,0,0,0,0,0,1,0
2021-06-10,1887.699951171875,1899.800048828125,1871.5,1894.199951171875,186,90.08000183105469,177.74000549316406,28.014999389648438,16.100000381469727,4239.18017578125,,,,,,,0.586998465776003,0,1,0,0,1,0,0
2021-06-11,1900.9000244140625,1902.300048828125,1875.199951171875,1877.4000244140625,349,90.55999755859375,175.74000549316406,28.131000518798828,15.649999618530273,4247.43994140625,,,,,,,-0.5244245418537987,0,0,0,0,0,0,1
2021-06-14,1866.199951171875,1866.5999755859375,1846.5,1864.0,41,90.5199966430664,174.7100067138672,28.02400016784668,16.389999389648438,4255.14990234375,,,,,,,0.09084983321075642,0,0,0,0,0,0,0
2021-06-15,1866.4000244140625,1867.199951171875,1854.4000244140625,1854.5,78,90.54000091552734,174.0500030517578,27.679000854492188,17.020000457763672,4246.58984375,,,,,,,0.7150701051322632,0,0,0,0,0,1,0
2021-06-16,1859.4000244140625,1860.0999755859375,1809.199951171875,1859.5,117,91.12999725341797,171.11000061035156,27.799999237060547,18.149999618530273,4223.7001953125,,,,,,,-6.321699449769744,1,0,0,0,1,0,0
2021-06-17,1811.800048828125,1823.300048828125,1769.5999755859375,1773.800048828125,1135,91.88999938964844,165.85000610351562,25.8439998626709,17.75,4221.85986328125,,,,,,,-0.6271322120655736,0,0,0,0,0,0,1
2021-06-18,1775.699951171875,1792.4000244140625,1767.9000244140625,1767.9000244140625,354,92.2300033569336,164.92999267578125,25.95800018310547,20.700000762939453,4166.4501953125,,,,,,,-1.3778334435367978,0,0,0,0,0,0,0
2021-06-21,1768.800048828125,1785.199951171875,1766.800048828125,1781.800048828125,38,91.86000061035156,166.9499969482422,26.014999389648438,17.889999389648438,4224.7900390625,,,,,,,0.16166482870283552,0,0,0,0,0,0,0
2021-06-22,1783.4000244140625,1786.9000244140625,1775.9000244140625,1776.300048828125,101,91.7300033569336,166.25,25.847999572753906,16.65999984741211,4246.43994140625,,,,,,,-0.2188766917785493,0,0,0,0,0,0,0
2021-06-23,1780.699951171875,1793.199951171875,1780.5999755859375,1782.300048828125,136,91.80000305175781,166.13999938964844,26.107999801635742,16.31999969482422,4241.83984375,,,,,,,-1.5867043791475552,0,0,0,0,0,0,0
2021-06-24,1778.9000244140625,1786.4000244140625,1775.5999755859375,1775.5999755859375,78,91.81999969482422,166.0399932861328,26.047000885009766,15.970000267028809,4266.490234375,,,,,,,-0.4722920707566331,0,0,0,0,0,1,0
2021-06-25,1777.699951171875,1788.0,1775.199951171875,1776.5999755859375,35,91.80999755859375,166.58999633789062,26.082000732421875,15.619999885559082,4280.7001953125,,,,,,,0.4763138138967078,0,0,0,1,1,0,0
2021-06-28,1779.5999755859375,1779.5999755859375,1779.5999755859375,1779.5999755859375,888,91.87999725341797,166.5800018310547,26.218000411987305,15.760000228881836,4290.60986328125,,,,,,,-0.12982244150751293,0,0,0,0,0,0,1
2021-06-29,1776.800048828125,1777.0999755859375,1752.0999755859375,1762.800048828125,419,92.05000305175781,164.8300018310547,25.871999740600586,16.020000457763672,4291.7998046875,,,,,,,-0.49864824343034353,0,0,0,0,0,0,0
2021-06-30,1761.0999755859375,1770.800048828125,1759.199951171875,1770.800048828125,51,92.44000244140625,165.6300048828125,26.165000915527344,15.829999923706055,4297.5,,,,,,,-0.40514921273181814,0,0,0,0,0,0,0
2021-07-01,1775.699951171875,1781.199951171875,1768.800048828125,1775.9000244140625,44,92.5999984741211,166.1999969482422,26.075000762939453,15.479999542236328,4319.93994140625,,,,,,,-0.19609539829649583,0,0,0,0,0,1,0
2021-07-02,1778.699951171875,1787.9000244140625,1778.300048828125,1782.5999755859375,23,92.2300033569336,167.2899932861328,26.481000900268555,15.069999694824219,4352.33984375,,,,,,,0.7709262805410556,0,0,1,0,1,0,0
2021-07-06,1786.699951171875,1809.800048828125,1786.699951171875,1793.5,332,92.55000305175781,168.1199951171875,26.15399932861328,16.440000534057617,4343.5400390625,,,,,,,0.36752600145426956,0,0,0,0,0,0,1
2021-07-07,1798.699951171875,1808.4000244140625,1797.199951171875,1801.5,244,92.63999938964844,168.75999450683594,26.110000610351562,16.200000762939453,4358.1298828125,,,,,,,0.13103600205069113,0,0,0,0,0,0,0
2021-07-08,1797.0,1818.5,1797.0,1799.5999755859375,148,92.36000061035156,168.64999389648438,25.966999053955078,19.0,4320.81982421875,,,,,,,0.2679692167884243,0,0,0,0,0,0,0
2021-07-09,1803.5999755859375,1810.0999755859375,1798.800048828125,1810.0,218,92.12999725341797,169.2100067138672,26.211000442504883,16.18000030517578,4369.5498046875,,,,,,,-0.5775821885299633,0,0,0,0,0,0,0
2021-07-12,1802.5999755859375,1805.5,1799.5,1805.5,147,92.2300033569336,169.0,26.216999053955078,16.170000076293945,4384.6298828125,,,,,,,-0.134221181568623,0,0,0,0,0,1,0
2021-07-13,1808.0999755859375,1812.0,1800.5999755859375,1809.4000244140625,78,92.75,169.22000122070312,26.114999771118164,17.1200008392334,4369.2099609375,,,,,,,-0.4290280621021452,0,1,0,0,1,0,0
2021-07-14,1813.0999755859375,1829.0,1813.0999755859375,1824.300048828125,707,92.41000366210938,171.0399932861328,26.246000289916992,16.329999923706055,4374.2998046875,,,,,,,0.445742529224622,0,0,0,0,0,0,1
2021-07-15,1831.5999755859375,1833.0,1823.4000244140625,1828.4000244140625,99,92.62000274658203,171.07000732421875,26.375,17.010000228881836,4360.02978515625,,,,,,,-0.272119212522592,0,0,0,0,0,0,0
2021-07-16,1830.0999755859375,1831.4000244140625,1814.5,1814.5,78,92.69000244140625,169.41000366210938,25.777000427246094,18.450000762939453,4327.16015625,,,,,,,-0.9968085658736667,0,0,0,0,0,0,0
2021-07-19,1803.300048828125,1813.4000244140625,1803.300048828125,1808.699951171875,33,92.88999938964844,169.61000061035156,25.125999450683594,22.5,4258.490234375,,,,,,,0.5223647841835195,0,0,0,0,0,0,0
2021-07-20,1812.9000244140625,1824.0,1810.9000244140625,1810.9000244140625,128,92.97000122070312,169.38999938964844,24.976999282836914,19.729999542236328,4323.06005859375,,,,,,,-0.3423237057074108,0,0,0,0,0,0,0
2021-07-21,1807.0,1807.0,1800.0,1802.9000244140625,135,92.75,168.75999450683594,25.238000869750977,17.90999984741211,4358.68994140625,,,,,,,-0.08768103390623191,0,0,0,0,0,0,0
2021-07-22,1793.5999755859375,1805.0,1793.5999755859375,1805.0,2,92.81999969482422,169.08999633789062,25.364999771118164,17.690000534057617,4367.47998046875,,,,,,,0.1934565930487889,0,0,0,0,0,0,0
2021-07-23,1800.0,1801.4000244140625,1800.0,1801.4000244140625,1,92.91000366210938,168.55999755859375,25.218000411987305,17.200000762939453,4411.7900390625,,,,,,,-0.20098724498277032,0,0,0,0,0,0,0
2021-07-26,1802.5,1802.5,1797.199951171875,1798.699951171875,17,92.6500015258789,168.16000366210938,25.295000076293945,17.579999923706055,4422.2998046875,,,,,,,-0.4895684832552014,0,0,0,0,0,0,0
2021-07-27,1803.699951171875,1803.699951171875,1799.5,1799.5,1,92.43000030517578,168.44000244140625,24.631999969482422,19.360000610351562,4401.4599609375,,,,,,,-0.0649576634862985,0,0,0,0,0,1,0
2021-07-28,1799.5,1799.5,1799.5,1799.5,209783,92.31999969482422,169.2899932861328,24.856000900268555,18.309999465942383,4400.64013671875,,,,,,,1.7079043902619848,1,0,0,0,1,0,0
2021-07-29,1806.5999755859375,1832.5999755859375,1806.0999755859375,1831.199951171875,30496,91.86000061035156,171.1699981689453,25.763999938964844,17.700000762939453,4419.14990234375,,,,,,,-0.5238603732231926,0,0,0,0,0,1,1
2021-07-30,1828.0,1830.5,1808.9000244140625,1812.5999755859375,3100,92.16999816894531,169.82000732421875,25.527999877929688,18.239999771118164,4395.259765625,,,,,,,0.29541373620171524,0,0,0,1,1,0,0
2021-08-02,1812.4000244140625,1818.699951171875,1804.800048828125,1818.0999755859375,1334,92.05000305175781,169.61000061035156,25.55699920654297,19.459999084472656,4387.16015625,,,,,,,-1.1879934316366192,0,0,0,0,0,0,1
2021-08-03,1812.300048828125,1813.5,1806.0,1810.0999755859375,3341,92.08000183105469,169.49000549316406,25.56599998474121,18.040000915527344,4423.14990234375,,,,,,,0.1265414098428326,0,0,0,0,0,0,0
2021-08-04,1809.300048828125,1831.300048828125,1806.300048828125,1810.5,2860,92.2699966430664,169.52999877929688,25.445999145507812,17.969999313354492,4402.66015625,,,,,,,0.13935044167122157,0,0,0,0,0,0,0
2021-08-05,1810.800048828125,1813.699951171875,1796.0,1805.0999755859375,588,92.23999786376953,168.86000061035156,25.277000427246094,17.280000686645508,4429.10009765625,,,,,,,-0.1987254269421759,0,0,0,0,0,1,0
2021-08-06,1799.800048828125,1800.0999755859375,1758.4000244140625,1760.0,859,92.80000305175781,164.63999938964844,24.312000274658203,16.149999618530273,4436.52001953125,,,,,,,-0.1914271430672448,0,0,1,0,1,0,0
2021-08-09,1753.5,1753.800048828125,1692.5999755859375,1723.4000244140625,1621,92.94999694824219,161.72000122070312,23.2549991607666,16.719999313354492,4432.35009765625,,,,,,,0.9035219522272188,0,0,0,0,0,0,1
2021-08-10,1728.5999755859375,1735.199951171875,1720.0999755859375,1728.800048828125,1363,93.05999755859375,161.77000427246094,23.37700080871582,16.790000915527344,4436.75,,,,,,,-0.08325123564418596,0,0,0,0,0,1,0
2021-08-11,1727.300048828125,1752.199951171875,1727.300048828125,1750.4000244140625,542,92.91000366210938,164.0,23.474000930786133,16.170000076293945,4442.41015625,,,,,,,0.3576481604778596,0,1,0,0,1,0,0
2021-08-12,1749.699951171875,1752.4000244140625,1745.5,1749.0,739,93.04000091552734,164.0399932861328,23.104999542236328,15.59000015258789,4460.830078125,,,,,,,0.732329709902508,0,0,0,0,0,0,1
2021-08-13,1758.300048828125,1777.300048828125,1757.4000244140625,1775.199951171875,436,92.5199966430664,166.38999938964844,23.76799964904785,15.449999809265137,4468.0,,,,,,,0.5237761407539137,0,0,0,0,0,0,0
2021-08-16,1776.9000244140625,1787.800048828125,1771.9000244140625,1786.9000244140625,219,92.62999725341797,167.22000122070312,23.780000686645508,16.1200008392334,4479.7099609375,,,,,,,-0.05246222050084864,0,0,0,0,0,0,0
2021-08-17,1787.699951171875,1794.199951171875,1780.0,1785.0,200,93.12999725341797,166.97000122070312,23.648000717163086,17.90999984741211,4448.080078125,,,,,,,-0.19777796614952575,0,0,0,0,0,0,0
2021-08-18,1787.800048828125,1791.5,1779.0,1781.5999755859375,263,93.13999938964844,167.10000610351562,23.41200065612793,21.56999969482422,4400.27001953125,,,,,,,0.7479809542205212,0,0,0,0,0,0,0
2021-08-19,1780.0,1789.300048828125,1775.5,1780.199951171875,245,93.56999969482422,166.61000061035156,23.219999313354492,21.670000076293945,4405.7998046875,,,,,,,-0.05362728042067812,0,0,0,0,0,0,0
2021-08-20,1784.0999755859375,1787.5,1778.199951171875,1781.0,235,93.5,166.6999969482422,23.104999542236328,18.559999465942383,4441.669921875,,,,,,,-0.0072753169305312185,0,0,0,0,0,0,0
2021-08-23,1776.800048828125,1804.800048828125,1776.800048828125,1803.199951171875,32,92.95999908447266,168.72999572753906,23.64900016784668,17.149999618530273,4479.52978515625,,,,,,,-0.11279433555005663,0,0,0,0,0,0,0
2021-08-24,1801.0,1805.5999755859375,1801.0,1805.5999755859375,22,92.88999938964844,168.64999389648438,23.889999389648438,17.219999313354492,4486.22998046875,,,,,,,-0.7602601144074502,0,0,0,0,0,0,0
2021-08-25,1792.0,1792.9000244140625,1784.0,1788.199951171875,812,92.83000183105469,167.47999572753906,23.770999908447266,16.790000915527344,4496.18994140625,,,,,,,0.2366339661551195,0,0,0,0,0,0,0
2021-08-26,1787.4000244140625,1792.199951171875,1781.0,1792.199951171875,61,93.05999755859375,167.6699981689453,23.54599952697754,18.84000015258789,4470.0,,,,,,,-0.16204650271665588,0,0,0,0,0,1,0
2021-08-27,1803.4000244140625,1816.5999755859375,1803.0999755859375,1816.5999755859375,1219,92.69000244140625,170.19000244140625,24.059999465942383,16.389999389648438,4509.3701171875,,,,,,,0.36489740383249514,0,0,0,1,1,0,0
2021-08-30,1818.199951171875,1820.300048828125,1807.800048828125,1809.0,684,92.6500015258789,169.35000610351562,23.959999084472656,16.190000534057617,4528.7900390625,,,,,,,0.07387885169417475,0,0,0,0,0,0,1
2021-08-31,1815.9000244140625,1815.9000244140625,1801.0999755859375,1815.0,82,92.62999725341797,169.69000244140625,23.959999084472656,16.479999542236328,4522.68017578125,,,,,,,-0.40144430401366654,0,0,0,0,0,0,0
2021-09-01,1813.5,1815.9000244140625,1809.5,1813.0999755859375,114,92.44999694824219,169.6999969482422,24.177000045776367,16.110000610351562,4524.08984375,,,,,,,0.018026731774422045,0,0,0,0,0,0,0
2021-09-02,1813.199951171875,1813.9000244140625,1806.800048828125,1808.699951171875,26,92.2300033569336,169.25,23.875,16.40999984741211,4536.9501953125,,,,,,,-0.05600725281264964,0,0,0,0,0,1,0
2021-09-03,1820.9000244140625,1833.9000244140625,1818.9000244140625,1830.9000244140625,53,92.04000091552734,171.05999755859375,24.761999130249023,16.40999984741211,4535.43017578125,,,,,,,-0.6226728284047801,0,0,1,0,1,0,0
2021-09-07,1825.699951171875,1825.699951171875,1792.699951171875,1795.9000244140625,48,92.5199966430664,167.7100067138672,24.333999633789062,18.139999389648438,4520.02978515625,,,,,,,-0.7790436791918998,0,0,0,0,0,0,1
2021-09-08,1781.699951171875,1790.699951171875,1781.699951171875,1790.699951171875,69,92.6500015258789,167.2899932861328,24.011999130249023,17.959999084472656,4514.06982421875,,,,,,,-0.6267247251863424,0,0,0,0,0,0,0
2021-09-09,1798.699951171875,1798.699951171875,1787.9000244140625,1797.4000244140625,49,92.4800033569336,168.02999877929688,24.132999420166016,18.799999237060547,4493.27978515625,,,,,,,-0.35265449835470025,0,0,0,0,0,0,0
2021-09-10,1789.5999755859375,1789.5999755859375,1789.5999755859375,1789.5999755859375,0,92.58000183105469,167.17999267578125,23.854999542236328,20.950000762939453,4458.580078125,,,,,,,-0.6115296299150965,0,0,0,0,0,0,0
2021-09-13,1789.800048828125,1796.0,1784.0,1792.0,533,92.62000274658203,167.74000549316406,23.753000259399414,19.3700008392334,4468.72998046875,,,,,,,0.15212502008890788,0,0,0,0,0,1,0
2021-09-14,1791.4000244140625,1806.199951171875,1783.0,1804.699951171875,764,92.6500015258789,168.82000732421875,23.841999053955078,19.459999084472656,4443.0498046875,,,,,,,-0.07259473201726796,0,1,0,0,1,0,0
2021-09-15,1803.699951171875,1803.699951171875,1792.4000244140625,1792.4000244140625,59,92.48999786376953,167.8300018310547,23.759000778198242,18.18000030517578,4480.7001953125,,,,,,,0.31995579107564787,0,0,0,0,0,0,1
2021-09-16,1792.9000244140625,1792.9000244140625,1743.9000244140625,1754.5999755859375,1645,92.86000061035156,164.02999877929688,22.75200080871582,18.690000534057617,4473.75,,,,,,,-0.706399936289304,0,0,0,0,0,0,0
2021-09-17,1758.800048828125,1763.0,1749.4000244140625,1749.4000244140625,581,93.19999694824219,163.77000427246094,22.295000076293945,20.809999465942383,4432.990234375,,,,,,,0.15778785648997745,0,0,0,0,0,0,0
2021-09-20,1751.800048828125,1761.800048828125,1750.9000244140625,1761.800048828125,185,93.23999786376953,164.94000244140625,22.163000106811523,25.709999084472656,4357.72998046875,,,,,,,0.2047553712912485,0,0,0,0,0,0,0
2021-09-21,1762.199951171875,1776.0,1759.0,1776.0,106,93.19999694824219,166.0399932861328,22.572999954223633,24.360000610351562,4354.18994140625,,,,,,,-0.7104287220167089,0,0,0,0,0,1,0
2021-09-22,1776.699951171875,1784.300048828125,1767.0,1776.699951171875,17,93.45999908447266,165.4199981689453,22.868999481201172,20.8700008392334,4395.64013671875,,,,,,,-3.3339662344484187,1,0,0,0,1,0,0
2021-09-23,1766.800048828125,1766.800048828125,1738.199951171875,1747.699951171875,31,93.0999984741211,163.50999450683594,22.642000198364258,18.6299991607666,4448.97998046875,,,,,,,-0.21980573958662175,0,0,0,0,0,0,1
2021-09-24,1749.699951171875,1749.699951171875,1745.0,1749.699951171875,76,93.33000183105469,163.3000030517578,22.38800048828125,17.75,4455.47998046875,,,,,,,-1.7200305052092748,0,0,0,0,0,0,0
2021-09-27,1751.699951171875,1754.4000244140625,1747.5,1750.0,808,93.37999725341797,163.63999938964844,22.656999588012695,18.760000228881836,4443.10986328125,,,,,,,-0.49076912920224985,0,0,0,0,0,0,0
2021-09-28,1739.5999755859375,1741.699951171875,1726.800048828125,1735.800048828125,15748,93.7699966430664,162.0500030517578,22.43000030517578,23.25,4352.6298828125,,,,,,,-1.4808053148676326,0,0,0,0,0,0,0
2021-09-29,1732.4000244140625,1744.0999755859375,1721.4000244140625,1721.5,6634,94.33999633789062,161.32000732421875,21.458999633789062,22.559999465942383,4359.4599609375,,,,,,,0.8543696927983474,0,0,0,0,0,1,0
2021-09-30,1725.5,1760.300048828125,1724.5,1755.300048828125,997,94.25,164.22000122070312,22.020999908447266,23.139999389648438,4307.5400390625,,,,,,,-0.1591990019816778,0,0,0,1,1,0,0
2021-10-01,1754.300048828125,1762.5999755859375,1748.5,1757.0,2220,94.04000091552734,164.58999633789062,22.510000228881836,21.100000381469727,4357.0400390625,,,,,,,0.6751352238575243,0,0,0,0,0,0,1
2021-10-04,1764.5,1768.9000244140625,1749.5,1766.199951171875,417,93.80999755859375,165.36000061035156,22.618000030517578,22.959999084472656,4300.4599609375,,,,,,,0.3355945710121253,0,0,0,0,0,0,0
2021-10-05,1764.300048828125,1764.300048828125,1749.0,1759.5999755859375,98,93.9800033569336,164.58999633789062,22.582000732421875,21.299999237060547,4345.72021484375,,,,,,,-0.24543394870586677,0,0,0,0,0,0,0
2021-10-06,1759.300048828125,1762.9000244140625,1744.699951171875,1760.5,56,94.2699966430664,165.02999877929688,22.506000518798828,21.0,4363.5498046875,,,,,,,1.1455670801542954,0,0,0,0,0,0,0
2021-10-07,1762.4000244140625,1762.4000244140625,1752.800048828125,1757.9000244140625,336,94.22000122070312,164.16000366210938,22.631999969482422,19.540000915527344,4399.759765625,,,,,,,-1.284949089849733,0,0,0,0,0,1,0
2021-10-08,1757.0,1780.0,1754.199951171875,1756.300048828125,254,94.06999969482422,164.22999572753906,22.679000854492188,18.770000457763672,4391.33984375,,,,,,,-0.42245581274365773,0,0,1,0,1,0,0
2021-10-11,1756.5999755859375,1757.800048828125,1752.199951171875,1754.5999755859375,128,94.31999969482422,163.9199981689453,22.639999389648438,20.0,4361.18994140625,,,,,,,-0.9907881015297505,0,0,0,0,0,0,1
2021-10-12,1751.9000244140625,1768.0,1749.800048828125,1758.300048828125,139,94.5199966430664,164.66000366210938,22.490999221801758,19.850000381469727,4350.64990234375,,,,,,,0.5434246232727674,0,0,0,0,0,1,0
2021-10-13,1760.800048828125,1794.5,1760.800048828125,1793.699951171875,150,94.08000183105469,167.58999633789062,23.14900016784668,18.639999389648438,4363.7998046875,,,,,,,-0.9041130868912205,0,1,0,0,1,0,0
2021-10-14,1792.199951171875,1799.9000244140625,1792.0,1796.699951171875,337,93.95999908447266,168.0,23.45599937438965,16.860000610351562,4438.259765625,,,,,,,-0.43505385315773176,0,0,0,0,0,0,1
2021-10-15,1794.5,1795.4000244140625,1766.5999755859375,1767.199951171875,874,93.94000244140625,165.3300018310547,23.327999114990234,16.299999237060547,4471.3701171875,,,,,,,-0.06774126387790642,0,0,0,0,0,0,0
2021-10-18,1761.5999755859375,1770.0999755859375,1759.5,1764.800048828125,266,93.94999694824219,164.9199981689453,23.243000030517578,16.309999465942383,4486.4599609375,,,,,,,-0.7899318167719751,0,0,0,0,0,0,0
2021-10-19,1777.5999755859375,1785.0,1767.5,1769.699951171875,51,93.79000091552734,165.4499969482422,23.86199951171875,15.699999809265137,4519.6298828125,,,,,,,-0.49271291000017153,0,0,0,0,0,0,0
2021-10-20,1774.5999755859375,1785.5999755859375,1774.0,1784.0999755859375,127,93.55999755859375,166.89999389648438,24.423999786376953,15.489999771118164,4536.18994140625,,,,,,,-0.07409044185869947,0,0,0,0,0,0,0
2021-10-21,1782.0,1785.699951171875,1781.0,1781.199951171875,146,93.7699966430664,166.75,24.149999618530273,15.010000228881836,4549.77978515625,,,,,,,0.3969675029417003,0,0,0,0,0,0,0
2021-10-22,1787.0999755859375,1806.9000244140625,1784.0,1795.5,532,93.61000061035156,167.77000427246094,24.429000854492188,15.430000305175781,4544.89990234375,,,,,,,-0.8349058636917194,0,0,0,0,0,0,0
2021-10-25,1794.300048828125,1809.0,1794.0,1806.0,140,93.80999755859375,168.92999267578125,24.57200050354004,15.239999771118164,4566.47998046875,,,,,,,-0.13810495568207568,0,0,0,0,0,0,0
2021-10-26,1808.800048828125,1808.800048828125,1788.5999755859375,1792.699951171875,359,93.94999694824219,167.67999267578125,24.086000442504883,15.979999542236328,4574.7900390625,,,,,,,-0.11424362158115611,0,0,0,0,0,0,0
2021-10-27,1791.5,1798.0999755859375,1791.5,1797.9000244140625,543,93.86000061035156,168.1199951171875,24.18899917602539,16.979999542236328,4551.68017578125,,,,,,,-0.3219166949712289,0,0,0,0,0,0,0
2021-10-28,1795.5,1807.300048828125,1795.5,1801.5999755859375,452,93.3499984741211,168.0800018310547,24.117000579833984,16.530000686645508,4596.419921875,,,,,,,-1.9179450923548094,0,0,0,0,0,1,0
2021-10-29,1793.0999755859375,1797.0,1774.5999755859375,1783.0,583,94.12000274658203,166.64999389648438,23.94499969482422,16.260000228881836,4605.3798828125,,,,,,,-0.6384164375958401,0,0,0,1,1,0,0
2021-11-01,1787.5,1795.0999755859375,1786.699951171875,1795.0999755859375,142,93.87999725341797,167.52000427246094,24.06399917602539,16.40999984741211,4613.669921875,,,,,,,-1.7161810037339575,0,0,0,0,0,0,1
2021-11-02,1790.5,1795.5,1787.699951171875,1788.699951171875,213,94.08999633789062,167.16000366210938,23.5,16.030000686645508,4630.64990234375,,,,,,,-0.6632845874082169,0,0,0,0,0,1,0
2021-11-03,1768.0,1768.0,1761.800048828125,1763.5999755859375,108,93.86000061035156,165.77000427246094,23.22599983215332,15.100000381469727,4660.56982421875,,,,,,,3.1914713898400335,1,0,0,0,1,0,0
2021-11-04,1776.5999755859375,1798.199951171875,1776.199951171875,1793.0,103,94.3499984741211,167.64999389648438,23.9060001373291,15.4399995803833,4680.06005859375,,,,,,,-0.3019561314080603,0,0,0,0,0,1,1
2021-11-05,1794.9000244140625,1817.0999755859375,1794.9000244140625,1816.4000244140625,239,94.31999969482422,169.83999633789062,24.152000427246094,16.479999542236328,4697.52978515625,,,,,,,-0.26576868131729353,0,0,1,0,1,0,0
2021-11-08,1817.0,1827.4000244140625,1816.9000244140625,1827.4000244140625,261,94.05000305175781,170.4499969482422,24.53700065612793,17.219999313354492,4701.7001953125,,,,,,,-1.8612867152984065,0,0,0,0,0,0,1
2021-11-09,1826.0999755859375,1832.699951171875,1820.699951171875,1830.199951171875,170,93.95999908447266,171.2899932861328,24.312999725341797,17.780000686645508,4685.25,,,,,,,0.4144849211887319,0,0,0,0,0,1,0
2021-11-10,1825.800048828125,1865.0,1824.9000244140625,1847.5999755859375,795,94.8499984741211,173.14999389648438,24.767000198364258,18.729999542236328,4646.7099609375,,,,,,,1.3455356720511131,0,1,0,0,1,0,0
2021-11-11,1853.9000244140625,1866.5,1853.9000244140625,1863.199951171875,292,95.18000030517578,174.1199951171875,25.301000595092773,17.65999984741211,4649.27001953125,,,,,,,-0.5618248313658661,0,0,0,0,0,0,1
2021-11-12,1860.800048828125,1867.9000244140625,1847.5999755859375,1867.9000244140625,210,95.12999725341797,174.4499969482422,25.3439998626709,16.290000915527344,4682.85009765625,,,,,,,-0.9676329238714289,0,0,0,0,0,0,0
2021-11-15,1864.5,1866.9000244140625,1864.5,1866.0999755859375,87,95.41000366210938,174.17999267578125,25.10700035095215,16.489999771118164,4682.7998046875,,,,,,,-1.3273612551351857,0,0,0,0,0,0,0
2021-11-16,1853.5999755859375,1853.5999755859375,1853.5999755859375,1853.5999755859375,1,95.91999816894531,172.9199981689453,24.944000244140625,16.3700008392334,4700.89990234375,,,,,,,-1.6512676473612242,0,0,0,0,0,0,0
2021-11-17,1862.5999755859375,1869.699951171875,1862.5999755859375,1869.699951171875,2,95.83000183105469,174.5,25.16699981689453,17.110000610351562,4688.669921875,,,,,,,-1.2995180417933008,0,0,0,0,0,0,0
2021-11-18,1861.0,1861.0,1861.0,1861.0,9,95.54000091552734,173.94000244140625,24.900999069213867,17.59000015258789,4704.5400390625,,,,,,,-0.3021515210121245,0,0,0,0,0,0,0
2021-11-19,1851.199951171875,1851.199951171875,1851.199951171875,1851.199951171875,21,96.06999969482422,172.61000061035156,24.780000686645508,17.90999984741211,4697.9599609375,,,,,,,-1.8419796852726031,0,0,0,0,0,0,0
2021-11-22,1841.5999755859375,1841.5999755859375,1805.699951171875,1806.0,14,96.5,168.74000549316406,24.297000885009766,19.170000076293945,4682.93994140625,,,,,,,-0.49425485733484115,0,0,0,0,0,0,0
2021-11-23,1795.5,1795.5,1783.5,1783.5,264,96.48999786376953,167.27999877929688,23.434999465942383,19.3799991607666,4690.7001953125,,,,,,,1.999463535059989,0,0,0,0,0,1,0
2021-11-24,1793.0,1793.0,1781.4000244140625,1784.0999755859375,188,96.83999633789062,167.1199951171875,23.496000289916992,18.579999923706055,4701.4599609375,,,,,,,1.135049841873154,0,0,0,1,1,0,0
2021-11-26,1791.0999755859375,1791.4000244140625,1785.300048828125,1785.300048828125,186800,96.08999633789062,166.85000610351562,23.10700035095215,28.6200008392334,4594.6201171875,,,,,,,-0.3147100370794269,0,0,0,0,0,0,1
2021-11-29,1791.699951171875,1798.9000244140625,1779.0999755859375,1782.300048828125,26926,96.33999633789062,166.6199951171875,22.798999786376953,22.959999084472656,4655.27001953125,,,,,,,-0.10460900397797396,0,0,0,0,0,0,0
2021-11-30,1783.9000244140625,1808.0999755859375,1768.699951171875,1773.5999755859375,4903,95.98999786376953,165.5,22.764999389648438,27.190000534057617,4567.0,,,,,,,-1.274758908567044,0,0,0,0,0,0,0
2021-12-01,1774.800048828125,1790.5,1772.300048828125,1781.5999755859375,1128,96.05000305175781,166.16000366210938,22.298999786376953,31.1200008392334,4513.0400390625,,,,,,,-1.5476221234995036,0,0,0,0,0,0,0
2021-12-02,1780.9000244140625,1780.9000244140625,1760.5999755859375,1760.699951171875,1557,96.12999725341797,165.24000549316406,22.280000686645508,27.950000762939453,4577.10009765625,,,,,,,2.286886575447395,0,0,0,0,0,1,0
2021-12-03,1767.5,1785.0999755859375,1766.5,1782.0,694,96.12000274658203,166.6300048828125,22.44499969482422,30.670000076293945,4538.43017578125,,,,,,,0.05812434493679161,0,0,1,0,1,0,0
2021-12-06,1780.199951171875,1783.0,1777.199951171875,1777.5,381,96.29000091552734,166.22000122070312,22.22800064086914,27.18000030517578,4591.669921875,,,,,,,0.08470036743397653,0,0,0,0,0,0,1
2021-12-07,1779.5,1786.0999755859375,1772.300048828125,1782.5999755859375,308,96.37000274658203,166.80999755859375,22.48699951171875,21.889999389648438,4686.75,,,,,,,0.48343031464051256,0,0,0,0,0,0,0
2021-12-08,1789.9000244140625,1789.9000244140625,1779.0,1783.4000244140625,1383,95.88999938964844,166.89999389648438,22.389999389648438,19.899999618530273,4701.2099609375,,,,,,,0.5273563120884638,0,0,0,0,0,0,0
2021-12-09,1783.5,1783.5,1771.800048828125,1774.5999755859375,455,96.2699966430664,165.8800048828125,21.974000930786133,21.579999923706055,4667.4501953125,,,,,,,-0.20128809936105366,0,0,0,0,0,1,0
2021-12-10,1773.800048828125,1785.4000244140625,1769.0999755859375,1782.9000244140625,545,96.05000305175781,166.5800018310547,22.15999984741211,18.690000534057617,4712.02001953125,,,,,,,-0.4623674355579342,0,1,0,0,1,0,0
2021-12-13,1784.4000244140625,1787.0999755859375,1783.800048828125,1786.300048828125,206,96.31999969482422,167.0,22.290000915527344,20.309999465942383,4668.97021484375,,,,,,,-0.081366107341668,0,0,0,0,0,0,1
2021-12-14,1787.0,1787.0,1769.0,1770.4000244140625,322,96.56999969482422,165.44000244140625,21.886999130249023,21.889999389648438,4634.08984375,,,,,,,-0.33594247461385984,0,0,0,0,0,1,0
2021-12-15,1767.4000244140625,1778.699951171875,1753.9000244140625,1762.5999755859375,283,96.51000213623047,166.14999389648438,21.507999420166016,19.290000915527344,4709.85009765625,,,,,,,4.1887589777987255,1,0,0,0,1,0,0
2021-12-16,1781.0,1798.0999755859375,1781.0,1796.5999755859375,21,96.04000091552734,168.16000366210938,22.454999923706055,20.56999969482422,4668.669921875,,,,,,,0.49063497296324315,0,0,0,0,0,0,1
2021-12-17,1804.0,1812.9000244140625,1803.800048828125,1803.800048828125,654,96.56999969482422,167.8000030517578,22.506999969482422,21.56999969482422,4620.64013671875,,,,,,,-2.51446357365306,0,0,0,0,0,0,0
2021-12-20,1796.800048828125,1799.800048828125,1792.0,1793.699951171875,226,96.55000305175781,167.08999633789062,22.274999618530273,22.8700008392334,4568.02001953125,,,,,,,-1.76292050392176,0,0,0,0,0,0,0
2021-12-21,1791.4000244140625,1796.5,1787.9000244140625,1787.9000244140625,575,96.48999786376953,167.02000427246094,22.50200080871582,21.010000228881836,4649.22998046875,,,,,,,-0.4480496485021934,0,0,0,0,0,0,0
2021-12-22,1786.0,1805.199951171875,1785.5,1801.5999755859375,567,96.08000183105469,168.58999633789062,22.79199981689453,18.6299991607666,4696.56005859375,,,,,,,0.407125774447178,0,0,0,0,0,1,0
2021-12-23,1806.0,1811.199951171875,1800.800048828125,1811.199951171875,193,96.0199966430664,168.97000122070312,22.930999755859375,17.959999084472656,4725.7900390625,,,,,,,-1.1079781685269843,0,0,0,1,1,0,0
2021-12-27,1810.0,1812.0999755859375,1807.0,1808.0999755859375,150,96.08999633789062,169.3699951171875,22.979000091552734,17.68000030517578,4791.18994140625,,,,,,,0.8927987373185463,0,0,0,0,0,0,1
2021-12-28,1812.0,1818.0,1805.5,1810.199951171875,146,96.19999694824219,168.63999938964844,23.111000061035156,17.540000915527344,4786.35009765625,,,,,,,-1.7497316226176531,0,0,0,0,0,0,0
2021-12-29,1803.199951171875,1805.0999755859375,1791.4000244140625,1805.0999755859375,623,95.93000030517578,168.58999633789062,22.847999572753906,16.950000762939453,4793.06005859375,,,,,,,-0.5133784257125724,0,0,0,0,0,0,0
2021-12-30,1801.699951171875,1816.0,1796.0,1812.699951171875,306,95.97000122070312,169.8000030517578,23.027999877929688,17.329999923706055,4778.72998046875,,,,,,,0.9053740771146551,0,0,0,0,0,0,0
2021-12-31,1825.0999755859375,1827.800048828125,1821.4000244140625,1827.5,80,95.66999816894531,170.9600067138672,23.327999114990234,17.219999313354492,4766.18017578125,,,,,,,0.2779474583272462,0,0,0,0,0,0,0
2022-01-03,1830.0999755859375,1830.0999755859375,1798.800048828125,1799.4000244140625,116,96.23999786376953,168.3300018310547,22.790000915527344,16.600000381469727,4796.56005859375,,,,,,,0.2814249362760429,0,0,0,0,0,0,0
2022-01-04,1800.5,1815.300048828125,1800.0,1814.0,38,96.29000091552734,169.57000732421875,23.038000106811523,16.90999984741211,4793.5400390625,,,,,,,-0.07525219655421256,0,0,0,0,0,0,0
2022-01-05,1813.0999755859375,1824.5999755859375,1813.0999755859375,1824.5999755859375,8,96.19000244140625,169.05999755859375,23.149999618530273,19.729999542236328,4700.580078125,,,,,,,-3.7911691129772502,0,0,0,0,0,0,0
2022-01-06,1787.0999755859375,1791.300048828125,1787.0999755859375,1788.699951171875,30,96.25,166.99000549316406,22.173999786376953,19.610000610351562,4696.0498046875,,,,,,,-0.540549042299155,0,0,0,0,0,1,0
2022-01-07,1791.800048828125,1797.0,1784.4000244140625,1797.0,17,95.73999786376953,167.75,22.393999099731445,18.760000228881836,4677.02978515625,,,,,,,-0.5657763010195166,0,0,1,0,1,0,0
2022-01-10,1794.9000244140625,1798.699951171875,1790.4000244140625,1798.4000244140625,534,95.98999786376953,168.25999450683594,22.445999145507812,19.399999618530273,4670.2900390625,,,,,,,0.39589155338862414,0,0,0,0,0,0,1
2022-01-11,1803.9000244140625,1822.5,1803.0,1818.5999755859375,743,95.62000274658203,170.2899932861328,22.805999755859375,18.40999984741211,4713.06982421875,,,,,,,0.7516688529181657,0,0,0,0,0,1,0
2022-01-12,1819.0,1827.199951171875,1816.9000244140625,1827.199951171875,1547,95.0,170.74000549316406,23.200000762939453,17.6200008392334,4726.35009765625,,,,,,,-0.14502602262763856,0,1,0,0,1,0,0
2022-01-13,1819.800048828125,1823.0,1815.4000244140625,1821.199951171875,40,94.79000091552734,170.16000366210938,23.155000686645508,20.309999465942383,4659.02978515625,,,,,,,-0.1886820817660225,0,0,0,0,0,0,1
2022-01-14,1821.5,1822.0,1816.5,1816.5,816,95.16999816894531,169.6699981689453,22.910999298095703,19.190000534057617,4662.85009765625,,,,,,,-0.3068793577857476,0,0,0,0,0,0,0
2022-01-18,1816.800048828125,1820.0999755859375,1812.300048828125,1812.300048828125,900,95.7300033569336,169.38999938964844,23.48699951171875,22.790000915527344,4577.10986328125,,,,,,,-0.02252988743495545,0,0,0,0,0,0,0
2022-01-19,1817.4000244140625,1843.0999755859375,1817.4000244140625,1843.0999755859375,4,95.51000213623047,172.0800018310547,24.22599983215332,23.850000381469727,4532.759765625,,,,,,,-0.48452458804420034,0,0,0,0,0,0,0
2022-01-20,1840.5999755859375,1843.0,1838.199951171875,1842.5,20,95.73999786376953,171.64999389648438,24.711000442504883,25.59000015258789,4482.72998046875,,,,,,,-1.3700992766936304,0,0,0,0,0,0,0
2022-01-21,1838.0,1842.4000244140625,1828.9000244140625,1831.800048828125,19,95.63999938964844,171.08999633789062,24.31399917602539,28.850000381469727,4397.93994140625,,,,,,,-0.2740597642750827,0,0,0,0,0,0,0
2022-01-24,1837.9000244140625,1842.0999755859375,1837.9000244140625,1841.699951171875,8,95.91999816894531,172.02999877929688,23.795000076293945,29.899999618530273,4410.1298828125,,,,,,,-0.23381488768486508,0,0,0,0,0,0,0
2022-01-25,1843.0,1852.699951171875,1842.0,1852.699951171875,11,95.94999694824219,172.5800018310547,23.895999908447266,31.15999984741211,4356.4501953125,,,,,,,-1.3584134296518027,0,0,0,0,0,1,0
2022-01-26,1829.9000244140625,1829.9000244140625,1829.9000244140625,1829.9000244140625,55,96.48999786376953,169.7899932861328,23.80699920654297,31.959999084472656,4349.93017578125,,,,,,,-2.752044865996462,1,0,0,0,1,0,0
2022-01-27,1793.300048828125,1793.300048828125,1793.300048828125,1793.300048828125,196036,97.26000213623047,167.60000610351562,22.67300033569336,30.489999771118164,4326.509765625,,,,,,,0.07624479053346848,0,0,0,0,0,1,1
2022-01-28,1797.5,1798.4000244140625,1778.800048828125,1784.9000244140625,28521,97.2699966430664,167.10000610351562,22.302000045776367,27.65999984741211,4431.85009765625,,,,,,,0.7250123983933596,0,0,0,1,1,0,0
2022-01-31,1788.5,1798.5,1785.0999755859375,1795.0,1735,96.54000091552734,168.08999633789062,22.395000457763672,24.829999923706055,4515.5498046875,,,,,,,0.8127455002123672,0,0,0,0,0,0,1
2022-02-01,1797.199951171875,1806.0999755859375,1797.0999755859375,1800.300048828125,223,96.38999938964844,168.22999572753906,22.59600067138672,21.959999084472656,4546.5400390625,,,,,,,-0.021983271055330707,0,0,0,0,0,0,0
2022-02-02,1797.800048828125,1810.0999755859375,1795.0999755859375,1809.199951171875,1690,95.94000244140625,168.83999633789062,22.711000442504883,22.09000015258789,4589.3798828125,,,,,,,-0.5248954842009846,0,0,0,0,0,0,0
2022-02-03,1805.800048828125,1808.0999755859375,1787.9000244140625,1803.0,466,95.37999725341797,168.60000610351562,22.375,24.350000381469727,4477.43994140625,,,,,,,0.3045026266883215,0,0,0,0,0,1,0
2022-02-04,1806.0,1813.699951171875,1792.5,1806.5999755859375,571,95.4800033569336,168.86000061035156,22.475000381469727,23.219999313354492,4500.52978515625,,,,,,,0.12182911376249374,0,0,1,0,1,0,0
2022-02-07,1812.199951171875,1821.300048828125,1809.0999755859375,1820.5999755859375,601,95.4000015258789,170.11000061035156,23.076000213623047,22.860000610351562,4483.8701171875,,,,,,,-0.01390599373706358,0,0,0,0,0,0,1
2022-02-08,1818.9000244140625,1827.5999755859375,1815.0,1826.5999755859375,108,95.63999938964844,170.6300048828125,23.19499969482422,21.440000534057617,4521.5400390625,,,,,,,-0.12118548344374615,0,0,0,0,0,0,0
2022-02-09,1825.4000244140625,1835.199951171875,1825.300048828125,1835.199951171875,683,95.48999786376953,171.2100067138672,23.336000442504883,19.959999084472656,4587.18017578125,,,,,,,-0.634327776281644,0,0,0,0,0,1,0
2022-02-10,1833.300048828125,1842.0999755859375,1820.800048828125,1836.199951171875,365,95.55000305175781,170.55999755859375,23.518999099731445,23.90999984741211,4504.080078125,,,,,,,-2.278340538972509,0,1,0,0,1,0,0
2022-02-11,1822.0,1864.800048828125,1822.0,1840.800048828125,181,96.08000183105469,173.80999755859375,23.365999221801758,27.360000610351562,4418.64013671875,,,,,,,3.6798548472968413,0,0,0,0,0,0,1
2022-02-14,1861.800048828125,1870.5999755859375,1854.5999755859375,1868.0,79,96.37000274658203,174.74000549316406,23.844999313354492,28.329999923706055,4401.669921875,,,,,,,0.38344635124136883,0,0,0,0,0,0,0
2022-02-15,1872.5999755859375,1879.699951171875,1847.4000244140625,1854.800048828125,86,95.98999786376953,173.0800018310547,23.33799934387207,25.700000762939453,4471.06982421875,,,,,,,-0.47326026178818537,0,0,0,0,0,0,0
2022-02-16,1858.699951171875,1870.199951171875,1856.300048828125,1870.199951171875,34,95.69999694824219,174.86000061035156,23.60099983215332,24.290000915527344,4475.009765625,,,,,,,0.20101939678033826,0,0,0,0,0,0,0
2022-02-17,1876.300048828125,1900.699951171875,1876.199951171875,1900.699951171875,393,95.80000305175781,177.25,23.874000549316406,28.110000610351562,4380.259765625,,,,,,,-0.7037904050749094,0,0,0,0,0,0,0
2022-02-18,1899.4000244140625,1899.4000244140625,1890.699951171875,1898.5999755859375,51,96.04000091552734,177.1199951171875,23.990999221801758,27.75,4348.8701171875,,,,,,,-0.5621878409553696,0,0,0,0,0,0,0
2022-02-22,1908.0999755859375,1912.0,1890.800048828125,1906.0999755859375,173,96.02999877929688,177.49000549316406,24.31100082397461,28.809999465942383,4304.759765625,,,,,,,-1.1914846555290801,0,0,0,0,0,0,0
2022-02-23,1896.5999755859375,1910.5999755859375,1895.699951171875,1909.199951171875,73,96.19000244140625,178.2899932861328,24.55500030517578,31.020000457763672,4225.5,,,,,,,-0.1963656461649751,0,0,0,0,0,0,0
2022-02-24,1911.9000244140625,1972.5,1911.699951171875,1925.0999755859375,2706,97.13999938964844,177.13999938964844,24.68600082397461,30.31999969482422,4288.7001953125,,,,,,,-4.349122416446629,0,0,0,0,0,1,0
2022-02-25,1906.9000244140625,1920.0,1883.5999755859375,1886.5,586,96.62000274658203,176.5500030517578,23.996999740600586,27.59000015258789,4384.64990234375,,,,,,,0.5568789641067052,0,0,0,1,1,0,0
2022-02-28,1928.300048828125,1928.4000244140625,1894.199951171875,1899.4000244140625,390,96.70999908447266,178.3800048828125,24.361000061035156,30.149999618530273,4373.93994140625,,,,,,,1.5305909255985397,0,0,0,0,0,0,1
2022-03-01,1908.300048828125,1942.4000244140625,1903.800048828125,1942.4000244140625,547,97.41000366210938,181.6199951171875,25.534000396728516,33.31999969482422,4306.259765625,,,,,,,0.267851392094062,0,0,0,0,0,0,0
2022-03-02,1945.5999755859375,1948.199951171875,1919.800048828125,1920.9000244140625,109,97.38999938964844,179.72999572753906,25.183000564575195,30.739999771118164,4386.5400390625,,,,,,,0.44744199730148615,0,0,0,0,0,0,0
2022-03-03,1930.5,1940.300048828125,1924.800048828125,1934.4000244140625,122,97.79000091552734,180.8000030517578,25.204999923706055,30.479999542236328,4363.490234375,,,,,,,0.13165663311116613,0,0,0,0,0,1,0
2022-03-04,1937.0,1970.9000244140625,1935.5999755859375,1965.0999755859375,47,98.6500015258789,183.67999267578125,25.781999588012695,31.979999542236328,4328.8701171875,,,,,,,0.1690124778715482,0,0,1,0,1,0,0
2022-03-07,1989.0,2001.0999755859375,1963.0,1993.9000244140625,2516,99.29000091552734,186.41000366210938,25.71299934387207,36.45000076293945,4201.08984375,,,,,,,0.229354093881472,0,0,0,0,0,0,1
2022-03-08,1999.4000244140625,2072.0,1998.0,2040.0999755859375,1813,99.05999755859375,191.50999450683594,26.88800048828125,35.130001068115234,4170.7001953125,,,,,,,1.383090970283964,0,0,0,0,0,0,0
2022-03-09,2053.60009765625,2063.0,1980.800048828125,1985.9000244140625,1022,97.97000122070312,185.82000732421875,25.756999969482422,32.45000076293945,4277.8798828125,,,,,,,0.45290181996728884,0,0,0,0,0,1,0
2022-03-10,1978.0999755859375,2010.5,1978.0999755859375,1998.0999755859375,670,98.51000213623047,186.39999389648438,26.20199966430664,30.229999542236328,4259.52001953125,,,,,,,-0.3957635723271186,0,1,0,0,1,0,0
2022-03-11,1985.0,1996.0,1959.9000244140625,1982.699951171875,865,99.12000274658203,185.08999633789062,26.106000900268555,30.75,4204.31005859375,,,,,,,-0.19354307527926637,0,0,0,0,0,0,1
2022-03-14,1976.5,1977.699951171875,1959.5999755859375,1959.5999755859375,145,99.05999755859375,182.3000030517578,25.243999481201172,31.770000457763672,4173.10986328125,,,,,,,-1.1543777809100442,0,0,0,0,0,0,0
2022-03-15,1939.800048828125,1939.9000244140625,1910.699951171875,1928.5,71,99.06999969482422,178.88999938964844,25.12299919128418,29.829999923706055,4262.4501953125,,,,,,,-1.8777458722013625,0,0,0,0,0,1,0
2022-03-16,1922.4000244140625,1922.4000244140625,1907.199951171875,1908.0,104,98.37999725341797,180.00999450683594,24.670000076293945,26.670000076293945,4357.85986328125,,,,,,,2.597217501962067,1,0,0,0,1,0,0
2022-03-17,1933.9000244140625,1947.199951171875,1933.9000244140625,1942.0999755859375,39,98.01000213623047,180.88999938964844,25.583999633789062,25.670000076293945,4411.669921875,,,,,,,-0.734468160671366,0,0,0,0,0,0,1
2022-03-18,1934.5,1939.300048828125,1928.199951171875,1928.199951171875,28,98.2300033569336,179.3000030517578,25.05500030517578,23.8700008392334,4463.1201171875,,,,,,,-1.1427021648656892,0,0,0,0,0,0,0
2022-03-21,1925.4000244140625,1928.5999755859375,1925.0,1928.5999755859375,5,98.5,180.6699981689453,25.281999588012695,23.530000686645508,4461.18017578125,,,,,,,0.8242645362022364,0,0,0,0,0,0,0
2022-03-22,1920.699951171875,1920.699951171875,1920.699951171875,1920.699951171875,26,98.48999786376953,179.36000061035156,24.885000228881836,22.940000534057617,4511.60986328125,,,,,,,-0.045491285578782396,0,0,0,0,0,0,0
2022-03-23,1936.5999755859375,1936.5999755859375,1936.5999755859375,1936.5999755859375,204,98.62000274658203,181.80999755859375,25.170000076293945,23.56999969482422,4456.240234375,,,,,,,1.3606876939509311,0,0,0,0,0,0,0
2022-03-24,1963.5999755859375,1964.0,1961.5999755859375,1961.5999755859375,8,98.79000091552734,183.1300048828125,25.899999618530273,21.670000076293945,4520.16015625,,,,,,,-0.12811287123998744,0,0,0,0,0,0,0
2022-03-25,1953.800048828125,1953.800048828125,1953.800048828125,1953.800048828125,83,98.80999755859375,182.3800048828125,25.594999313354492,20.809999465942383,4543.06005859375,,,,,,,-0.16271792968285062,0,0,0,0,0,0,0
2022-03-28,1932.5999755859375,1939.5999755859375,1932.5999755859375,1939.5999755859375,7,99.08999633789062,179.05999755859375,25.176000595092773,19.6299991607666,4575.52001953125,,,,,,,-2.854551156145701,0,0,0,0,0,0,0
2022-03-29,1893.5,1912.0,1893.5,1912.0,128051,98.4000015258789,179.13999938964844,24.715999603271484,18.899999618530273,4631.60009765625,,,,,,,0.8099757923568625,0,0,0,0,0,0,0
2022-03-30,1918.4000244140625,1937.0,1914.5,1933.5,17765,97.79000091552734,180.5800018310547,25.10300064086914,19.329999923706055,4602.4501953125,,,,,,,0.014662901284233603,0,0,0,0,0,1,0
2022-03-31,1933.5,1949.9000244140625,1919.0999755859375,1949.199951171875,3617,98.30999755859375,180.64999389648438,25.121000289916992,20.559999465942383,4530.41015625,,,,,,,-1.818451865196352,0,0,0,1,1,1,0
2022-04-01,1935.0,1938.0,1917.0,1919.0999755859375,1016,98.62999725341797,179.5,24.642000198364258,19.6299991607666,4545.85986328125,,,,,,,0.4174208776586185,0,0,1,0,1,0,1
2022-04-04,1921.199951171875,1936.0999755859375,1915.5999755859375,1929.199951171875,371,98.98999786376953,180.3699951171875,24.583999633789062,18.56999969482422,4582.64013671875,,,,,,,0.31859302951381735,0,0,0,0,0,0,1
2022-04-05,1927.0999755859375,1943.5,1918.4000244140625,1922.9000244140625,412,99.47000122070312,179.24000549316406,24.527999877929688,21.030000686645508,4525.1201171875,,,,,,,-0.4069262080977758,0,0,0,0,0,0,0
2022-04-06,1916.699951171875,1931.800048828125,1916.699951171875,1918.4000244140625,138,99.5999984741211,179.66000366210938,24.454999923706055,22.100000381469727,4481.14990234375,,,,,,,0.7147276664931386,0,0,0,0,0,0,0
2022-04-07,1919.5,1934.800048828125,1919.5,1933.800048828125,311,99.75,180.33999633789062,24.732999801635742,21.549999237060547,4500.2099609375,,,,,,,-0.3385299265508986,0,0,0,0,0,0,0
2022-04-08,1928.800048828125,1947.699951171875,1928.800048828125,1941.5999755859375,153,99.80000305175781,181.47000122070312,24.819000244140625,21.15999984741211,4488.27978515625,,,,,,,0.21257345434749572,0,0,0,0,0,0,0
2022-04-11,1946.5999755859375,1968.4000244140625,1941.800048828125,1944.300048828125,163,99.93000030517578,182.3699951171875,24.97800064086914,24.3700008392334,4412.52978515625,,,,,,,1.086755511745419,0,0,0,0,0,1,0
2022-04-12,1952.5,1977.0999755859375,1950.5999755859375,1972.0999755859375,246,100.29000091552734,183.77000427246094,25.725000381469727,24.260000228881836,4397.4501953125,,,,,,,-0.5232471859924892,0,1,0,0,1,0,0
2022-04-13,1969.5,1981.0,1969.5,1981.0,204,99.87999725341797,184.64999389648438,26.020000457763672,21.81999969482422,4446.58984375,,,,,,,-0.44469665211921144,0,0,0,0,0,0,1
2022-04-14,1977.199951171875,1978.699951171875,1963.0,1970.9000244140625,101,100.31999969482422,184.0399932861328,25.690000534057617,22.700000762939453,4392.58984375,,,,,,,0.0047857664727449945,0,0,0,0,0,0,0
2022-04-18,1973.4000244140625,1997.0999755859375,1972.800048828125,1982.9000244140625,196,100.77999877929688,184.61000061035156,26.139999389648438,22.170000076293945,4391.68994140625,,,,,,,-0.7178442052264159,0,0,0,0,0,0,0
2022-04-19,1973.800048828125,1978.300048828125,1945.699951171875,1955.699951171875,130,100.95999908447266,181.82000732421875,25.391000747680664,21.3700008392334,4462.2099609375,,,,,,,-1.037131863319207,0,0,0,0,0,0,0
2022-04-20,1945.5,1953.5999755859375,1945.5,1952.300048828125,621,100.38999938964844,182.7100067138672,25.270000457763672,20.31999969482422,4459.4501953125,,,,,,,0.5746729897519368,0,0,0,0,0,0,0
2022-04-21,1942.5,1944.9000244140625,1942.5,1944.9000244140625,4,100.58000183105469,182.05999755859375,24.621000289916992,22.68000030517578,4393.66015625,,,,,,,0.6129350562122559,0,0,0,0,0,0,0
2022-04-22,1949.5999755859375,1950.4000244140625,1930.199951171875,1931.0,178,101.22000122070312,180.2899932861328,24.256999969482422,28.209999084472656,4271.77978515625,,,,,,,-0.021217638507917466,0,0,0,0,0,0,0
2022-04-25,1925.0,1925.0,1889.300048828125,1893.199951171875,748,101.75,177.0500030517578,23.667999267578125,27.020000457763672,4296.1201171875,,,,,,,0.3737348756523083,0,0,0,0,0,0,0
2022-04-26,1900.5,1909.0999755859375,1894.0,1901.4000244140625,302,102.30000305175781,177.32000732421875,23.54199981689453,33.52000045776367,4175.2001953125,,,,,,,-0.3146595986547511,0,0,0,0,0,0,0
2022-04-27,1897.800048828125,1900.5999755859375,1882.199951171875,1885.9000244140625,1786,102.94999694824219,175.97999572753906,23.45800018310547,31.600000381469727,4183.9599609375,,,,,,,-0.19381583940954902,0,0,0,0,0,0,0
2022-04-28,1883.800048828125,1893.0,1872.9000244140625,1888.699951171875,513,103.62000274658203,176.92999267578125,23.128999710083008,29.989999771118164,4287.5,,,,,,,0.7679468034940349,0,0,0,0,0,1,0
2022-04-29,1902.699951171875,1918.199951171875,1902.4000244140625,1909.300048828125,132,102.95999908447266,176.91000366210938,23.040000915527344,33.400001525878906,4131.93017578125,,,,,,,-1.8590939875879924,0,0,0,1,1,0,0
2022-05-02,1896.699951171875,1896.800048828125,1853.0,1861.800048828125,385,103.73999786376953,173.6300048828125,22.54400062561035,32.34000015258789,4155.3798828125,,,,,,,-0.283354594470161,0,0,0,0,0,0,1
2022-05-03,1868.800048828125,1868.800048828125,1868.800048828125,1868.800048828125,466,103.47000122070312,174.08999633789062,22.621000289916992,29.25,4175.47998046875,,,,,,,-0.5386257550781057,0,0,0,0,0,1,0
2022-05-04,1867.0,1867.0,1867.0,1867.0,1,102.58999633789062,175.8000030517578,22.36199951171875,25.420000076293945,4300.169921875,,,,,,,1.971184346864116,1,0,0,0,1,0,0
2022-05-05,1897.0,1904.300048828125,1874.0,1874.0,80,103.75,175.1300048828125,22.399999618530273,31.200000762939453,4146.8701171875,,,,,,,0.19236823714863077,0,0,0,0,0,1,1
2022-05-06,1874.699951171875,1890.300048828125,1871.5,1881.199951171875,214,103.66000366210938,175.4199981689453,22.325000762939453,30.190000534057617,4123.33984375,,,,,,,-0.310225534384638,0,0,1,0,1,0,0
2022-05-09,1866.5999755859375,1867.5,1854.0,1857.0999755859375,304,103.6500015258789,172.8800048828125,21.781999588012695,34.75,3991.239990234375,,,,,,,-0.6898543425546585,0,0,0,0,0,0,1
2022-05-10,1839.9000244140625,1839.9000244140625,1839.9000244140625,1839.9000244140625,1540,103.91999816894531,171.4199981689453,21.389999389648438,32.9900016784668,4001.050048828125,,,,,,,-0.48716452074536465,0,0,0,0,0,1,0
2022-05-11,1841.5,1852.5999755859375,1841.0,1852.5999755859375,892,103.8499984741211,172.82000732421875,21.549999237060547,32.560001373291016,3935.179931640625,,,,,,,-0.19453578108268274,0,1,0,0,1,0,0
2022-05-12,1849.800048828125,1851.9000244140625,1822.199951171875,1823.800048828125,153,104.8499984741211,170.1699981689453,20.756999969482422,31.770000457763672,3930.080078125,,,,,,,-0.16283094502082565,0,0,0,0,0,0,1
2022-05-13,1825.0,1825.0,1807.4000244140625,1807.4000244140625,335,104.55999755859375,168.7899932861328,20.983999252319336,28.8700008392334,4023.889892578125,,,,,,,0.09420249471760223,0,0,0,0,0,0,0
2022-05-16,1790.5,1813.5,1787.0,1813.5,34,104.19000244140625,170.39999389648438,21.53499984741211,27.469999313354492,4008.010009765625,,,,,,,1.587456939158316,0,0,0,0,0,0,0
2022-05-17,1824.9000244140625,1828.5999755859375,1816.699951171875,1818.199951171875,121,103.36000061035156,169.3300018310547,21.73699951171875,26.100000381469727,4088.85009765625,,,,,,,-0.5951841611846739,0,0,0,0,0,0,0
2022-05-18,1815.0,1819.699951171875,1805.0,1815.9000244140625,311,103.80999755859375,169.4199981689453,21.533000946044922,30.959999084472656,3923.679931640625,,,,,,,-0.14654245766739984,0,0,0,0,0,0,0
2022-05-19,1810.9000244140625,1841.199951171875,1810.699951171875,1841.199951171875,138,102.72000122070312,171.91000366210938,21.898000717163086,29.350000381469727,3900.7900390625,,,,,,,0.03394549670951132,0,0,0,0,0,0,0
2022-05-20,1839.0999755859375,1841.800048828125,1836.300048828125,1841.800048828125,110,103.1500015258789,172.02999877929688,21.66900062561035,29.43000030517578,3901.360107421875,,,,,,,0.12067037462078212,0,0,0,0,0,0,0
2022-05-23,1846.300048828125,1863.0,1845.800048828125,1847.800048828125,216,102.08000183105469,172.8300018310547,21.722999572753906,28.479999542236328,3973.75,,,,,,,0.4454826733694432,0,0,0,0,0,0,0
2022-05-24,1852.5,1867.0,1852.5,1865.0999755859375,33,101.86000061035156,174.1300048828125,22.062999725341797,29.450000762939453,3941.47998046875,,,,,,,-0.0034992977088691324,0,0,0,0,0,0,0
2022-05-25,1846.199951171875,1846.199951171875,1846.199951171875,1846.199951171875,0,102.05999755859375,173.0800018310547,21.860000610351562,28.3700008392334,3978.72998046875,,,,,,,1.0515253729945002,0,0,0,0,0,0,0
2022-05-26,1840.4000244140625,1847.4000244140625,1840.4000244140625,1847.4000244140625,123355,101.83000183105469,172.75999450683594,21.94099998474121,27.5,4057.840087890625,,,,,,,0.36811992679477124,0,0,0,0,0,1,0
2022-05-27,1848.300048828125,1860.699951171875,1845.9000244140625,1851.300048828125,30091,101.66999816894531,172.85000610351562,22.059999465942383,25.719999313354492,4158.240234375,,,,,,,-0.043482020870637864,0,0,0,1,1,0,0
2022-05-31,1850.300048828125,1862.0999755859375,1832.800048828125,1842.699951171875,4073,101.75,171.13999938964844,21.650999069213867,26.190000534057617,4132.14990234375,,,,,,,-1.464988107873455,0,0,0,0,0,0,1
2022-06-01,1831.0,1847.9000244140625,1825.300048828125,1843.300048828125,1623,102.55000305175781,172.22999572753906,21.884000778198242,25.690000534057617,4101.22998046875,,,,,,,0.19626230467298267,0,0,0,0,0,0,0
2022-06-02,1845.4000244140625,1868.699951171875,1842.0999755859375,1866.5,551,101.7699966430664,174.35000610351562,22.253999710083008,24.719999313354492,4176.81982421875,,,,,,,0.123400981868357,0,0,0,0,0,1,0
2022-06-03,1867.5999755859375,1871.800048828125,1845.4000244140625,1845.4000244140625,53,102.13999938964844,172.5800018310547,21.889999389648438,24.790000915527344,4108.5400390625,,,,,,,0.4428380143016547,0,0,1,0,1,0,0
2022-06-06,1849.0,1854.0999755859375,1839.199951171875,1839.199951171875,142,102.44000244140625,171.82000732421875,22.073999404907227,25.06999969482422,4121.43017578125,,,,,,,0.1567196034914919,0,0,0,0,0,0,1
2022-06-07,1836.9000244140625,1851.5999755859375,1835.0,1847.5,1168,102.31999969482422,172.94000244140625,22.159000396728516,24.020000457763672,4160.68017578125,,,,,,,0.731154246140978,0,0,0,0,0,0,0
2022-06-08,1844.800048828125,1855.0,1844.4000244140625,1851.9000244140625,218,102.54000091552734,172.77999877929688,22.073999404907227,23.959999084472656,4115.77001953125,,,,,,,-0.18288890255367807,0,0,0,0,0,0,0
2022-06-09,1846.0999755859375,1850.0999755859375,1837.9000244140625,1848.800048828125,159,103.22000122070312,172.22999572753906,21.797000885009766,26.09000015258789,4017.820068359375,,,,,,,-0.5994604277762505,0,0,0,0,0,1,0
2022-06-10,1842.699951171875,1875.5999755859375,1823.9000244140625,1871.5,1490,104.1500015258789,174.5399932861328,21.913000106811523,27.75,3900.860107421875,,,,,,,-0.28178368123971376,0,1,0,0,1,0,0
2022-06-13,1873.800048828125,1873.800048828125,1818.699951171875,1828.0,127,105.08000183105469,169.92999267578125,21.236000061035156,34.02000045776367,3749.6298828125,,,,,,,-1.1815399818165093,0,0,0,0,0,0,1
2022-06-14,1825.0,1825.5,1805.300048828125,1809.5,536,105.5199966430664,168.57000732421875,20.93600082397461,32.689998626708984,3735.47998046875,,,,,,,-0.6205994175049291,0,0,0,0,0,1,0
2022-06-15,1814.0999755859375,1839.0,1810.800048828125,1815.300048828125,108,105.16000366210938,170.77000427246094,21.402000427246094,29.6200008392334,3789.989990234375,,,,,,,2.2695408317657004,1,0,0,0,1,0,0
2022-06-16,1819.199951171875,1850.5999755859375,1814.9000244140625,1845.699951171875,136,103.62999725341797,172.69000244140625,21.867000579833984,32.95000076293945,3666.77001953125,,,,,,,0.6339362959368376,0,0,0,0,0,0,1
2022-06-17,1853.699951171875,1853.699951171875,1833.5999755859375,1835.5999755859375,170,104.69999694824219,171.27000427246094,21.572999954223633,31.1299991607666,3674.840087890625,,,,,,,-0.2053905154681733,0,0,0,0,0,0,0
2022-06-21,1835.300048828125,1838.5999755859375,1830.0999755859375,1834.5999755859375,216,104.44000244140625,170.6300048828125,21.753999710083008,30.190000534057617,3764.7900390625,,,,,,,-1.1249129046107145,0,0,0,0,0,0,0
2022-06-22,1829.5,1842.699951171875,1821.5999755859375,1834.300048828125,115,104.19999694824219,171.30999755859375,21.406999588012695,28.950000762939453,3759.889892578125,,,,,,,0.11029496612370723,0,0,0,0,0,0,0
2022-06-23,1835.5,1841.199951171875,1825.699951171875,1825.699951171875,9,104.43000030517578,170.25999450683594,21.031999588012695,29.049999237060547,3795.72998046875,,,,,,,-0.2975780947726073,0,0,0,0,0,0,0
2022-06-24,1820.5,1826.5,1815.800048828125,1826.5,61,104.19000244140625,170.08999633789062,21.115999221801758,27.229999542236328,3911.739990234375,,,,,,,-0.721011012854736,0,0,0,0,0,0,0
2022-06-27,1830.5,1830.699951171875,1819.9000244140625,1820.9000244140625,77,103.94000244140625,169.89999389648438,21.159000396728516,26.950000762939453,3900.110107421875,,,,,,,-0.12510103227703898,0,0,0,0,0,0,0
2022-06-28,1824.199951171875,1826.0,1817.5,1817.5,391,104.51000213623047,169.6199951171875,20.797000885009766,28.360000610351562,3821.550048828125,,,,,,,-0.12221882139114958,0,0,0,0,0,0,0
2022-06-29,1818.300048828125,1830.300048828125,1812.800048828125,1813.699951171875,173,105.11000061035156,169.49000549316406,20.667999267578125,28.15999984741211,3818.830078125,,,,,,,0.34240557307474834,0,0,0,0,0,1,0
2022-06-30,1809.5999755859375,1817.300048828125,1801.0,1804.0999755859375,328,104.69000244140625,168.4600067138672,20.281999588012695,28.709999084472656,3785.3798828125,,,,,,,0.07479135347787336,0,0,0,1,1,0,0
2022-07-01,1795.5,1806.0999755859375,1791.5999755859375,1798.9000244140625,77,105.13999938964844,168.32000732421875,19.597000122070312,26.700000762939453,3825.330078125,,,,,,,0.7597415631940462,0,0,0,0,0,0,1
2022-07-05,1805.4000244140625,1805.4000244140625,1761.800048828125,1761.800048828125,64,106.5,164.75,19.052000045776367,27.540000915527344,3831.389892578125,,,,,,,0.547153866091947,0,0,0,0,0,0,0
2022-07-06,1762.5,1768.0,1734.0,1734.9000244140625,1729,107.0999984741211,162.13999938964844,19.084999084472656,26.729999542236328,3845.080078125,,,,,,,0.34100972724565,0,0,0,0,0,0,0
2022-07-07,1745.199951171875,1745.199951171875,1737.0,1737.9000244140625,1869,107.12999725341797,162.22999572753906,19.121999740600586,26.079999923706055,3902.6201171875,,,,,,,-0.08749527302498211,0,0,0,0,0,1,0
2022-07-08,1738.0999755859375,1749.300048828125,1732.0999755859375,1740.5999755859375,370,107.01000213623047,162.3000030517578,19.16699981689453,24.639999389648438,3899.3798828125,,,,,,,-0.46841865768627805,0,0,1,0,1,0,0
2022-07-11,1732.5,1736.699951171875,1730.0,1730.0,75,108.0199966430664,161.42999267578125,19.066999435424805,26.170000076293945,3854.429931640625,,,,,,,-0.206875716373312,0,0,0,0,0,0,1
2022-07-12,1734.199951171875,1735.5,1723.300048828125,1723.300048828125,451,108.06999969482422,160.8300018310547,18.89900016784668,27.290000915527344,3818.800048828125,,,,,,,-0.14183760428421283,0,0,0,0,0,1,0
2022-07-13,1710.0,1734.199951171875,1710.0,1734.199951171875,368,107.95999908447266,161.60000610351562,19.13800048828125,26.81999969482422,3801.780029296875,,,,,,,-0.6711301526889001,0,1,0,0,1,0,0
2022-07-14,1710.300048828125,1710.5,1704.5,1704.5,1289,108.54000091552734,159.3300018310547,18.16900062561035,26.399999618530273,3790.3798828125,,,,,,,0.468185377098079,0,0,0,0,0,0,1
2022-07-15,1705.4000244140625,1709.699951171875,1701.0999755859375,1702.4000244140625,721,108.05999755859375,159.00999450683594,18.54800033569336,24.229999542236328,3863.159912109375,,,,,,,0.16796168239248035,0,0,0,0,0,0,0
2022-07-18,1712.199951171875,1712.4000244140625,1709.199951171875,1709.199951171875,264,107.37000274658203,159.16000366210938,18.791000366210938,25.299999237060547,3830.85009765625,,,,,,,-0.93863561014971,0,0,0,0,0,0,0
2022-07-19,1712.300048828125,1714.4000244140625,1706.0999755859375,1710.0,1684,106.68000030517578,159.5399932861328,18.670000076293945,24.5,3936.68994140625,,,,,,,-0.24699118007400933,0,0,0,0,0,0,0
2022-07-20,1707.0999755859375,1708.5,1699.5,1699.5,130,107.08000183105469,158.0399932861328,18.638999938964844,23.8799991607666,3959.89990234375,,,,,,,-1.4713502891435526,0,0,0,0,0,0,0
2022-07-21,1687.0,1715.5,1679.800048828125,1712.699951171875,183,106.91000366210938,160.27000427246094,18.687000274658203,23.110000610351562,3998.949951171875,,,,,,,0.8665507098395551,0,0,0,0,0,0,0
2022-07-22,1713.300048828125,1735.0,1713.0,1727.0999755859375,61,106.7300033569336,160.6699981689453,18.584999084472656,23.030000686645508,3961.6298828125,,,,,,,-1.2810169008751597,0,0,0,0,0,0,0
2022-07-25,1727.0,1732.0,1719.0,1719.0,67,106.4800033569336,160.22999572753906,18.29400062561035,23.360000610351562,3966.840087890625,,,,,,,-0.545381131492719,0,0,0,0,0,0,0
2022-07-26,1718.0,1718.0,1717.699951171875,1717.699951171875,1,107.19000244140625,160.0399932861328,18.48699951171875,24.690000534057617,3921.050048828125,,,,,,,-0.6822243757653358,0,0,0,0,0,1,0
2022-07-27,1719.0999755859375,1719.0999755859375,1719.0999755859375,1719.0999755859375,144865,106.44999694824219,161.6699981689453,18.55299949645996,23.239999771118164,4023.610107421875,,,,,,,2.5750030097625127,1,0,0,0,1,0,0
2022-07-28,1732.300048828125,1755.0,1732.0,1750.300048828125,37236,106.3499984741211,163.63999938964844,19.82699966430664,22.329999923706055,4072.429931640625,,,,,,,0.500699992628601,0,0,0,0,0,1,1
2022-07-29,1754.0,1765.699951171875,1750.0,1762.9000244140625,3485,105.9000015258789,164.10000610351562,20.1560001373291,21.329999923706055,4130.2900390625,,,,,,,-0.990100663538629,0,0,0,1,1,0,0
2022-08-01,1763.9000244140625,1772.5,1756.0999755859375,1769.0,705,105.44999694824219,165.02999877929688,20.32200050354004,22.84000015258789,4118.6298828125,,,,,,,-0.2751932980527322,0,0,0,0,0,0,1
2022-08-02,1772.0999755859375,1786.5999755859375,1759.4000244140625,1771.0999755859375,1078,106.23999786376953,164.0500030517578,20.104999542236328,23.93000030517578,4091.18994140625,,,,,,,-2.700881870645074,0,0,0,0,0,0,0
2022-08-03,1756.699951171875,1770.5,1753.0,1758.0,399,106.51000213623047,164.4499969482422,19.864999771118164,21.950000762939453,4155.169921875,,,,,,,0.7041166617701156,0,0,0,0,0,0,0
2022-08-04,1769.4000244140625,1792.0999755859375,1767.699951171875,1788.5,285,105.69000244140625,167.1699981689453,20.099000930786133,21.440000534057617,4151.93994140625,,,,,,,0.5053022017647393,0,0,0,0,0,1,0
2022-08-05,1791.199951171875,1791.4000244140625,1764.199951171875,1772.9000244140625,645,106.62000274658203,165.2899932861328,19.819000244140625,21.149999618530273,4145.18994140625,,,,,,,-0.4420260590432592,0,0,1,0,1,0,0
2022-08-08,1771.800048828125,1786.800048828125,1771.800048828125,1786.800048828125,127,106.44000244140625,166.69000244140625,20.591999053955078,21.290000915527344,4140.06005859375,,,,,,,-0.20941727886001826,0,0,0,0,0,0,1
2022-08-09,1790.0,1796.0999755859375,1789.0,1794.0,249,106.37000274658203,167.1999969482422,20.45800018310547,21.770000457763672,4122.47021484375,,,,,,,-0.5840852706417583,0,0,0,0,0,1,0
2022-08-10,1804.4000244140625,1804.9000244140625,1787.800048828125,1795.5999755859375,601,105.19999694824219,166.77999877929688,20.718000411987305,19.739999771118164,4210.240234375,,,,,,,-1.8115176514653442,0,1,0,0,1,0,0
2022-08-11,1794.300048828125,1794.300048828125,1785.699951171875,1789.699951171875,1235,105.08999633789062,166.33999633789062,20.326000213623047,20.200000762939453,4207.27001953125,,,,,,,-1.5211120995374023,0,0,0,0,0,0,1
2022-08-12,1786.300048828125,1800.4000244140625,1784.300048828125,1798.5999755859375,187,105.62999725341797,167.8699951171875,20.677000045776367,19.530000686645508,4280.14990234375,,,,,,,0.00010728848720827991,0,0,0,0,0,0,0
2022-08-15,1799.0,1799.0,1774.699951171875,1781.4000244140625,64,106.55000305175781,165.7100067138672,20.250999450683594,19.950000762939453,4297.14013671875,,,,,,,-1.177737108962701,0,0,0,0,0,0,0
2022-08-16,1777.4000244140625,1777.4000244140625,1771.4000244140625,1773.199951171875,308,106.5,165.4199981689453,20.065000534057617,19.690000534057617,4305.2001953125,,,,,,,-0.11449705749354452,0,0,0,0,0,0,0
2022-08-17,1769.699951171875,1769.699951171875,1760.0,1760.300048828125,23,106.56999969482422,164.35000610351562,19.711000442504883,19.899999618530273,4274.0400390625,,,,,,,0.17881645956321648,0,0,0,0,0,0,0
2022-08-18,1762.9000244140625,1762.9000244140625,1753.4000244140625,1755.300048828125,321,107.4800033569336,163.9199981689453,19.447999954223633,19.559999465942383,4283.740234375,,,,,,,0.2585196654568745,0,0,0,0,0,0,0
2022-08-19,1753.699951171875,1754.300048828125,1747.5,1747.5999755859375,49,108.16999816894531,162.72000122070312,19.058000564575195,20.600000381469727,4228.47998046875,,,,,,,-0.8413576005857419,0,0,0,0,0,0,0
2022-08-22,1740.5,1740.5,1726.5,1734.0,347,109.05000305175781,161.63999938964844,18.87299919128418,23.799999237060547,4137.990234375,,,,,,,-0.3939962363677461,0,0,0,0,0,0,0
2022-08-23,1738.0,1748.9000244140625,1731.9000244140625,1746.800048828125,509,108.62000274658203,162.77000427246094,19.011999130249023,24.110000610351562,4128.72998046875,,,,,,,-0.5201302626343801,0,0,0,0,0,0,0
2022-08-24,1745.0,1751.800048828125,1743.5999755859375,1747.800048828125,187,108.68000030517578,163.25,18.895000457763672,22.81999969482422,4140.77001953125,,,,,,,0.3771670413596223,0,0,0,0,0,0,0
2022-08-25,1761.5999755859375,1761.800048828125,1755.0,1757.699951171875,172,108.47000122070312,163.75,19.111000061035156,21.780000686645508,4199.1201171875,,,,,,,-0.5807131317728806,0,0,0,0,0,1,0
2022-08-26,1754.0,1755.0,1736.0999755859375,1736.0999755859375,202,108.80000305175781,161.75999450683594,18.739999771118164,25.559999465942383,4057.659912109375,,,,,,,-0.507007802648751,0,0,0,1,1,0,0
2022-08-29,1732.4000244140625,1741.199951171875,1732.0999755859375,1736.5999755859375,950,108.83999633789062,161.86000061035156,18.55500030517578,26.209999084472656,4030.610107421875,,,,,,,-0.3674985564077309,0,0,0,0,0,0,1
2022-08-30,1736.4000244140625,1739.0,1720.699951171875,1723.199951171875,385,108.7699966430664,160.50999450683594,18.159000396728516,26.209999084472656,3986.159912109375,,,,,,,-0.6449082288952418,0,0,0,0,0,0,0
2022-08-31,1718.300048828125,1720.9000244140625,1708.5,1712.800048828125,2133,108.69999694824219,159.27000427246094,17.761999130249023,25.8700008392334,3955.0,,,,,,,-1.2778115704209503,0,0,0,0,0,0,0
2022-09-01,1707.9000244140625,1707.9000244140625,1693.9000244140625,1696.5999755859375,683,109.69000244140625,157.8699951171875,17.551000595092773,25.559999465942383,3966.85009765625,,,,,,,-0.9826783799264524,0,0,0,0,0,1,0
2022-09-02,1703.4000244140625,1715.699951171875,1703.0999755859375,1709.800048828125,182,109.52999877929688,159.25999450683594,17.775999069213867,25.469999313354492,3924.260009765625,,,,,,,-0.5631218367803327,0,0,1,0,1,0,0
2022-09-06,1709.699951171875,1717.4000244140625,1699.699951171875,1700.4000244140625,697,110.20999908447266,158.3300018310547,17.795000076293945,26.90999984741211,3908.18994140625,,,,,,,-0.6772379865039664,0,0,0,0,0,0,1
2022-09-07,1694.800048828125,1715.300048828125,1694.699951171875,1715.300048828125,651,109.83999633789062,159.94000244140625,18.136999130249023,24.639999389648438,3979.8701171875,,,,,,,-0.10637989261467636,0,0,0,0,0,0,0
2022-09-08,1718.199951171875,1718.199951171875,1705.300048828125,1708.0,1193,109.70999908447266,158.97999572753906,18.329999923706055,23.610000610351562,4006.179931640625,,,,,,,-0.7897332192331851,0,0,0,0,0,0,0
2022-09-09,1719.199951171875,1720.0,1712.800048828125,1716.199951171875,635,109.0,159.82000732421875,18.658000946044922,22.790000915527344,4067.360107421875,,,,,,,-0.5956417020528371,0,0,0,0,0,0,0
2022-09-12,1727.4000244140625,1728.0999755859375,1727.4000244140625,1728.0999755859375,68,108.33000183105469,160.6300048828125,19.7549991607666,23.8700008392334,4110.41015625,,,,,,,-1.2928940190515454,0,0,0,0,0,1,0
2022-09-13,1720.5,1720.5,1697.300048828125,1705.0,432,109.81999969482422,158.5399932861328,19.389999389648438,27.270000457763672,3932.68994140625,,,,,,,-1.1559421737160795,0,1,0,0,1,0,0
2022-09-14,1698.699951171875,1701.800048828125,1696.5,1696.5,532,109.66000366210938,157.92999267578125,19.47100067138672,26.15999984741211,3946.010009765625,,,,,,,-0.7012696194251169,0,0,0,0,0,0,1
2022-09-15,1685.5,1686.0,1662.300048828125,1665.4000244140625,1125,109.73999786376953,154.97999572753906,19.174999237060547,26.270000457763672,3901.35009765625,,,,,,,-0.8539745289320372,0,0,0,0,0,0,0
2022-09-16,1660.4000244140625,1674.9000244140625,1651.699951171875,1671.699951171875,464,109.76000213623047,155.83999633789062,19.29599952697754,26.299999237060547,3873.330078125,,,,,,,-0.06816918221703236,0,0,0,0,0,0,0
2022-09-19,1661.800048828125,1669.4000244140625,1658.5,1666.199951171875,580,109.73999786376953,155.9600067138672,19.273000717163086,25.760000228881836,3899.889892578125,,,,,,,1.6713170851911008,0,0,0,0,0,0,0
2022-09-20,1659.699951171875,1659.699951171875,1659.699951171875,1659.699951171875,2830,110.22000122070312,155.07000732421875,19.101999282836914,27.15999984741211,3855.929931640625,,,,,,,0.8569454540476752,0,0,0,0,0,1,0
2022-09-21,1665.5,1680.0999755859375,1664.5999755859375,1664.5999755859375,2337,110.63999938964844,155.7899932861328,19.410999298095703,27.989999771118164,3789.929931640625,,,,,,,1.5494114582570802,1,0,0,0,1,0,0
2022-09-22,1668.300048828125,1670.800048828125,1668.300048828125,1670.800048828125,973,111.3499984741211,155.6999969482422,19.54800033569336,27.350000381469727,3757.989990234375,,,,,,,-0.28122783056019807,0,0,0,0,0,0,1
2022-09-23,1667.0,1667.0,1645.300048828125,1645.300048828125,1224,113.19000244140625,153.00999450683594,18.840999603271484,29.920000076293945,3693.22998046875,,,,,,,-1.1350499872287934,0,0,0,0,0,0,0
2022-09-26,1623.300048828125,1623.300048828125,1623.300048828125,1623.300048828125,1205,114.0999984741211,151.22999572753906,18.4060001373291,32.2599983215332,3655.0400390625,,,,,,,-0.38108867673439517,0,0,0,0,0,0,0
2022-09-27,1632.199951171875,1636.5999755859375,1626.699951171875,1626.699951171875,888,114.11000061035156,151.5399932861328,18.256999969482422,32.599998474121094,3647.2900390625,,,,,,,-0.38773080316894043,0,0,0,0,0,0,0
2022-09-28,1620.4000244140625,1660.4000244140625,1620.4000244140625,1660.4000244140625,18311,112.5999984741211,154.69000244140625,18.79599952697754,30.18000030517578,3719.0400390625,,,,,,,-0.3404225710787383,0,0,0,0,0,0,0
2022-09-29,1657.0,1662.5999755859375,1640.0,1658.5,6028,112.25,154.66000366210938,18.611000061035156,31.84000015258789,3640.469970703125,,,,,,,0.07314539439663806,0,0,0,0,0,1,0
2022-09-30,1661.699951171875,1672.699951171875,1658.0,1662.4000244140625,548,112.12000274658203,154.6699981689453,18.959999084472656,31.6200008392334,3585.6201171875,,,,,,,-0.8734484173068798,0,0,0,1,1,0,0
2022-10-03,1667.199951171875,1700.0,1661.9000244140625,1692.9000244140625,410,111.75,158.42999267578125,20.518999099731445,30.100000381469727,3678.429931640625,,,,,,,1.6338629545989958,0,0,0,0,0,0,1
2022-10-04,1701.199951171875,1728.0,1696.0,1721.0999755859375,291,110.06999969482422,160.6999969482422,21.03700065612793,29.06999969482422,3790.929931640625,,,,,,,0.6575482424060212,0,0,0,0,0,0,0
2022-10-05,1724.0999755859375,1726.5999755859375,1703.0,1711.4000244140625,418,111.06999969482422,159.80999755859375,20.479000091552734,28.549999237060547,3783.280029296875,,,,,,,0.696623871364273,0,0,0,0,0,0,0
2022-10-06,1721.0,1723.300048828125,1709.0999755859375,1711.699951171875,133,112.26000213623047,159.6300048828125,20.594999313354492,30.520000457763672,3744.52001953125,,,,,,,0.1343650341470852,0,0,0,0,0,1,0
2022-10-07,1710.0999755859375,1710.0999755859375,1693.699951171875,1700.5,179,112.80000305175781,157.8800048828125,20.191999435424805,31.360000610351562,3639.659912109375,,,,,,,-1.7069118195277226,0,0,1,0,1,0,0
2022-10-10,1693.4000244140625,1693.4000244140625,1667.0,1667.300048828125,195,113.13999938964844,155.47999572753906,19.555999755859375,32.45000076293945,3612.389892578125,,,,,,,0.1450922338740717,0,0,0,0,0,0,1
2022-10-11,1661.800048828125,1678.699951171875,1661.0,1678.699951171875,167,113.22000122070312,155.16000366210938,19.427000045776367,33.630001068115234,3588.840087890625,,,,,,,-3.2127693493095237,0,0,0,0,0,0,0
2022-10-12,1668.0,1672.699951171875,1668.0,1670.300048828125,149,113.31999969482422,155.99000549316406,18.878000259399414,33.56999969482422,3577.030029296875,,,,,,,0.7592709414780432,0,0,0,0,0,1,0
2022-10-13,1675.199951171875,1675.300048828125,1641.5,1670.0,729,112.36000061035156,154.91000366210938,18.857999801635742,31.940000534057617,3669.909912109375,,,,,,,-1.7702165453464598,0,1,0,0,1,0,0
2022-10-14,1665.300048828125,1667.0,1640.0,1641.699951171875,82,113.30999755859375,152.97999572753906,18.014999389648438,32.02000045776367,3583.070068359375,,,,,,,-0.056913690221865314,0,0,0,0,0,0,1
2022-10-17,1650.199951171875,1657.0,1646.800048828125,1657.0,238,112.04000091552734,153.4199981689453,18.673999786376953,31.3700008392334,3677.949951171875,,,,,,,-2.319797250353006,0,0,0,0,0,0,0
2022-10-18,1651.4000244140625,1655.199951171875,1649.0,1649.0,597,112.12999725341797,153.75,18.570999145507812,30.5,3719.97998046875,,,,,,,0.18620342367610382,0,0,0,0,0,0,0
2022-10-19,1637.5,1637.5,1627.5,1627.5,84,112.9800033569336,151.69000244140625,18.336000442504883,30.760000228881836,3695.159912109375,,,,,,,0.07810835407867525,0,0,0,0,0,0,0
2022-10-20,1622.800048828125,1641.4000244140625,1622.800048828125,1630.800048828125,477,112.87999725341797,151.4499969482422,18.666000366210938,29.979999542236328,3665.780029296875,,,,,,,-1.23416700585034,0,0,0,0,0,0,0
2022-10-21,1634.0999755859375,1653.9000244140625,1634.0999755859375,1651.0,224,112.01000213623047,154.14999389648438,19.042999267578125,29.690000534057617,3752.75,,,,,,,0.7175484035431733,0,0,0,0,0,0,0
2022-10-24,1662.699951171875,1662.699951171875,1648.699951171875,1648.699951171875,29,111.98999786376953,153.64999389648438,19.173999786376953,29.850000381469727,3797.340087890625,,,,,,,0.03793823865777418,0,0,0,0,0,0,0
2022-10-25,1648.199951171875,1652.800048828125,1637.300048828125,1652.800048828125,880,110.94999694824219,154.0,19.339000701904297,28.459999084472656,3859.110107421875,,,,,,,0.017535676790352443,0,0,0,0,0,0,0
2022-10-26,1649.800048828125,1667.0,1649.800048828125,1664.0,89,109.69999694824219,154.97999572753906,19.479999542236328,27.280000686645508,3830.60009765625,,,,,,,-0.12586788826149278,0,0,0,0,0,0,0
2022-10-27,1660.699951171875,1660.699951171875,1660.699951171875,1660.699951171875,2298,110.58999633789062,154.74000549316406,19.47800064086914,27.389999389648438,3807.300048828125,,,,,,,0.04675290754901018,0,0,0,0,0,1,0
2022-10-28,1661.0,1661.0,1638.699951171875,1639.5999755859375,626,110.66999816894531,153.16000366210938,19.14699935913086,25.75,3901.06005859375,,,,,,,1.070789207890823,0,0,0,1,1,0,0
2022-10-31,1641.800048828125,1641.800048828125,1633.4000244140625,1635.9000244140625,522,111.52999877929688,151.91000366210938,19.125,25.8799991607666,3871.97998046875,,,,,,,-1.4155336250708626,0,0,0,0,0,0,1
2022-11-01,1630.800048828125,1653.699951171875,1630.800048828125,1645.0,985,111.4800033569336,153.4600067138672,19.67300033569336,25.809999465942383,3856.10009765625,,,,,,,0.5558872889849474,0,0,0,0,0,1,0
2022-11-02,1650.800048828125,1664.699951171875,1634.0,1645.699951171875,612,111.3499984741211,152.38999938964844,19.600000381469727,25.860000610351562,3759.68994140625,,,,,,,-2.478942281677866,1,0,0,0,1,0,0
2022-11-03,1629.199951171875,1629.199951171875,1615.0999755859375,1627.300048828125,1427,112.93000030517578,151.80999755859375,19.43600082397461,25.299999237060547,3719.889892578125,,,,,,,0.5953433039022803,0,0,0,0,0,1,1
2022-11-04,1630.199951171875,1674.5,1629.0,1672.5,159,110.87999725341797,156.47000122070312,20.790000915527344,24.549999237060547,3770.550048828125,,,,,,,1.7183142809199683,0,0,1,0,1,0,0
2022-11-07,1676.9000244140625,1677.9000244140625,1672.9000244140625,1676.5,42,110.12000274658203,155.85000610351562,20.898000717163086,24.350000381469727,3806.800048828125,,,,,,,-0.8426880261615072,0,0,0,0,0,0,1
2022-11-08,1703.199951171875,1712.0999755859375,1703.199951171875,1712.0999755859375,23,109.62000274658203,159.4499969482422,21.476999282836914,25.540000915527344,3828.110107421875,,,,,,,-0.12639107022281945,0,0,0,0,0,0,0
2022-11-09,1707.4000244140625,1720.199951171875,1706.0,1710.0999755859375,497,110.55000305175781,158.64999389648438,21.29800033569336,26.09000015258789,3748.570068359375,,,,,,,-1.6602813987272997,0,0,0,0,0,1,0
2022-11-10,1708.199951171875,1750.300048828125,1708.199951171875,1750.300048828125,325,108.20999908447266,163.47999572753906,21.677000045776367,23.530000686645508,3956.3701171875,,,,,,,1.0419613058682369,0,1,0,0,1,0,0
2022-11-11,1763.800048828125,1766.0,1757.5999755859375,1766.0,257,106.29000091552734,164.55999755859375,21.645999908447266,22.520000457763672,3992.929931640625,,,,,,,0.09184398171095402,0,0,0,0,0,0,1
2022-11-14,1762.0,1773.5999755859375,1761.5999755859375,1773.5999755859375,358,106.66000366210938,164.9199981689453,22.091999053955078,23.729999542236328,3957.25,,,,,,,-0.7313034109309614,0,0,0,0,0,0,0
2022-11-15,1770.800048828125,1773.800048828125,1769.9000244140625,1773.800048828125,57,106.4000015258789,165.5,21.499000549316406,24.540000915527344,3991.72998046875,,,,,,,0.6351407124300126,0,0,0,0,0,0,0
2022-11-16,1776.5999755859375,1778.9000244140625,1773.0,1773.0,303,106.27999877929688,165.1199951171875,21.503999710083008,24.110000610351562,3958.7900390625,,,,,,,-0.0906869426515893,0,0,0,0,0,0,0
2022-11-17,1763.0,1763.0,1756.0,1760.800048828125,18,106.69000244140625,163.9199981689453,20.954999923706055,23.93000030517578,3946.56005859375,,,,,,,-0.24701264821468674,0,0,0,0,0,0,0
2022-11-18,1763.300048828125,1763.300048828125,1747.5999755859375,1751.9000244140625,414,106.93000030517578,162.7899932861328,20.97599983215332,23.1200008392334,3965.340087890625,,,,,,,-0.9675542858604977,0,0,0,0,0,0,0
2022-11-21,1739.0,1744.9000244140625,1736.0999755859375,1737.4000244140625,544,107.83999633789062,161.8800048828125,20.849000930786133,22.360000610351562,3949.93994140625,,,,,,,0.11932576140070819,0,0,0,0,0,0,0
2022-11-22,1741.699951171875,1741.699951171875,1738.300048828125,1738.300048828125,15,107.22000122070312,162.07000732421875,21.034000396728516,21.290000915527344,4003.580078125,,,,,,,0.3978918815531658,0,0,0,0,0,1,0
2022-11-23,1736.5,1750.9000244140625,1736.5,1744.9000244140625,39,106.08000183105469,163.0800018310547,21.35700035095215,20.350000381469727,4027.260009765625,,,,,,,1.3417811351356308,0,0,0,1,1,0,0
2022-11-25,1753.0,1757.9000244140625,1749.199951171875,1753.300048828125,216,105.95999908447266,163.22000122070312,21.424999237060547,20.5,4026.1201171875,,,,,,,-0.23080882519364623,0,0,0,0,0,0,1
2022-11-28,1741.300048828125,1741.300048828125,1740.0999755859375,1740.0999755859375,132767,106.68000030517578,161.92999267578125,20.90999984741211,22.209999084472656,3963.93994140625,,,,,,,-0.3713060278731227,0,0,0,0,0,0,0
2022-11-29,1739.5,1758.199951171875,1737.9000244140625,1748.4000244140625,19416,106.81999969482422,162.72999572753906,21.20400047302246,21.889999389648438,3957.6298828125,,,,,,,-0.29844149646117,0,0,0,0,0,0,0
2022-11-30,1748.0999755859375,1769.4000244140625,1745.0999755859375,1746.0,3339,105.94999694824219,164.80999755859375,21.549999237060547,20.579999923706055,4080.110107421875,,,,,,,4.371320171238911,0,0,0,0,0,0,0
2022-12-01,1768.699951171875,1803.699951171875,1768.699951171875,1801.0999755859375,1053,104.7300033569336,167.83999633789062,22.636999130249023,19.84000015258789,4076.570068359375,,,,,,,0.07016451127954099,0,0,0,0,0,1,0
2022-12-02,1802.0,1802.300048828125,1779.4000244140625,1795.9000244140625,1725,104.55000305175781,167.25999450683594,23.038000106811523,19.059999465942383,4071.699951171875,,,,,,,-0.1187298869717625,0,0,1,0,1,0,0
2022-12-05,1795.699951171875,1808.0,1764.300048828125,1767.4000244140625,1713,105.29000091552734,164.38999938964844,22.198999404907227,20.75,3998.840087890625,,,,,,,-0.5470226797302328,0,0,0,0,0,0,1
2022-12-06,1768.5999755859375,1779.4000244140625,1767.9000244140625,1769.300048828125,105,105.58000183105469,164.83999633789062,22.12299919128418,22.170000076293945,3941.260009765625,,,,,,,0.006953109366191569,0,0,0,0,0,0,0
2022-12-07,1769.300048828125,1790.300048828125,1769.300048828125,1785.5,422,105.0999984741211,166.3300018310547,22.709999084472656,22.68000030517578,3933.919921875,,,,,,,-0.03586479833362143,0,0,0,0,0,0,0
2022-12-08,1782.0,1790.9000244140625,1782.0,1788.699951171875,713,104.7699966430664,166.47000122070312,23.062999725341797,22.290000915527344,3963.510009765625,,,,,,,-0.3473452360969671,0,0,0,0,0,0,0
2022-12-09,1794.9000244140625,1804.300048828125,1791.0999755859375,1798.0999755859375,125,104.80999755859375,167.05999755859375,23.53499984741211,22.829999923706055,3934.3798828125,,,,,,,-0.9071500810260349,0,0,0,0,0,0,0
2022-12-12,1787.300048828125,1793.9000244140625,1777.699951171875,1780.5,85,105.12999725341797,165.67999267578125,23.219999313354492,25.0,3990.56005859375,,,,,,,-0.4024325310330716,0,0,0,0,0,1,0
2022-12-13,1780.699951171875,1819.800048828125,1780.5,1813.9000244140625,205,103.9800033569336,168.50999450683594,23.801000595092773,22.549999237060547,4019.64990234375,,,,,,,-0.9310192476578766,0,1,0,0,1,1,0
2022-12-14,1810.800048828125,1812.800048828125,1797.9000244140625,1807.5,1074,103.7699966430664,168.10000610351562,23.945999145507812,21.139999389648438,3995.320068359375,,,,,,,-0.5657396259156803,1,0,0,0,1,0,1
2022-12-15,1801.0,1801.0,1774.800048828125,1777.199951171875,421,104.55999755859375,165.35000610351562,23.128000259399414,22.829999923706055,3895.75,,,,,,,-0.42000918515230606,0,0,0,0,0,0,1
2022-12-16,1777.9000244140625,1791.4000244140625,1777.9000244140625,1790.0,206,104.69999694824219,166.7899932861328,23.150999069213867,22.6200008392334,3852.360107421875,,,,,,,0.09658038085430913,0,0,0,0,0,0,0
2022-12-19,1791.5999755859375,1796.300048828125,1785.5999755859375,1787.699951171875,79,104.72000122070312,166.32000732421875,23.02899932861328,22.420000076293945,3817.659912109375,,,,,,,-0.39854609440656535,0,0,0,0,0,0,0
2022-12-20,1786.5,1821.4000244140625,1786.5,1815.9000244140625,51,103.97000122070312,169.0800018310547,24.0939998626709,21.479999542236328,3821.6201171875,,,,,,,-0.10075415408222367,0,0,0,0,0,0,0
2022-12-21,1817.4000244140625,1821.4000244140625,1814.4000244140625,1815.9000244140625,35,104.16000366210938,168.8000030517578,24.03499984741211,20.06999969482422,3878.43994140625,,,,,,,-0.6563964354284658,0,0,0,0,0,0,0
2022-12-22,1818.0999755859375,1818.0999755859375,1785.0,1787.0,411,104.43000030517578,166.75999450683594,23.47599983215332,21.969999313354492,3822.389892578125,,,,,,,0.6601206377834412,0,0,0,0,0,1,0
2022-12-23,1794.300048828125,1802.800048828125,1794.0999755859375,1795.9000244140625,49,104.30999755859375,167.25999450683594,23.763999938964844,20.8700008392334,3844.820068359375,,,,,,,-0.01711286958518299,0,0,0,1,1,0,0
2022-12-27,1803.4000244140625,1826.300048828125,1803.4000244140625,1814.800048828125,69,104.18000030517578,168.6699981689453,24.040000915527344,21.649999618530273,3829.25,,,,,,,-0.7133354256823731,0,0,0,0,0,0,1
2022-12-28,1803.199951171875,1807.9000244140625,1803.0999755859375,1807.9000244140625,434,104.45999908447266,167.91000366210938,23.663000106811523,22.139999389648438,3783.219970703125,,,,,,,-0.9310811515594479,0,0,0,0,0,0,0
2022-12-29,1805.800048828125,1819.5,1805.800048828125,1819.5,277,103.83999633789062,168.85000610351562,24.077999114990234,21.440000534057617,3849.280029296875,,,,,,,-1.1688285253705328,0,0,0,0,0,0,0
2022-12-30,1817.0,1822.300048828125,1816.800048828125,1819.699951171875,95,103.5199966430664,169.63999938964844,23.86199951171875,21.670000076293945,3839.5,,,,,,,0.35191399583933625,0,0,0,0,0,0,0
2023-01-03,1836.199951171875,1839.699951171875,1836.199951171875,1839.699951171875,29,104.5199966430664,171.05999755859375,24.05900001525879,22.899999618530273,3824.139892578125,,,,,,,-0.49636315736221875,0,0,0,0,0,0,0
2023-01-04,1845.5999755859375,1859.0999755859375,1845.5999755859375,1852.800048828125,25,104.25,172.6699981689453,23.79199981689453,22.010000228881836,3852.969970703125,,,,,,,0.2959416666902048,0,0,0,0,0,0,0
2023-01-05,1855.199951171875,1855.199951171875,1834.800048828125,1834.800048828125,24,105.04000091552734,170.52000427246094,23.257999420166016,22.459999084472656,3808.10009765625,,,,,,,-0.6367774386191896,0,0,0,0,0,1,0
2023-01-06,1838.4000244140625,1868.199951171875,1835.300048828125,1864.199951171875,26,103.87999725341797,173.7100067138672,23.82200050354004,21.1299991607666,3895.080078125,,,,,,,0.28381521051855724,0,0,1,0,1,0,0
2023-01-09,1867.0,1880.0,1867.0,1872.699951171875,62,103.0,174.10000610351562,23.711999893188477,21.969999313354492,3892.090087890625,,,,,,,-0.5286961870935281,0,0,0,0,0,0,1
2023-01-10,1877.800048828125,1878.0999755859375,1871.5999755859375,1871.5999755859375,101,103.23999786376953,174.74000549316406,23.506999969482422,20.579999923706055,3919.25,,,,,,,0.9501141078272592,0,0,0,0,0,0,0
2023-01-11,1873.0999755859375,1877.800048828125,1873.0999755859375,1874.5999755859375,1236,103.19000244140625,174.6199951171875,23.32699966430664,21.09000015258789,3969.610107421875,,,,,,,0.11559899360247076,0,0,0,0,0,1,0
2023-01-12,1877.199951171875,1897.4000244140625,1877.199951171875,1895.5,59,102.25,176.63999938964844,23.863000869750977,18.829999923706055,3983.169921875,,,,,,,0.2833095077450782,0,1,0,0,1,0,0
2023-01-13,1899.0,1920.9000244140625,1898.300048828125,1918.4000244140625,512,102.19999694824219,178.75999450683594,24.231000900268555,18.350000381469727,3999.090087890625,,,,,,,0.231230239385126,0,0,0,0,0,0,1
2023-01-17,1920.0999755859375,1920.0999755859375,1905.199951171875,1907.199951171875,706,102.38999938964844,177.58999633789062,23.944000244140625,19.360000610351562,3990.969970703125,,,,,,,-0.033069769449438055,0,0,0,0,0,0,0
2023-01-18,1911.0999755859375,1911.0999755859375,1903.0999755859375,1904.4000244140625,1027,102.36000061035156,177.0800018310547,23.530000686645508,20.34000015258789,3928.860107421875,,,,,,,-0.6119059488797208,0,0,0,0,0,0,0
2023-01-19,1922.0999755859375,1931.800048828125,1922.0999755859375,1922.0999755859375,371,102.05999755859375,179.88999938964844,23.753999710083008,20.520000457763672,3898.85009765625,,,,,,,1.862748409722439,0,0,0,0,0,0,0
2023-01-20,1922.0999755859375,1928.5,1921.4000244140625,1926.4000244140625,1346,102.01000213623047,179.2899932861328,23.829999923706055,19.850000381469727,3972.610107421875,,,,,,,-0.260036353981101,0,0,0,0,0,0,0
2023-01-23,1926.5,1927.0999755859375,1915.0,1927.0999755859375,218,102.13999938964844,179.6300048828125,23.45199966430664,19.809999465942383,4019.81005859375,,,,,,,0.3046048421781724,0,0,0,0,0,0,0
2023-01-24,1931.800048828125,1936.800048828125,1931.800048828125,1933.9000244140625,201,101.91999816894531,180.27999877929688,23.64900016784668,19.200000762939453,4016.949951171875,,,,,,,0.35096305046648835,0,0,0,0,0,0,0
2023-01-25,1941.199951171875,1941.199951171875,1939.800048828125,1941.199951171875,7,101.63999938964844,181.11000061035156,23.839000701904297,19.079999923706055,4016.219970703125,,,,,,,0.6624220165959075,0,0,0,0,0,0,0
2023-01-26,1936.5999755859375,1937.0999755859375,1927.0999755859375,1929.0999755859375,131,101.83999633789062,179.47000122070312,23.93000030517578,18.729999542236328,4060.429931640625,,,,,,,-0.42633169524249115,0,0,0,0,0,1,0
2023-01-27,1928.5999755859375,1928.5999755859375,1928.5999755859375,1928.5999755859375,150902,101.93000030517578,179.22000122070312,23.527000427246094,18.510000228881836,4070.56005859375,,,,,,,-0.8445392727473909,0,0,0,1,1,0,0
2023-01-30,1928.300048828125,1933.5999755859375,1920.300048828125,1922.9000244140625,27220,102.27999877929688,178.75999450683594,23.645000457763672,19.940000534057617,4017.77001953125,,,,,,,-0.678991366039366,0,0,0,0,0,0,1
2023-01-31,1923.0,1930.4000244140625,1900.5999755859375,1929.5,1910,102.0999984741211,179.41000366210938,23.74799919128418,19.399999618530273,4076.60009765625,,,,,,,-0.5783434224017953,0,0,0,0,0,1,0
2023-02-01,1927.199951171875,1955.0,1922.0,1927.800048828125,2290,101.22000122070312,181.6699981689453,23.520999908447266,17.8700008392334,4119.2099609375,,,,,,,3.9416036967853167,1,0,0,0,1,0,0
2023-02-02,1952.300048828125,1959.0999755859375,1911.300048828125,1916.300048828125,748,101.75,177.89999389648438,23.534000396728516,18.729999542236328,4179.759765625,,,,,,,-1.0810381189319769,0,0,0,0,0,1,1
2023-02-03,1912.4000244140625,1917.0,1861.5,1862.9000244140625,992,102.91999816894531,173.4600067138672,22.333999633789062,18.329999923706055,4136.47998046875,,,,,,,-0.11945149880109814,0,0,1,0,1,0,0
2023-02-06,1865.5999755859375,1880.0,1863.4000244140625,1866.199951171875,424,103.62000274658203,173.82000732421875,22.177000045776367,19.43000030517578,4111.080078125,,,,,,,-0.006374690493342868,0,0,0,0,0,0,1
2023-02-07,1870.0,1875.699951171875,1868.0,1871.699951171875,297,103.43000030517578,173.97999572753906,22.117000579833984,18.65999984741211,4164.0,,,,,,,-0.6784908920322792,0,0,0,0,0,0,0
2023-02-08,1872.0999755859375,1880.4000244140625,1872.0999755859375,1877.4000244140625,230,103.41000366210938,174.41000366210938,22.367000579833984,19.6299991607666,4117.85986328125,,,,,,,-0.8723240574076954,0,0,0,0,0,0,0
2023-02-09,1875.300048828125,1884.5999755859375,1859.800048828125,1866.199951171875,223,103.22000122070312,173.02999877929688,22.097000122070312,20.709999084472656,4081.5,,,,,,,-1.501525276696208,0,0,0,0,0,0,0
2023-02-10,1861.5999755859375,1863.5,1852.4000244140625,1862.800048828125,27,103.62999725341797,173.36000061035156,22.034000396728516,20.530000686645508,4090.4599609375,,,,,,,-0.24701497208155834,0,0,0,0,0,0,0
2023-02-13,1859.0,1861.0,1850.0,1851.9000244140625,569,103.3499984741211,172.47999572753906,21.81800079345703,20.34000015258789,4137.2900390625,,,,,,,0.03973293874620174,0,0,0,0,0,1,0
2023-02-14,1854.0999755859375,1862.0,1846.199951171875,1854.0,656,103.2300033569336,172.61000061035156,21.841999053955078,18.90999984741211,4136.1298828125,,,,,,,-0.08854565248559607,0,1,0,0,1,0,0
2023-02-15,1842.0,1842.0,1828.199951171875,1834.199951171875,368,103.91999816894531,170.88999938964844,21.54599952697754,18.229999542236328,4147.60009765625,,,,,,,0.1540818943860115,0,0,0,0,0,0,1
2023-02-16,1838.5999755859375,1843.699951171875,1827.199951171875,1842.0,222,103.86000061035156,170.75,21.68400001525879,20.170000076293945,4090.409912109375,,,,,,,-1.557965723409509,0,0,0,0,0,0,0
2023-02-17,1827.4000244140625,1842.199951171875,1818.4000244140625,1840.4000244140625,35,103.86000061035156,171.25999450683594,21.694000244140625,20.020000457763672,4079.090087890625,,,,,,,-0.22688774292591252,0,0,0,0,0,0,0
2023-02-21,1842.5999755859375,1843.0,1833.0,1833.0,862,104.18000030517578,170.6199951171875,21.868999481201172,22.8700008392334,3997.340087890625,,,,,,,-0.12786614596756274,0,0,0,0,0,0,0
2023-02-22,1835.699951171875,1836.199951171875,1825.0999755859375,1832.0,278,104.58999633789062,169.66000366210938,21.660999298095703,22.290000915527344,3991.050048828125,,,,,,,-1.8201029011177003,0,0,0,0,0,0,0
2023-02-23,1826.4000244140625,1827.5,1818.0,1818.0,291,104.5999984741211,169.57000732421875,21.298999786376953,21.139999389648438,4012.320068359375,,,,,,,0.5755934396715885,0,0,0,0,0,1,0
2023-02-24,1808.800048828125,1808.800048828125,1808.800048828125,1808.800048828125,404,105.20999908447266,168.35000610351562,20.805999755859375,21.670000076293945,3970.0400390625,,,,,,,-0.137996379412919,0,0,0,1,1,0,0
2023-02-27,1811.5999755859375,1817.5,1808.9000244140625,1817.0,829,104.66999816894531,169.00999450683594,20.670000076293945,20.950000762939453,3982.239990234375,,,,,,,-0.3218865144838419,0,0,0,0,0,0,1
2023-02-28,1808.0999755859375,1830.0,1808.0999755859375,1828.9000244140625,618,104.87000274658203,169.77999877929688,20.961000442504883,20.700000762939453,3970.14990234375,,,,,,,-0.9737071665879591,0,0,0,0,0,0,0
2023-03-01,1827.0999755859375,1841.699951171875,1827.0999755859375,1837.699951171875,211,104.4800033569336,170.75999450683594,20.958999633789062,20.579999923706055,3951.389892578125,,,,,,,-0.6412383000605288,0,0,0,0,0,0,0
2023-03-02,1830.0,1836.300048828125,1830.0,1833.5,154,105.02999877929688,170.66000366210938,20.766000747680664,19.59000015258789,3981.35009765625,,,,,,,-0.06804689047937082,0,0,0,0,0,0,0
2023-03-03,1837.300048828125,1855.4000244140625,1837.300048828125,1847.699951171875,61,104.5199966430664,172.49000549316406,21.093000411987305,18.489999771118164,4045.639892578125,,,,,,,1.2209091640558771,0,0,0,0,0,0,0
2023-03-06,1853.300048828125,1853.800048828125,1844.199951171875,1847.9000244140625,5,104.3499984741211,171.6199951171875,20.983999252319336,18.610000610351562,4048.419921875,,,,,,,-0.904652166345029,0,0,0,0,0,0,0
2023-03-07,1840.9000244140625,1840.9000244140625,1813.9000244140625,1813.9000244140625,450,105.62000274658203,168.6199951171875,20.054000854492188,19.59000015258789,3986.3701171875,,,,,,,-0.5043906579524067,0,0,0,0,0,0,0
2023-03-08,1811.5999755859375,1812.9000244140625,1811.5,1812.699951171875,75,105.66000366210938,168.5399932861328,20.0049991607666,19.110000610351562,3992.010009765625,,,,,,,-0.42413592417778345,0,0,0,0,0,0,0
2023-03-09,1816.4000244140625,1829.300048828125,1815.5999755859375,1829.300048828125,332,105.30999755859375,170.1999969482422,20.024999618530273,22.610000610351562,3918.320068359375,,,,,,,-0.1323163839866298,0,0,0,0,0,1,0
2023-03-10,1852.300048828125,1868.5,1852.0,1862.0,248,104.58000183105469,173.8699951171875,20.375,24.799999237060547,3861.590087890625,,,,,,,1.3330987442786888,0,0,1,0,1,0,0
2023-03-13,1890.800048828125,1913.0999755859375,1875.0999755859375,1911.699951171875,503,103.5999984741211,177.86000061035156,21.792999267578125,26.520000457763672,3855.760009765625,,,,,,,-0.15896218717320298,0,0,0,0,0,1,1
2023-03-14,1912.199951171875,1912.199951171875,1901.0999755859375,1906.199951171875,107,103.5999984741211,176.8300018310547,21.929000854492188,23.729999542236328,3919.2900390625,,,,,,,-1.3281241866221662,0,1,0,0,1,0,0
2023-03-15,1903.9000244140625,1926.5999755859375,1898.5,1926.5999755859375,564,104.6500015258789,178.2100067138672,21.77400016784668,26.139999389648438,3891.929931640625,,,,,,,-2.3334610507488733,0,0,0,0,0,0,1
2023-03-16,1909.9000244140625,1931.699951171875,1909.9000244140625,1919.0,394,104.41999816894531,178.57000732421875,21.58799934387207,22.989999771118164,3960.280029296875,,,,,,,-0.04810744482895981,0,0,0,0,0,0,0
2023-03-17,1946.0,1985.0999755859375,1946.0,1969.800048828125,82,103.70999908447266,183.77000427246094,22.35099983215332,25.510000228881836,3916.639892578125,,,,,,,0.9251983512493682,0,0,0,0,0,0,0
2023-03-20,1988.300048828125,2003.9000244140625,1968.9000244140625,1979.199951171875,389,103.27999877929688,183.83999633789062,22.533000946044922,24.149999618530273,3951.570068359375,,,,,,,-0.7465227188726911,0,0,0,0,0,0,0
2023-03-21,1973.800048828125,1973.800048828125,1938.0,1938.0,47,103.26000213623047,180.3699951171875,22.323999404907227,21.3799991607666,4002.8701171875,,,,,,,0.018351412172583965,0,0,0,0,0,1,0
2023-03-22,1946.800048828125,1974.0,1946.800048828125,1946.800048828125,50,102.3499984741211,183.44000244140625,22.674999237060547,22.260000228881836,3936.969970703125,,,,,,,4.031488137766051,1,0,0,0,1,0,0
2023-03-23,1990.5,1994.5999755859375,1990.5,1993.800048828125,33,102.52999877929688,185.74000549316406,23.143999099731445,22.610000610351562,3948.719970703125,,,,,,,0.2590784847946375,0,0,0,0,0,0,1
2023-03-24,1991.699951171875,1995.4000244140625,1982.0999755859375,1982.0999755859375,19,103.12000274658203,183.64999389648438,23.246999740600586,21.739999771118164,3970.989990234375,,,,,,,-1.4798181159902735,0,0,0,0,0,0,0
2023-03-27,1957.199951171875,1957.199951171875,1952.4000244140625,1952.4000244140625,877,102.86000061035156,181.9499969482422,23.054000854492188,20.600000381469727,3977.530029296875,,,,,,,0.3988086580214081,0,0,0,0,0,0,0
2023-03-28,1972.4000244140625,1972.4000244140625,1972.4000244140625,1972.4000244140625,21,102.43000030517578,183.44000244140625,23.323999404907227,19.969999313354492,3971.27001953125,,,,,,,-0.254652552212364,0,0,0,0,0,0,0
2023-03-29,1966.0999755859375,1966.0999755859375,1966.0999755859375,1966.0999755859375,88563,102.63999938964844,182.52999877929688,23.375999450683594,19.1200008392334,4027.81005859375,,,,,,,-0.820398852657801,0,0,0,0,0,0,0
2023-03-30,1965.9000244140625,1984.4000244140625,1954.9000244140625,1980.300048828125,10119,102.13999938964844,184.17999267578125,23.902000427246094,19.020000457763672,4050.830078125,,,,,,,-0.24685130974744765,0,0,0,0,0,1,0
2023-03-31,1981.300048828125,1986.800048828125,1968.0,1969.0,957,102.51000213623047,183.22000122070312,24.076000213623047,18.700000762939453,4109.31005859375,,,,,,,-0.10055430909771164,0,0,0,1,1,0,0
2023-04-03,1968.0999755859375,1991.699951171875,1950.0,1983.9000244140625,737,102.08999633789062,184.5399932861328,23.94099998474121,18.549999237060547,4124.509765625,,,,,,,-0.20713174698499154,0,0,0,0,0,0,1
2023-04-04,1984.5999755859375,2027.0999755859375,1979.0,2022.199951171875,811,101.58999633789062,187.97999572753906,25.02199935913086,19.0,4100.60009765625,,,,,,,-0.4187908935958026,0,0,0,0,0,0,0
2023-04-05,2022.0999755859375,2033.800048828125,2013.5999755859375,2020.9000244140625,525,101.8499984741211,187.8300018310547,24.96299934387207,19.079999923706055,4090.3798828125,,,,,,,-0.4553887713801844,0,0,0,0,0,0,0
2023-04-06,2022.199951171875,2023.300048828125,2005.0,2011.9000244140625,0,101.81999969482422,186.49000549316406,25.024999618530273,18.399999618530273,4105.02001953125,,,,,,,-1.3051419038310839,0,0,0,0,0,0,0
2023-04-10,2000.0,2006.5999755859375,1984.0,1989.0999755859375,652,102.58000183105469,185.11000061035156,24.84600067138672,18.969999313354492,4109.10986328125,,,,,,,-0.018698621751611005,0,0,0,0,0,0,0
2023-04-11,1991.4000244140625,2006.5,1991.4000244140625,2004.800048828125,68,102.19999694824219,186.27999877929688,25.131000518798828,19.100000381469727,4108.93994140625,,,,,,,-0.5199014345626256,0,0,0,0,0,1,0
2023-04-12,2005.199951171875,2025.699951171875,2005.199951171875,2010.9000244140625,172,101.5,187.19000244140625,25.40399932861328,19.09000015258789,4091.949951171875,,,,,,,0.08854753660721632,0,1,0,0,1,0,0
2023-04-13,2015.5999755859375,2048.60009765625,2015.5999755859375,2041.300048828125,1043,101.01000213623047,189.72000122070312,25.874000549316406,17.799999237060547,4146.22021484375,,,,,,,-0.41393434583931044,0,0,0,0,0,0,1
2023-04-14,2041.0,2047.800048828125,1995.0,2002.199951171875,718,101.55000305175781,186.36000061035156,25.423999786376953,17.06999969482422,4137.64013671875,,,,,,,0.07126908251330474,0,0,0,0,0,0,0
2023-04-17,2002.699951171875,2007.5999755859375,1983.199951171875,1994.199951171875,554,102.0999984741211,185.52999877929688,25.05299949645996,16.950000762939453,4151.31982421875,,,,,,,-0.07073712281448559,0,0,0,0,0,0,0
2023-04-18,1996.9000244140625,2007.4000244140625,1996.9000244140625,2007.4000244140625,72,101.75,186.25,25.24799919128418,16.829999923706055,4154.8701171875,,,,,,,-0.9342582358516816,0,0,0,0,0,0,0
2023-04-19,2005.699951171875,2006.4000244140625,1969.800048828125,1995.199951171875,61,101.97000122070312,185.36000061035156,25.365999221801758,16.459999084472656,4154.52001953125,,,,,,,-0.5060715808443489,0,0,0,0,0,0,0
2023-04-20,1998.0,2007.5999755859375,1998.0,2007.5999755859375,164,101.83999633789062,186.08999633789062,25.368000030517578,17.170000076293945,4129.7900390625,,,,,,,-1.2096475578731334,0,0,0,0,0,0,0
2023-04-21,1996.199951171875,1996.199951171875,1974.0999755859375,1979.5,132,101.81999969482422,184.25,25.05299949645996,16.770000457763672,4133.52001953125,,,,,,,0.15877722432134458,0,0,0,0,0,0,0
2023-04-24,1981.300048828125,1989.800048828125,1977.4000244140625,1989.0999755859375,145,101.3499984741211,184.80999755859375,25.305999755859375,16.889999389648438,4137.0400390625,,,,,,,-0.419278912102482,0,0,0,0,0,0,0
2023-04-25,1995.699951171875,1999.0999755859375,1982.300048828125,1994.0,306,101.86000061035156,185.75,24.87700080871582,18.760000228881836,4071.6298828125,,,,,,,0.44844031391687994,0,0,0,0,0,0,0
2023-04-26,1997.800048828125,1998.800048828125,1985.5999755859375,1985.699951171875,615,101.47000122070312,184.74000549316406,24.871000289916992,18.84000015258789,4055.989990234375,,,,,,,0.039294665048749795,0,0,0,0,0,0,0
2023-04-27,1990.5999755859375,2002.300048828125,1979.9000244140625,1989.9000244140625,355,101.5,184.75,24.982999801635742,17.030000686645508,4135.35009765625,,,,,,,-0.6337856423784054,0,0,0,0,0,1,0
2023-04-28,1986.9000244140625,1990.0999755859375,1977.699951171875,1990.0999755859375,152,101.66999816894531,184.8000030517578,24.999000549316406,15.779999732971191,4169.47998046875,,,,,,,-0.5724766402448219,0,0,0,1,1,0,0
2023-05-01,1980.0999755859375,2005.0,1976.9000244140625,1983.4000244140625,210,102.1500015258789,183.97000122070312,25.009000778198242,16.079999923706055,4167.8701171875,,,,,,,-0.9281016274388552,0,0,0,0,0,0,1
2023-05-02,1994.699951171875,2018.0,1994.699951171875,2014.300048828125,1896,101.95999908447266,187.52000427246094,25.40399932861328,17.780000686645508,4119.580078125,,,,,,,0.2682294841255181,0,0,0,0,0,1,0
2023-05-03,2017.0999755859375,2035.0999755859375,2015.199951171875,2028.5999755859375,1349,101.33999633789062,189.11000061035156,25.47599983215332,18.34000015258789,4090.75,,,,,,,0.9253896997312501,1,0,0,0,1,0,0
2023-05-04,2045.0,2072.0,2040.0,2048.0,930,101.4000015258789,190.44000244140625,26.03499984741211,20.09000015258789,4061.219970703125,,,,,,,-0.07055113666322782,0,0,0,0,0,1,1
2023-05-05,2046.4000244140625,2046.4000244140625,2004.300048828125,2017.4000244140625,59,101.20999908447266,187.4600067138672,25.743000030517578,17.190000534057617,4136.25,,,,,,,-0.3403963673112397,0,0,1,0,1,0,0
2023-05-08,2022.5,2026.300048828125,2022.5,2026.300048828125,3,101.37000274658203,187.69000244140625,25.63599967956543,16.979999542236328,4138.1201171875,,,,,,,-1.5287315966901827,0,0,0,0,0,0,1
2023-05-09,2026.5999755859375,2037.300048828125,2025.9000244140625,2036.199951171875,241,101.63999938964844,189.02000427246094,25.697999954223633,17.709999084472656,4119.169921875,,,,,,,-0.6728627230384787,0,0,0,0,0,1,0
2023-05-10,2032.300048828125,2044.300048828125,2029.5,2030.5,248,101.4800033569336,188.75,25.461000442504883,16.940000534057617,4137.64013671875,,,,,,,-0.14678445532439624,0,1,0,0,1,0,0
2023-05-11,2034.0999755859375,2038.300048828125,2014.0,2014.699951171875,90,102.05999755859375,187.1300048828125,24.2549991607666,16.93000030517578,4130.6201171875,,,,,,,-0.47402844671427924,0,0,0,0,0,0,1
2023-05-12,2014.5,2014.5,2014.5,2014.5,115,102.68000030517578,186.80999755859375,23.992000579833984,17.030000686645508,4124.080078125,,,,,,,-1.0702271660346763,0,0,0,0,0,0,0
2023-05-15,2013.800048828125,2018.0,2013.800048828125,2018.0,3,102.43000030517578,187.2100067138672,24.12700080871582,17.1200008392334,4136.27978515625,,,,,,,-0.8875026700693125,0,0,0,0,0,0,0
2023-05-16,1988.4000244140625,1988.4000244140625,1988.4000244140625,1988.4000244140625,49,102.55999755859375,184.8699951171875,23.73699951171875,17.989999771118164,4109.89990234375,,,,,,,-0.033081837978209454,0,0,0,0,0,0,0
2023-05-17,1983.5999755859375,1983.5999755859375,1980.699951171875,1980.699951171875,13,102.87999725341797,184.22999572753906,23.75200080871582,16.8700008392334,4158.77001953125,,,,,,,0.13698740728621617,0,0,0,0,0,0,0
2023-05-18,1956.5,1956.800048828125,1956.5,1956.5,23,103.58000183105469,181.83999633789062,23.4950008392334,16.049999237060547,4198.0498046875,,,,,,,-0.17771539887663773,0,0,0,0,0,0,0
2023-05-19,1960.0,1978.699951171875,1960.0,1978.699951171875,106,103.19999694824219,183.63999938964844,23.920000076293945,16.809999465942383,4191.97998046875,,,,,,,-0.7200014820436054,0,0,0,0,0,0,0
2023-05-22,1980.5,1980.5,1974.800048828125,1974.800048828125,8,103.19999694824219,183.2100067138672,23.71500015258789,17.209999084472656,4192.6298828125,,,,,,,-0.8406705736474668,0,0,0,0,0,0,0
2023-05-23,1972.4000244140625,1972.4000244140625,1972.4000244140625,1972.4000244140625,1,103.48999786376953,183.42999267578125,23.474000930786133,18.530000686645508,4145.580078125,,,,,,,0.07435798555829842,0,0,0,0,0,0,0
2023-05-24,1975.4000244140625,1975.4000244140625,1962.800048828125,1962.800048828125,189,103.88999938964844,181.9499969482422,23.114999771118164,20.030000686645508,4115.240234375,,,,,,,-1.1657332585817828,0,0,0,0,0,0,0
2023-05-25,1943.0999755859375,1943.0999755859375,1943.0999755859375,1943.0999755859375,1,104.20999908447266,180.1999969482422,22.785999298095703,19.139999389648438,4151.27978515625,,,,,,,-0.9693523446939302,0,0,0,0,0,1,0
2023-05-26,1948.199951171875,1948.4000244140625,1944.0999755859375,1944.0999755859375,166036,104.20999908447266,180.9199981689453,23.239999771118164,17.950000762939453,4205.4501953125,,,,,,,0.3981867551366374,0,0,0,1,1,0,0
2023-05-30,1942.699951171875,1962.5999755859375,1931.0,1958.0,37838,104.16999816894531,182.0399932861328,23.125,17.459999084472656,4205.52001953125,,,,,,,0.012462740752408925,0,0,0,0,0,0,1
2023-05-31,1958.199951171875,1973.0,1953.0,1963.9000244140625,5959,104.31999969482422,182.32000732421875,23.474000930786133,17.940000534057617,4179.830078125,,,,,,,-0.5625535997840515,0,0,0,0,0,0,0
2023-06-01,1963.199951171875,1983.0,1954.300048828125,1978.0,750,103.55999755859375,183.75999450683594,23.875,15.649999618530273,4221.02001953125,,,,,,,-0.26966551652995263,0,0,0,0,0,1,0
2023-06-02,1977.0999755859375,1982.5,1947.4000244140625,1952.4000244140625,356,104.0199966430664,181.0500030517578,23.64299964904785,14.600000381469727,4282.3701171875,,,,,,,-0.9646856162386629,0,0,1,0,1,0,0
2023-06-05,1947.5,1961.9000244140625,1937.800048828125,1958.0,713,104.0,182.13999938964844,23.534000396728516,14.729999542236328,4273.7900390625,,,,,,,0.2835003300071973,0,0,0,0,0,0,1
2023-06-06,1960.800048828125,1965.5,1958.800048828125,1965.5,164,104.12999725341797,182.33999633789062,23.573999404907227,13.960000038146973,4283.85009765625,,,,,,,-0.7929937763868528,0,0,0,0,0,0,0
2023-06-07,1959.0,1968.4000244140625,1940.699951171875,1942.699951171875,139,104.0999984741211,180.14999389648438,23.43899917602539,13.9399995803833,4267.52001953125,,,,,,,-0.935061187513447,0,0,0,0,0,0,0
2023-06-08,1943.199951171875,1969.0,1943.0999755859375,1963.5999755859375,433,103.33999633789062,182.52999877929688,24.263999938964844,13.649999618530273,4293.93017578125,,,,,,,0.030779395468326486,0,0,0,0,0,0,0
2023-06-09,1965.0999755859375,1969.800048828125,1960.300048828125,1962.199951171875,49,103.55999755859375,182.0399932861328,24.333999633789062,13.829999923706055,4298.85986328125,,,,,,,-0.7287538241952736,0,0,0,0,0,0,0
2023-06-12,1959.699951171875,1963.5,1951.4000244140625,1955.300048828125,212,103.62999725341797,181.8800048828125,23.985000610351562,15.010000228881836,4338.93017578125,,,,,,,0.34689188450264896,0,0,0,0,0,1,0
2023-06-13,1960.5999755859375,1967.5,1940.300048828125,1944.5999755859375,343,103.33999633789062,180.5399932861328,23.756000518798828,14.609999656677246,4369.009765625,,,,,,,-0.4355976170804592,0,1,0,0,1,1,0
2023-06-14,1946.199951171875,1958.199951171875,1940.300048828125,1955.300048828125,202,103.01000213623047,180.63999938964844,24.04400062561035,13.880000114440918,4372.58984375,,,,,,,-2.3916176287434565,1,0,0,0,1,0,1
2023-06-15,1941.699951171875,1958.800048828125,1926.0,1957.800048828125,329,102.12000274658203,181.91000366210938,23.891000747680664,14.5,4425.83984375,,,,,,,-0.09245433522396339,0,0,0,0,0,0,1
2023-06-16,1961.4000244140625,1962.9000244140625,1953.5,1958.4000244140625,119,102.30000305175781,181.6300048828125,24.076000213623047,13.539999961853027,4409.58984375,,,,,,,-0.8075123967752976,0,0,0,0,0,0,0
2023-06-20,1958.5999755859375,1958.5999755859375,1931.300048828125,1935.5,193,102.54000091552734,179.75,23.19300079345703,13.880000114440918,4388.7099609375,,,,,,,-0.2537523616483845,0,0,0,0,0,0,0
2023-06-21,1935.5999755859375,1936.800048828125,1920.0,1933.300048828125,557,102.06999969482422,179.49000549316406,22.77400016784668,13.199999809265137,4365.68994140625,,,,,,,-0.36489249852791894,0,0,0,0,0,0,0
2023-06-22,1920.0,1921.0,1912.0999755859375,1912.699951171875,237,102.38999938964844,177.7100067138672,22.43600082397461,12.90999984741211,4381.89013671875,,,,,,,0.04613186481930611,0,0,0,0,0,0,0
2023-06-23,1918.699951171875,1932.5,1918.699951171875,1919.0999755859375,105,102.9000015258789,178.1999969482422,22.327999114990234,13.4399995803833,4348.330078125,,,,,,,-0.2809814631505477,0,0,0,0,0,0,0
2023-06-26,1922.9000244140625,1928.5,1922.5,1923.699951171875,71,102.69000244140625,178.50999450683594,22.80500030517578,14.25,4328.81982421875,,,,,,,-0.7100324812767674,0,0,0,0,0,0,0
2023-06-27,1927.0,1929.4000244140625,1914.0,1914.0,49,102.48999786376953,177.69000244140625,22.93899917602539,13.739999771118164,4378.41015625,,,,,,,-0.40331512271625586,0,0,0,0,0,0,0
2023-06-28,1912.300048828125,1912.300048828125,1912.300048828125,1912.300048828125,628,102.91000366210938,177.27999877929688,22.868000030517578,13.430000305175781,4376.85986328125,,,,,,,-1.2731918559796527,0,0,0,0,0,0,0
2023-06-29,1909.9000244140625,1909.9000244140625,1892.5,1909.199951171875,289,103.33999633789062,177.08999633789062,22.590999603271484,13.539999961853027,4396.43994140625,,,,,,,-0.9084986935152539,0,0,0,0,0,1,0
2023-06-30,1908.5999755859375,1921.0999755859375,1900.5999755859375,1921.0999755859375,445,102.91000366210938,178.27000427246094,22.809999465942383,13.59000015258789,4450.3798828125,,,,,,,-0.6160659916447113,0,0,0,1,1,0,0
2023-07-03,1917.9000244140625,1929.5,1917.9000244140625,1921.699951171875,41,102.98999786376953,178.47000122070312,22.895999908447266,13.569999694824219,4455.58984375,,,,,,,-0.08318501419802961,0,0,0,0,0,0,1
2023-07-05,1923.5,1933.9000244140625,1914.699951171875,1919.5999755859375,193,103.37000274658203,177.83999633789062,23.19700050354004,14.180000305175781,4446.81982421875,,,,,,,-1.5877175533448855,0,0,0,0,0,0,0
2023-07-06,1909.300048828125,1910.199951171875,1903.199951171875,1908.699951171875,81,103.16999816894531,177.30999755859375,22.68600082397461,15.4399995803833,4411.58984375,,,,,,,0.13476792589251854,0,0,0,0,0,1,0
2023-07-07,1913.4000244140625,1934.0999755859375,1913.4000244140625,1926.199951171875,61,102.2699966430664,178.63999938964844,23.091999053955078,14.829999923706055,4398.9501953125,,,,,,,-0.889038206147818,0,0,1,0,1,0,0
2023-07-10,1923.5999755859375,1926.0999755859375,1912.300048828125,1925.0,269,101.97000122070312,178.77999877929688,23.150999069213867,15.069999694824219,4409.52978515625,,,,,,,-0.020024683161749067,0,0,0,0,0,0,1
2023-07-11,1925.0,1937.0,1924.199951171875,1931.300048828125,142,101.7300033569336,179.4499969482422,23.086000442504883,14.84000015258789,4439.259765625,,,,,,,0.3027585921739885,0,0,0,0,0,1,0
2023-07-12,1932.300048828125,1958.0,1932.199951171875,1956.199951171875,132,100.5199966430664,181.8800048828125,24.118999481201172,13.539999961853027,4472.16015625,,,,,,,0.7092296415847712,0,1,0,0,1,0,0
2023-07-13,1961.0999755859375,1961.0999755859375,1953.0,1959.199951171875,121,99.7699966430664,182.00999450683594,24.76799964904785,13.609999656677246,4510.0400390625,,,,,,,0.20460811209081145,0,0,0,0,0,0,1
2023-07-14,1958.4000244140625,1960.5999755859375,1952.699951171875,1960.0999755859375,94,99.91000366210938,181.42999267578125,25.013999938964844,13.34000015258789,4505.419921875,,,,,,,-2.0781930319018573,0,0,0,0,0,0,0
2023-07-17,1954.0,1956.5,1946.5999755859375,1952.4000244140625,29,99.83999633789062,181.55999755859375,24.8439998626709,13.479999542236328,4522.7900390625,,,,,,,0.8947472879803235,0,0,0,0,0,0,0
2023-07-18,1968.800048828125,1978.4000244140625,1963.4000244140625,1977.199951171875,83,99.94000244140625,183.63999938964844,25.083999633789062,13.300000190734863,4554.97998046875,,,,,,,0.12156841849187819,0,0,0,0,0,0,0
2023-07-19,1977.0,1977.5,1973.0,1977.5,35,100.27999877929688,183.6699981689453,25.2189998626709,13.760000228881836,4565.72021484375,,,,,,,0.11848984581522182,0,0,0,0,0,0,0
2023-07-20,1973.699951171875,1973.699951171875,1965.5999755859375,1968.300048828125,638,100.87999725341797,182.74000549316406,24.80500030517578,13.989999771118164,4534.8701171875,,,,,,,-0.14387898063503696,0,0,0,0,0,0,0
2023-07-21,1961.800048828125,1964.300048828125,1961.800048828125,1964.300048828125,50,101.06999969482422,182.17999267578125,24.697999954223633,13.600000381469727,4536.33984375,,,,,,,-0.8289063554077958,0,0,0,0,0,0,0
2023-07-24,1965.300048828125,1965.5,1960.300048828125,1960.300048828125,2,101.3499984741211,181.39999389648438,24.43600082397461,13.90999984741211,4554.64013671875,,,,,,,-2.1937614627521325,0,0,0,0,0,0,0
2023-07-25,1953.0,1962.5,1953.0,1962.0999755859375,19,101.3499984741211,182.41000366210938,24.68000030517578,13.859999656677246,4567.4599609375,,,,,,,0.7683940985259989,0,0,0,0,0,1,0
2023-07-26,1966.199951171875,1972.0,1966.199951171875,1968.9000244140625,51,100.88999938964844,183.3000030517578,24.825000762939453,13.1899995803833,4566.75,,,,,,,1.6965027729902264,1,0,0,0,1,0,0
2023-07-27,1945.4000244140625,1945.4000244140625,1945.4000244140625,1945.4000244140625,194253,101.7699966430664,180.4199981689453,24.236000061035156,14.40999984741211,4537.41015625,,,,,,,-0.7572405709782384,0,0,0,0,0,1,1
2023-07-28,1945.5,1962.199951171875,1944.199951171875,1960.4000244140625,23155,101.62000274658203,181.86000061035156,24.3700008392334,13.329999923706055,4582.22998046875,,,,,,,-0.5718785283327382,0,0,0,1,1,0,0
2023-07-31,1959.199951171875,1971.5999755859375,1950.0,1970.5,1025,101.86000061035156,182.35000610351562,24.854000091552734,13.630000114440918,4588.9599609375,,,,,,,-2.051698632729129,0,0,0,0,0,0,1
2023-08-01,1964.9000244140625,1965.4000244140625,1940.699951171875,1940.699951171875,688,102.30000305175781,180.4600067138672,24.20800018310547,13.930000305175781,4576.72998046875,,,,,,,0.9434703457472715,0,0,0,0,0,0,0
2023-08-02,1948.4000244140625,1953.5999755859375,1933.199951171875,1937.4000244140625,652,102.58999633789062,179.60000610351562,23.753999710083008,16.09000015258789,4513.39013671875,,,,,,,-0.952200838250544,0,0,0,0,0,0,0
2023-08-03,1934.199951171875,1936.5,1928.0,1932.0,773,102.54000091552734,179.5399932861328,23.586000442504883,15.920000076293945,4501.89013671875,,,,,,,0.67610889895114,0,0,0,0,0,1,0
2023-08-04,1934.9000244140625,1945.0,1920.0,1939.5999755859375,290,102.0199966430664,180.19000244140625,23.617000579833984,17.100000381469727,4478.02978515625,,,,,,,0.48034847374962086,0,0,1,0,1,0,0
2023-08-07,1941.0,1941.0,1929.800048828125,1933.5,376,102.05000305175781,179.77999877929688,23.142000198364258,15.770000457763672,4518.43994140625,,,,,,,1.0578341303472794,0,0,0,0,0,0,1
2023-08-08,1931.699951171875,1933.199951171875,1923.0,1924.0999755859375,555,102.52999877929688,178.63999938964844,22.716999053955078,15.989999771118164,4499.3798828125,,,,,,,0.03184725210426952,0,0,0,0,0,0,0
2023-08-09,1925.4000244140625,1928.800048828125,1913.699951171875,1915.4000244140625,451,102.48999786376953,177.7899932861328,22.649999618530273,15.960000038146973,4467.7099609375,,,,,,,-0.13016385742830605,0,0,0,0,0,1,0
2023-08-10,1921.0999755859375,1927.800048828125,1911.4000244140625,1914.4000244140625,178,102.5199966430664,177.60000610351562,22.746000289916992,15.850000381469727,4468.830078125,,,,,,,-0.48523464471578787,0,1,0,0,1,0,0
2023-08-11,1913.0,1916.5999755859375,1911.800048828125,1912.9000244140625,57,102.83999633789062,177.60000610351562,22.673999786376953,14.84000015258789,4464.0498046875,,,,,,,0.059033259876392886,0,0,0,0,0,0,1
2023-08-14,1909.300048828125,1912.5999755859375,1903.300048828125,1910.5999755859375,46,103.19000244140625,177.05999755859375,22.643999099731445,14.819999694824219,4489.72021484375,,,,,,,-1.194122306328409,0,0,0,0,0,0,0
2023-08-15,1906.0,1907.699951171875,1895.0,1902.5,73,103.20999908447266,176.58999633789062,22.594999313354492,16.459999084472656,4437.85986328125,,,,,,,-0.11257517069842478,0,0,0,0,0,0,0
2023-08-16,1904.5,1904.5,1890.300048828125,1896.0999755859375,22,103.41999816894531,175.57000732421875,22.479999542236328,16.780000686645508,4404.330078125,,,,,,,-1.7005928302510376,0,0,0,0,0,0,0
2023-08-17,1893.699951171875,1902.4000244140625,1884.0,1884.0999755859375,245,103.44000244140625,175.3000030517578,22.670000076293945,17.889999389648438,4370.35986328125,,,,,,,1.5348434431370466,0,0,0,0,0,0,0
2023-08-18,1891.800048828125,1891.800048828125,1886.0999755859375,1886.0999755859375,19,103.37999725341797,175.3300018310547,22.69499969482422,17.299999237060547,4369.7099609375,,,,,,,0.9323435877409851,0,0,0,0,0,0,0
2023-08-21,1893.5999755859375,1893.5999755859375,1893.300048828125,1893.300048828125,876,103.33000183105469,175.80999755859375,23.304000854492188,17.1299991607666,4399.77001953125,,,,,,,0.20424585232505554,0,0,0,0,0,0,0
2023-08-22,1894.5999755859375,1896.800048828125,1892.800048828125,1896.4000244140625,46,103.55999755859375,176.10000610351562,23.420000076293945,16.969999313354492,4387.5498046875,,,,,,,0.20275467974974154,0,0,0,0,0,0,0
2023-08-23,1909.5999755859375,1918.5,1909.5999755859375,1918.5,547,103.36000061035156,177.88999938964844,24.363000869750977,15.979999542236328,4436.009765625,,,,,,,-0.7593023118157841,0,0,0,0,0,0,0
2023-08-24,1920.0,1920.800048828125,1918.199951171875,1918.199951171875,337,103.9800033569336,177.85000610351562,24.211000442504883,17.200000762939453,4376.31005859375,,,,,,,-0.8090709537094154,0,0,0,0,0,0,0
2023-08-25,1919.800048828125,1919.800048828125,1911.0999755859375,1911.0999755859375,195,104.08000183105469,177.6199951171875,24.219999313354492,15.680000305175781,4405.7099609375,,,,,,,0.800969441597714,0,0,0,0,0,0,0
2023-08-28,1915.5,1921.5,1915.5,1917.9000244140625,99,104.05999755859375,178.1300048828125,24.238000869750977,15.079999923706055,4433.31005859375,,,,,,,0.3670572634341411,0,0,0,0,0,0,0
2023-08-29,1917.9000244140625,1936.5,1916.9000244140625,1936.5,1674,103.55000305175781,179.8699951171875,24.777000427246094,14.449999809265137,4497.6298828125,,,,,,,0.4288788417540778,0,0,0,0,0,0,0
2023-08-30,1936.0,1946.4000244140625,1934.5999755859375,1944.300048828125,396,103.16000366210938,180.32000732421875,24.733999252319336,13.880000114440918,4514.8701171875,,,,,,,-0.6180239772146773,0,0,0,0,0,1,0
2023-08-31,1944.4000244140625,1944.4000244140625,1938.199951171875,1938.199951171875,491,103.62000274658203,180.02000427246094,24.472000122070312,13.569999694824219,4507.66015625,,,,,,,0.4112490282269015,0,0,0,1,1,1,0
2023-09-01,1950.0,1950.0,1936.5999755859375,1939.800048828125,167,104.23999786376953,180.11000061035156,24.23200035095215,13.09000015258789,4515.77001953125,,,,,,,0.17141665797917355,0,0,1,0,1,0,1
2023-09-05,1934.4000244140625,1934.4000244140625,1924.699951171875,1926.199951171875,113,104.80999755859375,178.63999938964844,23.558000564575195,14.010000228881836,4496.830078125,,,,,,,-0.6135174981553273,0,0,0,0,0,0,1
2023-09-06,1924.0999755859375,1925.300048828125,1916.300048828125,1918.0999755859375,24,104.86000061035156,177.8300018310547,23.20599937438965,14.449999809265137,4465.47998046875,,,,,,,-0.8367207129636511,0,0,0,0,0,0,0
2023-09-07,1917.5999755859375,1921.5,1917.5,1917.5,41,105.05999755859375,178.02000427246094,22.950000762939453,14.399999618530273,4451.14013671875,,,,,,,0.12464970532801806,0,0,0,0,0,0,0
2023-09-08,1924.0,1924.699951171875,1918.4000244140625,1918.4000244140625,105,105.08999633789062,178.0800018310547,22.892000198364258,13.84000015258789,4457.490234375,,,,,,,0.04701034109284626,0,0,0,0,0,0,0
2023-09-11,1923.0,1928.300048828125,1921.800048828125,1923.300048828125,50,104.56999969482422,178.41000366210938,23.10300064086914,13.800000190734863,4487.4599609375,,,,,,,-0.45105379494925607,0,0,0,0,0,0,0
2023-09-12,1920.800048828125,1920.800048828125,1911.300048828125,1911.300048828125,365,104.70999908447266,177.49000549316406,23.12700080871582,14.229999542236328,4461.89990234375,,,,,,,0.3517184049924951,0,0,0,0,0,1,0
2023-09-13,1910.300048828125,1914.5999755859375,1908.9000244140625,1909.0999755859375,15,104.7699966430664,177.0800018310547,22.91200065612793,13.479999542236328,4467.43994140625,,,,,,,-0.4809959129330911,0,1,0,0,1,0,0
2023-09-14,1903.0,1910.0,1903.0,1910.0,169,105.41000366210938,177.1699981689453,22.74799919128418,12.819999694824219,4505.10009765625,,,,,,,-0.5542003158440129,0,0,0,0,0,0,1
2023-09-15,1923.5,1927.300048828125,1923.5,1923.699951171875,8,105.31999969482422,178.33999633789062,23.125999450683594,13.789999961853027,4450.31982421875,,,,,,,-0.9765351319824888,0,0,0,0,0,0,0
2023-09-18,1928.199951171875,1931.5,1926.4000244140625,1931.5,19,105.19999694824219,179.38999938964844,23.23200035095215,14.0,4453.52978515625,,,,,,,0.46736092172478605,0,0,0,0,0,0,0
2023-09-19,1934.0,1934.0,1932.0,1932.0,6,105.19999694824219,179.22000122070312,23.194000244140625,14.109999656677246,4443.9501953125,,,,,,,-0.4867052716802712,0,0,0,0,0,1,0
2023-09-20,1945.5999755859375,1945.5999755859375,1929.199951171875,1945.5999755859375,119,105.16000366210938,179.35000610351562,23.57900047302246,15.140000343322754,4402.2001953125,,,,,,,-4.4559551084035744,1,0,0,0,1,0,0
2023-09-21,1924.0,1924.0,1919.199951171875,1919.199951171875,9,105.36000061035156,178.0500030517578,23.444000244140625,17.540000915527344,4330.0,,,,,,,-0.2466628011332733,0,0,0,0,0,0,1
2023-09-22,1925.4000244140625,1925.4000244140625,1925.4000244140625,1925.4000244140625,1,105.58000183105469,178.6199951171875,23.59600067138672,17.200000762939453,4320.06005859375,,,,,,,-0.25635768388370195,0,0,0,0,0,0,0
2023-09-25,1916.5999755859375,1916.5999755859375,1916.5999755859375,1916.5999755859375,114,106.0,177.6999969482422,23.145000457763672,16.899999618530273,4337.43994140625,,,,,,,-0.6309167370259137,0,0,0,0,0,0,0
2023-09-26,1905.0,1905.0999755859375,1900.4000244140625,1900.4000244140625,161,106.2300033569336,176.27999877929688,22.950000762939453,18.940000534057617,4273.52978515625,,,,,,,-0.3153268245840986,0,0,0,0,0,0,0
2023-09-27,1871.5999755859375,1871.5999755859375,1871.5999755859375,1871.5999755859375,12251,106.66999816894531,174.10000610351562,22.476999282836914,18.219999313354492,4274.509765625,,,,,,,1.4929190428192216,0,0,0,0,0,0,0
2023-09-28,1875.5,1878.199951171875,1856.699951171875,1860.4000244140625,4654,106.22000122070312,173.22999572753906,22.514999389648438,17.34000015258789,4299.7001953125,,,,,,,2.030002274384687,0,0,0,0,0,1,0
2023-09-29,1864.300048828125,1872.300048828125,1846.0,1848.0999755859375,1605,106.16999816894531,171.4499969482422,22.236000061035156,17.520000457763672,4288.0498046875,,,,,,,-0.29204244665308593,0,0,0,1,1,0,0
2023-10-02,1844.0999755859375,1845.9000244140625,1826.699951171875,1830.0,2309,106.9000015258789,169.64999389648438,21.218000411987305,17.610000610351562,4288.39013671875,,,,,,,-0.7188331141176741,0,0,0,0,0,0,1
2023-10-03,1825.0,1830.9000244140625,1816.800048828125,1824.5999755859375,310,107.0,169.16000366210938,21.17799949645996,19.780000686645508,4229.4501953125,,,,,,,-0.6912382172978537,0,0,0,0,0,0,0
2023-10-04,1821.800048828125,1828.199951171875,1816.4000244140625,1818.5,357,106.80000305175781,169.13999938964844,20.95599937438965,18.579999923706055,4263.75,,,,,,,1.3176052366616382,0,0,0,0,0,0,0
2023-10-05,1826.300048828125,1826.300048828125,1815.5999755859375,1816.5999755859375,393,106.33000183105469,168.8300018310547,20.847999572753906,18.489999771118164,4258.18994140625,,,,,,,0.8018175739661872,0,0,0,0,0,1,0
2023-10-06,1819.0,1831.800048828125,1809.4000244140625,1830.199951171875,390,106.04000091552734,169.6999969482422,21.540000915527344,17.450000762939453,4308.5,,,,,,,-0.6204321170076303,0,0,1,0,1,0,0
2023-10-09,1842.5,1861.5,1842.5,1849.5,232,106.08000183105469,172.82000732421875,21.740999221801758,17.700000762939453,4335.66015625,,,,,,,3.658419580325546,0,0,0,0,0,0,1
2023-10-10,1857.0,1861.4000244140625,1852.800048828125,1861.0,236,105.83000183105469,172.52999877929688,21.775999069213867,17.030000686645508,4358.240234375,,,,,,,-0.6586738451802695,0,0,0,0,0,0,0
2023-10-11,1869.5,1874.5999755859375,1869.0999755859375,1872.800048828125,65,105.81999969482422,173.7899932861328,21.957000732421875,16.09000015258789,4376.9501953125,,,,,,,-0.12273124688582274,0,0,0,0,0,1,0
2023-10-12,1874.699951171875,1881.199951171875,1867.0,1869.300048828125,46,106.56999969482422,173.25999450683594,21.79199981689453,16.690000534057617,4349.60986328125,,,,,,,-0.7987832981295451,0,1,0,0,1,0,0
2023-10-13,1877.5,1930.0999755859375,1877.5,1927.4000244140625,43,106.6500015258789,178.8300018310547,22.726999282836914,19.31999969482422,4327.77978515625,,,,,,,-0.2016883191130078,0,0,0,0,0,0,1
2023-10-16,1910.4000244140625,1921.0999755859375,1910.300048828125,1921.0999755859375,53,106.23999786376953,177.9600067138672,22.610000610351562,17.209999084472656,4373.6298828125,,,,,,,-1.0734114018593301,0,0,0,0,0,0,0
2023-10-17,1914.300048828125,1925.800048828125,1914.300048828125,1922.699951171875,103,106.25,178.2899932861328,22.863000869750977,17.8799991607666,4373.2001953125,,,,,,,-0.48806896637947267,0,0,0,0,0,0,0
2023-10-18,1935.0,1957.9000244140625,1935.0,1955.300048828125,67,106.56999969482422,180.8699951171875,22.944000244140625,19.219999313354492,4314.60009765625,,,,,,,-1.7749841105529516,0,0,0,0,0,0,0
2023-10-19,1950.0999755859375,1977.699951171875,1945.699951171875,1968.4000244140625,1945,106.25,183.08999633789062,22.886999130249023,21.399999618530273,4278.0,,,,,,,1.19645282727608,0,0,0,0,0,0,0
2023-10-20,1981.0999755859375,1988.5999755859375,1980.4000244140625,1982.5,557,106.16000366210938,183.58999633789062,23.35099983215332,21.709999084472656,4224.16015625,,,,,,,-1.1997146986712313,0,0,0,0,0,0,0
2023-10-23,1976.199951171875,1978.9000244140625,1972.9000244140625,1976.300048828125,127,105.54000091552734,182.97000122070312,23.07200050354004,20.3700008392334,4217.0400390625,,,,,,,-1.2910636661794468,0,0,0,0,0,0,0
2023-10-24,1970.300048828125,1975.0,1970.300048828125,1975.0,10,106.2699966430664,182.9499969482422,22.979999542236328,18.969999313354492,4247.68017578125,,,,,,,-0.9683296163773167,0,0,0,0,0,0,0
2023-10-25,1971.199951171875,1985.300048828125,1971.199951171875,1984.0999755859375,97,106.52999877929688,183.72000122070312,22.87700080871582,20.190000534057617,4186.77001953125,,,,,,,-1.160413433964761,0,0,0,0,0,0,0
2023-10-26,1988.199951171875,1988.199951171875,1980.4000244140625,1987.199951171875,521,106.5999984741211,184.00999450683594,22.78700065612793,20.68000030517578,4137.22998046875,,,,,,,-1.1243812688108599,0,0,0,0,0,1,0
2023-10-27,1988.5999755859375,1988.5999755859375,1988.5999755859375,1988.5999755859375,372,106.55999755859375,186.14999389648438,22.770000457763672,21.270000457763672,4117.3701171875,,,,,,,4.044050048252348,0,0,0,1,1,0,0
2023-10-30,2004.0999755859375,2004.0999755859375,1992.5,1996.199951171875,157,106.12000274658203,185.10000610351562,23.281999588012695,19.75,4166.81982421875,,,,,,,-0.39643607991928953,0,0,0,0,0,0,1
2023-10-31,1996.5,2001.0,1983.699951171875,1985.199951171875,84,106.66000366210938,184.08999633789062,22.840999603271484,18.139999389648438,4193.7998046875,,,,,,,-0.37369408681641136,0,0,0,0,0,1,0
2023-11-01,1990.5,1990.5,1977.800048828125,1978.800048828125,41,106.87999725341797,183.50999450683594,22.684999465942383,16.8700008392334,4237.85986328125,,,,,,,-0.32439764158348705,1,0,0,0,1,0,0
2023-11-02,1989.0999755859375,1990.300048828125,1979.5,1985.5999755859375,39,106.12000274658203,184.1199951171875,22.750999450683594,15.65999984741211,4317.77978515625,,,,,,,-0.3636957281857971,0,0,0,0,0,1,1
2023-11-03,1989.0,1991.5,1989.0,1991.5,12,105.0199966430664,184.7899932861328,23.201000213623047,14.90999984741211,4358.33984375,,,,,,,-0.03334186950497368,0,0,1,0,1,0,0
2023-11-06,1981.5999755859375,1981.5999755859375,1977.4000244140625,1981.5999755859375,130,105.22000122070312,183.35000610351562,23.14900016784668,14.890000343322754,4365.97998046875,,,,,,,-1.3406054841548911,0,0,0,0,0,0,1
2023-11-07,1966.5,1966.800048828125,1960.699951171875,1966.800048828125,20,105.54000091552734,182.58999633789062,22.507999420166016,14.8100004196167,4378.3798828125,,,,,,,0.22817387782731588,0,0,0,0,0,0,0
2023-11-08,1967.800048828125,1967.800048828125,1947.699951171875,1951.5,43,105.58999633789062,180.77000427246094,22.64699935913086,14.449999809265137,4382.77978515625,,,,,,,-0.7939350308659501,0,0,0,0,0,0,0
2023-11-09,1951.699951171875,1964.199951171875,1945.300048828125,1964.199951171875,10,105.91000366210938,181.49000549316406,22.83099937438965,15.289999961853027,4347.35009765625,,,,,,,-1.8743794531118136,0,0,0,0,0,0,0
2023-11-10,1959.5999755859375,1959.5999755859375,1932.5999755859375,1932.5999755859375,375,105.86000061035156,179.50999450683594,22.21500015258789,14.170000076293945,4415.240234375,,,,,,,0.49020172983244403,0,0,0,0,0,0,0
2023-11-13,1939.9000244140625,1947.199951171875,1934.0,1945.5,191,105.66000366210938,180.50999450683594,22.298999786376953,14.760000228881836,4411.5498046875,,,,,,,-0.005998905539563887,0,0,0,0,0,1,0
2023-11-14,1965.800048828125,1965.800048828125,1961.800048828125,1961.800048828125,2,104.11000061035156,182.1199951171875,23.07900047302246,14.15999984741211,4495.7001953125,,,,,,,0.2207884588221352,0,1,0,0,1,0,0
2023-11-15,1962.800048828125,1962.800048828125,1960.0,1960.0999755859375,6,104.38999938964844,181.63999938964844,23.485000610351562,14.180000305175781,4502.8798828125,,,,,,,-0.56649808988543,0,0,0,0,0,0,1
2023-11-16,1965.300048828125,1983.9000244140625,1964.5999755859375,1983.9000244140625,39,104.37000274658203,183.69000244140625,23.892000198364258,14.319999694824219,4508.240234375,,,,,,,-0.9273201842173276,0,0,0,0,0,0,0
2023-11-17,1982.5,1984.0,1979.800048828125,1981.5999755859375,32,103.81999969482422,183.6699981689453,23.80900001525879,13.800000190734863,4514.02001953125,,,,,,,-0.4288195181615179,0,0,0,0,0,0,0
2023-11-20,1978.699951171875,1979.4000244140625,1969.699951171875,1977.699951171875,182,103.47000122070312,183.3699951171875,23.57900047302246,13.40999984741211,4547.3798828125,,,,,,,-0.2631090016795658,0,0,0,0,0,0,0
2023-11-21,1990.699951171875,2005.5,1988.5,1999.300048828125,16,103.58999633789062,185.35000610351562,23.843000411987305,13.350000381469727,4538.18994140625,,,,,,,-0.3183740308323267,0,0,0,0,0,1,0
2023-11-22,1999.0999755859375,1999.4000244140625,1991.0,1991.4000244140625,6075,103.91999816894531,184.55999755859375,23.672000885009766,12.850000381469727,4556.6201171875,,,,,,,-0.4589482509389159,0,0,0,1,1,0,0
2023-11-24,1991.9000244140625,2002.199951171875,1991.5,2002.199951171875,63,103.4000015258789,185.52000427246094,24.32900047302246,12.460000038146973,4559.33984375,,,,,,,-0.5401817383636833,0,0,0,0,0,0,1
2023-11-27,2011.699951171875,2011.800048828125,2011.699951171875,2011.800048828125,228,103.19999694824219,186.77000427246094,24.672000885009766,12.6899995803833,4550.43017578125,,,,,,,0.3583922271155965,0,0,0,0,0,0,0
2023-11-28,2040.5999755859375,2042.699951171875,2039.699951171875,2039.699951171875,174665,102.75,189.25999450683594,24.93000030517578,12.6899995803833,4554.89013671875,,,,,,,0.12073747115531672,0,0,0,0,0,0,0
2023-11-29,2041.699951171875,2052.10009765625,2036.0,2047.0999755859375,15290,102.7699966430664,189.5399932861328,25.07200050354004,12.979999542236328,4550.580078125,,,,,,,-0.8581633072451872,0,0,0,0,0,0,0
2023-11-30,2046.0999755859375,2047.0999755859375,2033.0999755859375,2038.0999755859375,2506,103.5,188.75,25.292999267578125,12.920000076293945,4567.7998046875,,,,,,,-0.729797336050492,0,0,0,0,0,0,0
2023-12-01,2038.300048828125,2073.199951171875,2036.0,2071.0,614,103.2699966430664,192.00999450683594,25.499000549316406,12.630000114440918,4594.6298828125,,,,,,,-0.2071210329024448,0,0,0,0,0,0,0
2023-12-04,2075.300048828125,2130.199951171875,2021.0,2024.0999755859375,1071,103.63999938964844,187.86000061035156,24.55500030517578,13.079999923706055,4569.77978515625,,,,,,,0.2755308615650638,0,0,0,0,0,0,0
2023-12-05,2035.0999755859375,2037.0,2010.199951171875,2018.5,289,104.05000305175781,187.14999389648438,24.201000213623047,12.850000381469727,4567.18017578125,,,,,,,-0.1945406919564827,0,0,0,0,0,0,0
2023-12-06,2019.9000244140625,2035.800048828125,2019.0,2030.5,417,104.1500015258789,187.83999633789062,23.888999938964844,12.970000267028809,4549.33984375,,,,,,,-1.1929279868149996,0,0,0,0,0,0,0
2023-12-07,2029.199951171875,2034.9000244140625,2024.0,2029.9000244140625,67,103.54000091552734,188.14999389648438,23.73200035095215,13.0600004196167,4585.58984375,,,,,,,-0.2944074856826081,0,0,0,0,0,1,0
2023-12-08,2031.699951171875,2033.0999755859375,1995.0,1998.300048828125,449,104.01000213623047,185.63999938964844,22.97100067138672,12.350000381469727,4604.3701171875,,,,,,,0.7260934272189318,0,0,1,0,1,0,0
2023-12-11,2004.0999755859375,2004.199951171875,1977.199951171875,1978.0,651,104.0999984741211,183.58999633789062,22.773000717163086,12.630000114440918,4622.43994140625,,,,,,,0.322702972561097,0,0,0,0,0,1,1
2023-12-12,1984.199951171875,1994.199951171875,1977.800048828125,1977.800048828125,95,103.87000274658203,183.49000549316406,22.72800064086914,12.069999694824219,4643.7001953125,,,,,,,0.1186304948461237,0,1,0,0,1,1,0
2023-12-13,1978.5,2024.800048828125,1975.0,1982.300048828125,2252,102.87000274658203,187.6300048828125,22.638999938964844,12.1899995803833,4707.08984375,,,,,,,5.956948377116105,1,0,0,0,1,0,1
2023-12-14,2024.699951171875,2040.0999755859375,2024.300048828125,2030.199951171875,236,101.95999908447266,188.72999572753906,24.09600067138672,12.479999542236328,4719.5498046875,,,,,,,0.5604811275617565,0,0,0,0,0,0,1
2023-12-15,2032.5999755859375,2043.4000244140625,2018.300048828125,2021.0999755859375,261,102.55000305175781,187.0,23.8700008392334,12.279999732971191,4719.18994140625,,,,,,,-0.8069761804823228,0,0,0,0,0,0,0
2023-12-18,2024.300048828125,2032.800048828125,2024.0,2026.300048828125,100,102.51000213623047,187.85000610351562,23.83099937438965,12.5600004196167,4740.56005859375,,,,,,,-0.22859062294306695,0,0,0,0,0,0,0
2023-12-19,2025.199951171875,2042.699951171875,2025.199951171875,2038.4000244140625,498,102.16999816894531,189.1300048828125,24.040000915527344,12.529999732971191,4768.3701171875,,,,,,,-0.013857597908077767,0,0,0,0,0,0,0
2023-12-20,2037.0999755859375,2037.0999755859375,2030.300048828125,2034.5,258,102.41000366210938,188.10000610351562,24.347000122070312,13.670000076293945,4698.35009765625,,,,,,,-1.0567173728898565,0,0,0,0,0,0,0
2023-12-21,2035.800048828125,2044.5,2033.0,2039.0999755859375,228,101.83999633789062,189.42999267578125,24.30699920654297,13.649999618530273,4746.75,,,,,,,0.36735861966160593,0,0,0,0,0,1,0
2023-12-22,2055.699951171875,2068.699951171875,2052.199951171875,2057.10009765625,202,101.69999694824219,190.27000427246094,24.290000915527344,13.029999732971191,4754.6298828125,,,,,,,-0.9186433804024877,0,0,0,1,1,0,0
2023-12-26,2060.0,2060.800048828125,2054.199951171875,2058.199951171875,64,101.47000122070312,191.72000122070312,24.143999099731445,12.989999771118164,4774.75,,,,,,,1.1458534869038204,0,0,0,0,0,0,1
2023-12-27,2067.300048828125,2081.89990234375,2064.800048828125,2081.89990234375,586,100.98999786376953,192.58999633789062,24.375,12.430000305175781,4781.580078125,,,,,,,-0.8613148010997445,0,0,0,0,0,0,0
2023-12-28,2081.60009765625,2087.300048828125,2066.5,2073.89990234375,338,101.2300033569336,191.47000122070312,24.134000778198242,12.470000267028809,4783.35009765625,,,,,,,-1.3912578764234829,0,0,0,0,0,0,0
2023-12-29,2068.0,2068.89990234375,2062.10009765625,2062.39990234375,47,101.33000183105469,191.1699981689453,23.85300064086914,12.449999809265137,4769.830078125,,,,,,,-0.22762005112853792,0,0,0,0,0,0,0
2024-01-02,2063.5,2073.699951171875,2057.10009765625,2064.39990234375,61,102.19999694824219,190.72000122070312,23.732999801635742,13.199999809265137,4742.830078125,,,,,,,-1.164843031078213,0,0,0,0,0,0,0
2024-01-03,2034.199951171875,2044.0,2034.199951171875,2034.199951171875,54,102.45999908447266,189.1300048828125,22.945999145507812,14.039999961853027,4704.81005859375,,,,,,,0.6513159098924024,0,0,0,0,0,0,0
2024-01-04,2041.5999755859375,2044.5,2038.0,2042.300048828125,88,102.41999816894531,189.32000732421875,22.98900032043457,14.130000114440918,4688.68017578125,,,,,,,-0.1873496727715883,0,0,0,0,0,1,0
2024-01-05,2044.5,2048.10009765625,2042.4000244140625,2042.4000244140625,12,102.41000366210938,189.35000610351562,23.121999740600586,13.350000381469727,4697.240234375,,,,,,,-0.1449013763100811,0,0,1,0,1,0,0
2024-01-08,2019.0999755859375,2033.699951171875,2019.0999755859375,2026.5999755859375,10,102.20999908447266,187.8699951171875,23.1200008392334,13.079999923706055,4763.5400390625,,,,,,,-0.16724558364129763,0,0,0,0,0,0,1
2024-01-09,2035.800048828125,2035.800048828125,2026.4000244140625,2026.4000244140625,27,102.56999969482422,187.92999267578125,22.90399932861328,12.760000228881836,4756.5,,,,,,,-0.012356936272838842,0,0,0,0,0,0,0
2024-01-10,2029.0,2035.5999755859375,2021.699951171875,2021.699951171875,538,102.36000061035156,187.5,22.884000778198242,12.6899995803833,4783.4501953125,,,,,,,-0.0047389195565354795,0,0,0,0,0,1,0
2024-01-11,2025.0999755859375,2025.0999755859375,2014.300048828125,2014.300048828125,97,102.29000091552734,187.8699951171875,22.53700065612793,12.4399995803833,4780.240234375,,,,,,,1.6328638052330389,0,1,0,0,1,0,0
2024-01-12,2031.0999755859375,2057.0,2031.0999755859375,2046.699951171875,390,102.4000015258789,189.7100067138672,23.16200065612793,12.699999809265137,4783.830078125,,,,,,,-0.1965861792530252,0,0,0,0,0,0,1
2024-01-16,2051.699951171875,2054.800048828125,2026.0,2026.0,46,103.36000061035156,187.91000366210938,22.933000564575195,13.84000015258789,4765.97998046875,,,,,,,-0.009300869112204001,0,0,0,0,0,0,0
2024-01-17,2026.5,2026.5,2002.5999755859375,2002.5999755859375,764,103.44999694824219,185.83999633789062,22.516000747680664,14.789999961853027,4739.2099609375,,,,,,,0.14126518587625925,0,0,0,0,0,0,0
2024-01-18,2012.800048828125,2018.5999755859375,2009.5,2018.5999755859375,1474,103.54000091552734,187.3699951171875,22.66699981689453,14.130000114440918,4780.93994140625,,,,,,,0.20755762595227506,0,0,0,0,0,0,0
2024-01-19,2023.199951171875,2036.0,2019.5,2026.5,50,103.29000091552734,187.92999267578125,22.570999145507812,13.300000190734863,4839.81005859375,,,,,,,-0.07572041693452365,0,0,0,0,0,0,0
2024-01-22,2021.300048828125,2021.300048828125,2019.800048828125,2019.800048828125,12,103.33000183105469,187.22000122070312,22.163000106811523,13.1899995803833,4850.43017578125,,,,,,,-0.2003412286347566,0,0,0,0,0,0,0
2024-01-23,2030.300048828125,2030.300048828125,2022.5,2023.699951171875,15,103.62000274658203,187.9499969482422,22.333999633789062,12.550000190734863,4864.60009765625,,,,,,,0.3695847069137066,0,0,0,0,0,0,0
2024-01-24,2023.199951171875,2033.199951171875,2013.9000244140625,2013.9000244140625,253,103.23999786376953,186.39999389648438,22.7549991607666,13.140000343322754,4868.5498046875,,,,,,,-0.6471590130941213,0,0,0,0,0,0,0
2024-01-25,2012.0999755859375,2022.4000244140625,2012.0999755859375,2016.9000244140625,548,103.56999969482422,187.13999938964844,22.808000564575195,13.449999809265137,4894.16015625,,,,,,,0.0794642814025543,0,0,0,0,0,1,0
2024-01-26,2021.699951171875,2022.4000244140625,2016.800048828125,2016.800048828125,49,103.47000122070312,187.00999450683594,22.7549991607666,13.260000228881836,4890.97021484375,,,,,,,-0.11941495988710894,0,0,0,1,1,0,0
2024-01-29,2025.199951171875,2025.199951171875,2025.199951171875,2025.199951171875,150708,103.61000061035156,188.3300018310547,23.13800048828125,13.600000381469727,4927.93017578125,,,,,,,0.7179006744808796,0,0,0,0,0,0,1
2024-01-30,2032.5,2048.5,2028.0999755859375,2031.5,26907,103.4000015258789,188.58999633789062,23.10700035095215,13.3100004196167,4924.97021484375,,,,,,,0.25846488141917745,0,0,0,0,0,1,0
2024-01-31,2035.4000244140625,2055.0,2030.0,2048.39990234375,2007,103.2699966430664,188.4499969482422,23.051000595092773,14.350000381469727,4845.64990234375,,,,,,,-2.425765573102713,1,0,0,0,1,0,0
2024-02-01,2040.199951171875,2064.5,2029.0,2053.0,947,103.05000305175781,190.41000366210938,23.1299991607666,13.880000114440918,4906.18994140625,,,,,,,0.004165111266777438,0,0,0,0,0,1,1
2024-02-02,2054.800048828125,2055.89990234375,2027.699951171875,2036.0999755859375,888,103.91999816894531,188.61000061035156,22.701000213623047,13.850000381469727,4958.60986328125,,,,,,,-0.3609561320831073,0,0,1,0,1,0,0
2024-02-05,2038.9000244140625,2040.800048828125,2013.800048828125,2025.699951171875,412,104.44999694824219,187.57000732421875,22.334999084472656,13.670000076293945,4942.81005859375,,,,,,,-0.4759355592562811,0,0,0,0,0,0,1
2024-02-06,2025.9000244140625,2037.300048828125,2025.9000244140625,2034.5,249,104.18000030517578,188.5500030517578,22.39299964904785,13.0600004196167,4954.22998046875,,,,,,,-0.20725396014044853,0,0,0,0,0,0,0
2024-02-07,2032.800048828125,2039.5,2032.699951171875,2035.199951171875,71,104.04000091552734,188.5,22.277999877929688,12.829999923706055,4995.06005859375,,,,,,,-0.39584522030116537,0,0,0,0,0,0,0
2024-02-08,2028.0,2036.699951171875,2020.300048828125,2032.199951171875,341,104.1500015258789,188.3300018310547,22.565000534057617,12.789999961853027,4997.91015625,,,,,,,-0.21523922579616536,0,0,0,0,0,0,0
2024-02-09,2032.0,2032.0,2020.0,2023.300048828125,62,104.08000183105469,187.60000610351562,22.527999877929688,12.930000305175781,5026.60986328125,,,,,,,-0.06774378044528705,0,0,0,0,0,0,0
2024-02-12,2025.5,2025.5,2011.5999755859375,2018.199951171875,317,104.16999816894531,187.11000061035156,22.708999633789062,13.930000305175781,5021.83984375,,,,,,,-0.1125744027051129,0,0,0,0,0,1,0
2024-02-13,2025.0999755859375,2025.800048828125,1990.0,1992.9000244140625,198,104.95999908447266,184.52999877929688,22.09600067138672,15.850000381469727,4953.169921875,,,,,,,-0.4834962886846119,0,1,0,0,1,0,0
2024-02-14,1990.300048828125,1993.5,1984.800048828125,1990.300048828125,1916,104.72000122070312,184.4199981689453,22.33099937438965,14.380000114440918,5000.6201171875,,,,,,,-0.26128901101476615,0,0,0,0,0,0,1
2024-02-15,1993.5999755859375,2007.199951171875,1993.5999755859375,2002.0999755859375,286,104.30000305175781,185.66000366210938,22.91200065612793,14.010000228881836,5029.72998046875,,,,,,,-0.01573605568613395,0,0,0,0,0,0,0
2024-02-16,2005.0,2011.5,1996.5,2011.5,32,104.27999877929688,186.33999633789062,23.43899917602539,14.239999771118164,5005.56982421875,,,,,,,-0.3269183518765765,0,0,0,0,0,0,0
2024-02-20,2015.5999755859375,2029.0,2015.5999755859375,2027.5,1326,104.08000183105469,187.47000122070312,23.106000900268555,15.420000076293945,4975.509765625,,,,,,,-0.8864471785160107,0,0,0,0,0,0,0
2024-02-21,2028.199951171875,2028.199951171875,2022.300048828125,2022.300048828125,15,104.01000213623047,187.47999572753906,22.85099983215332,15.34000015258789,4981.7998046875,,,,,,,-0.09441140563321167,0,0,0,0,0,0,0
2024-02-22,2033.199951171875,2033.199951171875,2019.699951171875,2019.699951171875,964,103.95999908447266,187.55999755859375,22.764999389648438,14.539999961853027,5087.02978515625,,,,,,,0.41686952003898387,0,0,0,0,0,0,0
2024-02-23,2026.0,2038.5999755859375,2014.9000244140625,2038.5999755859375,22,103.94000244140625,188.6199951171875,22.9689998626709,13.75,5088.7998046875,,,,,,,-0.6838564640777097,0,0,0,0,0,0,0
2024-02-26,2034.0999755859375,2035.4000244140625,2024.800048828125,2028.5,143,103.83000183105469,188.1999969482422,22.517000198364258,13.739999771118164,5069.52978515625,,,,,,,0.1356113794941274,0,0,0,0,0,0,0
2024-02-27,2035.9000244140625,2035.9000244140625,2034.0,2034.0,964,103.83000183105469,188.0,22.523000717163086,13.430000305175781,5078.18017578125,,,,,,,-0.9806711630526769,0,0,0,0,0,0,0
2024-02-28,2029.5,2037.0,2024.800048828125,2033.0,581,103.9800033569336,188.33999633789062,22.40999984741211,13.84000015258789,5069.759765625,,,,,,,-0.2842270941720079,0,0,0,0,0,1,0
2024-02-29,2034.300048828125,2049.800048828125,2034.300048828125,2045.699951171875,706,104.16000366210938,189.30999755859375,22.666000366210938,13.399999618530273,5096.27001953125,,,,,,,-0.5959112372215385,0,0,0,1,1,0,0
2024-03-01,2043.0999755859375,2086.89990234375,2041.800048828125,2086.89990234375,1210,103.86000061035156,192.88999938964844,23.149999618530273,13.109999656677246,5137.080078125,,,,,,,-0.9412595621603634,0,0,0,0,0,0,1
2024-03-04,2083.60009765625,2119.800048828125,2080.699951171875,2117.699951171875,805,103.83000183105469,196.00999450683594,23.77899932861328,13.489999771118164,5130.9501953125,,,,,,,-0.5249635323960001,0,0,0,0,0,0,0
2024-03-05,2114.89990234375,2133.5,2111.39990234375,2133.5,1287,103.80000305175781,197.19000244140625,23.76300048828125,14.460000038146973,5078.64990234375,,,,,,,-0.9270174686854554,0,0,0,0,0,0,0
2024-03-06,2125.5,2150.300048828125,2125.5,2150.300048828125,443,103.37000274658203,198.80999755859375,24.27199935913086,14.5,5104.759765625,,,,,,,-0.8061199822587963,0,0,0,0,0,0,0
2024-03-07,2147.0,2163.0,2147.0,2158.0,152,102.81999969482422,199.94000244140625,24.3700008392334,14.4399995803833,5157.35986328125,,,,,,,-0.19042281366933245,0,0,0,0,0,1,0
2024-03-08,2167.300048828125,2194.89990234375,2166.300048828125,2178.60009765625,259,102.73999786376953,201.6300048828125,24.339000701904297,14.739999771118164,5123.68994140625,,,,,,,-0.5101228030719023,0,0,1,0,1,0,0
2024-03-11,2181.0,2184.0,2177.199951171875,2182.5,738,102.87000274658203,202.0,24.511999130249023,15.220000267028809,5117.93994140625,,,,,,,-0.4892790736301936,0,0,0,0,0,1,1
2024-03-12,2182.5,2182.699951171875,2160.39990234375,2160.39990234375,550,102.95999908447266,199.7899932861328,24.194000244140625,13.84000015258789,5175.27001953125,,,,,,,-0.7078232112765841,0,1,0,0,1,0,0
2024-03-13,2162.5,2175.39990234375,2162.5,2175.39990234375,20,102.79000091552734,201.19000244140625,24.958999633789062,13.75,5165.31005859375,,,,,,,-0.6708243443355792,0,0,0,0,0,0,1
2024-03-14,2163.0,2163.0,2162.300048828125,2163.0,515,103.36000061035156,200.35000610351562,24.874000549316406,14.399999618530273,5150.47998046875,,,,,,,-0.21732169924288652,0,0,0,0,0,0,0
2024-03-15,2161.699951171875,2161.699951171875,2157.300048828125,2157.300048828125,100,103.43000030517578,199.7100067138672,25.200000762939453,14.40999984741211,5117.08984375,,,,,,,-0.4492484920450492,0,0,0,0,0,0,0
2024-03-18,2146.199951171875,2160.699951171875,2146.199951171875,2160.699951171875,21,103.58000183105469,200.02999877929688,25.090999603271484,14.329999923706055,5149.419921875,,,,,,,-0.41308080117449303,0,0,0,0,0,0,0
2024-03-19,2156.10009765625,2156.300048828125,2156.10009765625,2156.300048828125,12,103.80999755859375,199.8000030517578,24.964000701904297,13.819999694824219,5178.509765625,,,,,,,0.003152815715793534,0,0,0,0,0,1,0
2024-03-20,2157.300048828125,2185.89990234375,2150.89990234375,2157.89990234375,17,103.41000366210938,202.17999267578125,24.933000564575195,13.039999961853027,5224.6201171875,,,,,,,4.39662053584972,1,0,0,0,1,0,0
2024-03-21,2207.0,2211.60009765625,2182.39990234375,2182.39990234375,63,104.0,201.97000122070312,24.849000930786133,12.920000076293945,5241.52978515625,,,,,,,-0.5393187323667508,0,0,0,0,0,0,1
2024-03-22,2179.199951171875,2179.60009765625,2157.5,2158.10009765625,19,104.43000030517578,200.35000610351562,24.691999435424805,13.0600004196167,5234.18017578125,,,,,,,0.6930784822999277,0,0,0,0,0,0,0
2024-03-25,2166.199951171875,2179.39990234375,2166.199951171875,2174.800048828125,79,104.2300033569336,200.99000549316406,24.7450008392334,13.1899995803833,5218.18994140625,,,,,,,-1.08217356834819,0,0,0,0,0,0,0
2024-03-26,2182.699951171875,2182.699951171875,2175.60009765625,2175.60009765625,202373,104.29000091552734,201.63999938964844,24.482999801635742,13.239999771118164,5203.580078125,,,,,,,0.048043701697855,0,0,0,0,0,0,0
2024-03-27,2179.39990234375,2196.199951171875,2172.10009765625,2190.60009765625,31200,104.3499984741211,203.10000610351562,24.625,12.779999732971191,5248.490234375,,,,,,,0.224042413398714,0,0,0,0,0,0,0
2024-03-28,2193.60009765625,2234.10009765625,2187.10009765625,2217.39990234375,2040,104.55000305175781,205.72000122070312,24.797000885009766,13.010000228881836,5254.35009765625,,,,,,,0.48021619977906843,0,0,0,0,0,0,0
2024-04-01,2235.699951171875,2264.199951171875,2230.0,2236.5,400,105.0199966430664,207.82000732421875,24.95400047302246,13.649999618530273,5243.77001953125,,,,,,,1.1092895838674721,0,0,0,0,0,0,0
2024-04-02,2252.0,2279.199951171875,2247.60009765625,2261.0,435,104.81999969482422,210.88999938964844,25.804000854492188,14.609999656677246,5205.81005859375,,,,,,,2.521887090096228,0,0,0,0,0,0,0
2024-04-03,2281.699951171875,2298.800048828125,2267.89990234375,2294.39990234375,285,104.25,212.74000549316406,26.94499969482422,14.329999923706055,5211.490234375,,,,,,,0.12504175816540372,0,0,0,0,0,0,0
2024-04-04,2301.699951171875,2302.89990234375,2280.0,2288.800048828125,251,104.12000274658203,211.52000427246094,27.139999389648438,16.350000381469727,5147.2099609375,,,,,,,-1.1749822464220938,0,0,0,0,0,1,0
2024-04-05,2289.199951171875,2328.39990234375,2267.39990234375,2325.699951171875,344,104.30000305175781,215.13999938964844,27.399999618530273,16.030000686645508,5204.33984375,,,,,,,-0.7632011064542934,0,0,1,0,1,0,0
2024-04-08,2325.60009765625,2341.800048828125,2319.0,2331.699951171875,202,104.13999938964844,216.47999572753906,27.711999893188477,15.1899995803833,5202.39013671875,,,,,,,0.6903373951792076,0,0,0,0,0,0,1
2024-04-09,2337.800048828125,2364.699951171875,2337.800048828125,2343.5,211,104.1500015258789,217.6699981689453,27.891000747680664,14.979999542236328,5209.91015625,,,,,,,0.8477152038585738,0,0,0,0,0,1,0
2024-04-10,2346.60009765625,2358.10009765625,2327.699951171875,2329.60009765625,377,105.25,215.61000061035156,27.961000442504883,15.800000190734863,5160.64013671875,,,,,,,-0.5610894239403835,0,1,0,0,1,0,0
2024-04-11,2341.5,2376.300048828125,2330.60009765625,2354.800048828125,283,105.27999877929688,219.8000030517578,28.176000595092773,14.90999984741211,5199.06005859375,,,,,,,2.6301467707444397,0,0,0,0,0,0,1
2024-04-12,2377.300048828125,2429.0,2334.300048828125,2356.199951171875,584,106.04000091552734,216.88999938964844,28.2549991607666,17.309999465942383,5123.41015625,,,,,,,-2.5029986350865414,0,0,0,0,0,0,0
2024-04-15,2362.10009765625,2384.699951171875,2326.0,2365.800048828125,1801,106.20999908447266,220.9499969482422,28.650999069213867,19.229999542236328,5061.81982421875,,,,,,,2.6800494261678014,0,0,0,0,0,0,0
2024-04-16,2384.0,2390.800048828125,2371.39990234375,2390.800048828125,41,106.26000213623047,221.22000122070312,28.31800079345703,18.399999618530273,5051.41015625,,,,,,,-0.5691164521348727,0,0,0,0,0,0,0
2024-04-17,2384.199951171875,2391.39990234375,2369.300048828125,2371.699951171875,37,105.94999694824219,219.58999633789062,28.34600067138672,18.209999084472656,5022.2099609375,,,,,,,-0.33836265218847283,0,0,0,0,0,0,0
2024-04-18,2368.39990234375,2384.39990234375,2368.39990234375,2382.300048828125,128,106.1500015258789,220.33999633789062,28.32900047302246,18.0,5011.1201171875,,,,,,,-0.6841243038959414,0,0,0,0,0,0,0
2024-04-19,2379.300048828125,2399.800048828125,2377.300048828125,2398.39990234375,160,106.1500015258789,221.02999877929688,28.808000564575195,18.709999084472656,4967.22998046875,,,,,,,-1.851483449594555,0,0,0,0,0,0,0
2024-04-22,2383.300048828125,2383.300048828125,2326.89990234375,2332.199951171875,53,106.08000183105469,215.57000732421875,27.21299934387207,16.940000534057617,5010.60009765625,,,,,,,-0.8254842142265884,0,0,0,0,0,0,0
2024-04-23,2327.699951171875,2330.800048828125,2294.199951171875,2327.699951171875,171,105.69000244140625,215.0399932861328,27.33099937438965,15.6899995803833,5070.5498046875,,,,,,,-0.9729008788356677,0,0,0,0,0,0,0
2024-04-24,2321.300048828125,2328.699951171875,2314.60009765625,2324.5,95,105.86000061035156,214.63999938964844,27.323999404907227,15.970000267028809,5071.6298828125,,,,,,,-1.1129956724994707,0,0,0,0,0,0,0
2024-04-25,2315.0,2329.800048828125,2305.0,2329.800048828125,1024,105.5999984741211,215.9199981689453,27.341999053955078,15.369999885559082,5048.419921875,,,,,,,0.11459776797048922,0,0,0,0,0,1,0
2024-04-26,2347.89990234375,2347.89990234375,2332.800048828125,2334.800048828125,717,105.94000244140625,216.6199951171875,27.240999221801758,15.029999732971191,5099.9599609375,,,,,,,0.47641412179897497,0,0,0,1,1,0,0
2024-04-29,2334.800048828125,2345.5,2327.89990234375,2345.39990234375,405,105.58000183105469,216.17999267578125,27.37299919128418,14.670000076293945,5116.169921875,,,,,,,-1.6461788256077983,0,0,0,0,0,0,1
2024-04-30,2322.5,2322.5,2291.39990234375,2291.39990234375,113,106.22000122070312,211.8699951171875,26.391000747680664,15.649999618530273,5035.68994140625,,,,,,,-0.587453056351846,0,0,0,0,0,1,0
2024-05-01,2287.699951171875,2327.300048828125,2283.800048828125,2299.89990234375,42,105.76000213623047,213.7899932861328,26.48900032043457,15.390000343322754,5018.39013671875,,,,,,,1.1556378021620475,1,0,0,0,1,0,0
2024-05-02,2321.699951171875,2324.699951171875,2292.300048828125,2299.199951171875,56,105.30000305175781,213.1300048828125,26.58300018310547,14.680000305175781,5064.2001953125,,,,,,,0.20456669764843566,0,0,0,0,0,1,1
2024-05-03,2300.0,2301.0,2277.60009765625,2299.0,194,105.02999877929688,212.9600067138672,26.44499969482422,13.489999771118164,5127.7900390625,,,,,,,-0.03850700097279583,0,0,1,0,1,0,0
2024-05-06,2322.800048828125,2325.5,2314.199951171875,2321.60009765625,9,105.05000305175781,215.1999969482422,27.368999481201172,13.489999771118164,5180.740234375,,,,,,,0.188562804992393,0,0,0,0,0,0,1
2024-05-07,2324.300048828125,2324.300048828125,2315.199951171875,2315.199951171875,25,105.41000366210938,214.2100067138672,27.30299949645996,13.229999542236328,5187.7001953125,,,,,,,-0.43426781543193776,0,0,0,0,0,0,0
2024-05-08,2313.60009765625,2313.60009765625,2313.60009765625,2313.60009765625,4,105.55000305175781,213.5800018310547,27.361000061035156,13.0,5187.669921875,,,,,,,-1.1708563822383764,0,0,0,0,0,0,0
2024-05-09,2310.699951171875,2339.5,2310.699951171875,2332.10009765625,5,105.2300033569336,216.9499969482422,28.131999969482422,12.6899995803833,5214.080078125,,,,,,,1.3836987720109988,0,0,0,0,0,0,0
2024-05-10,2367.300048828125,2367.300048828125,2367.300048828125,2367.300048828125,126,105.30999755859375,218.7100067138672,28.274999618530273,12.550000190734863,5222.68017578125,,,,,,,-0.8869565891249543,0,0,0,0,0,0,0
2024-05-13,2358.300048828125,2358.300048828125,2336.10009765625,2336.10009765625,14,105.22000122070312,216.25999450683594,28.22100067138672,13.600000381469727,5221.419921875,,,,,,,-0.2190211367456135,0,0,0,0,0,0,0
2024-05-14,2336.0,2358.0,2336.0,2353.39990234375,6,105.01000213623047,218.08999633789062,28.485000610351562,13.420000076293945,5246.68017578125,,,,,,,0.12294899172804394,0,0,0,0,0,1,0
2024-05-15,2361.60009765625,2388.699951171875,2356.0,2388.699951171875,29,104.3499984741211,220.88999938964844,29.513999938964844,12.449999809265137,5308.14990234375,,,,,,,-0.5686725971310017,0,1,0,0,1,0,0
2024-05-16,2389.5,2392.199951171875,2380.0,2380.0,7,104.45999908447266,220.02999877929688,29.665000915527344,12.420000076293945,5297.10009765625,,,,,,,-0.63419072829318,0,0,0,0,0,0,1
2024-05-17,2380.699951171875,2415.800048828125,2380.699951171875,2412.199951171875,213,104.44999694824219,223.66000366210938,31.047000885009766,11.989999771118164,5303.27001953125,,,,,,,0.321894542263373,0,0,0,0,0,0,0
2024-05-20,2415.800048828125,2435.800048828125,2409.699951171875,2433.89990234375,40,104.56999969482422,224.55999755859375,32.20500183105469,12.149999618530273,5308.1298828125,,,,,,,-1.273549267668288,0,0,0,0,0,0,0
2024-05-21,2429.5,2429.5,2421.0,2421.699951171875,6,104.66000366210938,224.22999572753906,31.868000030517578,11.859999656677246,5321.41015625,,,,,,,-0.11445560944928901,0,0,0,0,0,0,0
2024-05-22,2417.5,2417.60009765625,2375.800048828125,2389.199951171875,180,104.94000244140625,220.11000061035156,31.295000076293945,12.289999961853027,5307.009765625,,,,,,,-1.6756356556510974,0,0,0,0,0,0,0
2024-05-23,2371.199951171875,2371.199951171875,2335.0,2335.0,365,105.11000061035156,215.72000122070312,30.284000396728516,12.770000457763672,5267.83984375,,,,,,,-0.7736275160420053,0,0,0,0,0,0,0
2024-05-24,2342.60009765625,2345.39990234375,2332.5,2332.5,25,104.72000122070312,215.9199981689453,30.329999923706055,11.930000305175781,5304.72021484375,,,,,,,-0.12797600394129266,0,0,0,0,0,0,0
2024-05-28,2336.89990234375,2359.699951171875,2336.89990234375,2355.199951171875,26,104.61000061035156,218.19000244140625,31.97100067138672,12.920000076293945,5306.0400390625,,,,,,,0.10732461999102424,0,0,0,0,0,0,0
2024-05-29,2340.300048828125,2340.300048828125,2340.300048828125,2340.300048828125,119317,105.0999984741211,216.16000366210938,32.202999114990234,14.279999732971191,5266.9501953125,,,,,,,-0.831663435262829,0,0,0,0,0,0,0
2024-05-30,2336.89990234375,2349.5,2320.800048828125,2342.89990234375,32587,104.72000122070312,216.57000732421875,31.38800048828125,14.470000267028809,5235.47998046875,,,,,,,-0.5756349065908106,0,0,0,0,0,1,0
2024-05-31,2344.10009765625,2354.0,2319.0,2322.89990234375,941,104.66999816894531,215.3000030517578,30.297000885009766,12.920000076293945,5277.509765625,,,,,,,0.26483879899841206,0,0,0,1,1,0,0
2024-06-03,2322.60009765625,2347.5,2312.0,2346.60009765625,781,104.13999938964844,217.22000122070312,30.641000747680664,13.109999656677246,5283.39990234375,,,,,,,-0.1407539606301036,0,0,0,0,0,0,1
2024-06-04,2347.5,2347.699951171875,2313.89990234375,2325.5,890,104.11000061035156,215.27000427246094,29.488000869750977,13.15999984741211,5291.33984375,,,,,,,-0.1443165297990296,0,0,0,0,0,0,0
2024-06-05,2326.39990234375,2354.300048828125,2326.199951171875,2354.10009765625,295,104.2699966430664,217.82000732421875,29.947999954223633,12.630000114440918,5354.02978515625,,,,,,,-0.2913941688268424,0,0,0,0,0,0,0
2024-06-06,2355.0,2375.800048828125,2355.0,2370.300048828125,179,104.0999984741211,219.42999267578125,31.246999740600586,12.579999923706055,5352.9599609375,,,,,,,-0.12553931675236862,0,0,0,0,0,1,0
2024-06-07,2379.89990234375,2385.10009765625,2285.39990234375,2305.199951171875,269,104.88999938964844,211.60000610351562,29.334999084472656,12.220000267028809,5346.990234375,,,,,,,-2.623614939200361,0,0,1,0,1,0,0
2024-06-10,2290.60009765625,2309.300048828125,2290.5,2307.699951171875,69,105.1500015258789,213.5399932861328,29.768999099731445,12.739999771118164,5360.7900390625,,,,,,,-0.2116822692532117,0,0,0,0,0,0,1
2024-06-11,2300.0,2314.10009765625,2300.0,2307.5,871,105.2300033569336,214.14999389648438,29.132999420166016,12.850000381469727,5375.31982421875,,,,,,,0.6556333664039955,0,0,0,0,0,1,0
2024-06-12,2314.89990234375,2338.699951171875,2310.300048828125,2336.0,132,104.6500015258789,214.72000122070312,30.176000595092773,12.039999961853027,5421.02978515625,,,,,,,-2.117501913694067,1,1,0,0,1,0,0
2024-06-13,2309.39990234375,2317.699951171875,2296.199951171875,2300.199951171875,298,105.19999694824219,212.97000122070312,28.989999771118164,11.9399995803833,5433.740234375,,,,,,,-0.02122367360819134,0,0,0,0,0,0,1
2024-06-14,2307.0,2331.39990234375,2305.800048828125,2331.39990234375,948,105.55000305175781,215.72999572753906,29.402000427246094,12.65999984741211,5431.60009765625,,,,,,,-0.19177591748928863,0,0,0,0,0,0,0
2024-06-17,2320.199951171875,2320.199951171875,2309.60009765625,2312.39990234375,110,105.31999969482422,214.61000061035156,29.325000762939453,12.75,5473.22998046875,,,,,,,0.657111732876574,0,0,0,0,0,0,0
2024-06-18,2311.800048828125,2330.39990234375,2311.800048828125,2330.39990234375,43,105.26000213623047,215.47000122070312,29.5049991607666,12.300000190734863,5487.02978515625,,,,,,,-0.4161611089205955,0,0,0,0,0,0,0
2024-06-20,2328.89990234375,2354.0,2328.300048828125,2353.800048828125,183,105.58999633789062,218.16000366210938,30.775999069213867,13.279999732971191,5473.169921875,,,,,,,0.3661683338118685,0,0,0,0,0,0,0
2024-06-21,2331.199951171875,2331.199951171875,2316.39990234375,2316.39990234375,76,105.80000305175781,214.77999877929688,29.572999954223633,13.199999809265137,5464.6201171875,,,,,,,0.4845390381817057,0,0,0,0,0,0,0
2024-06-24,2323.300048828125,2332.89990234375,2322.699951171875,2330.0,99,105.47000122070312,215.6300048828125,29.48900032043457,13.329999923706055,5447.8701171875,,,,,,,-0.1089172533252239,0,0,0,0,0,0,0
2024-06-25,2324.39990234375,2333.0,2316.60009765625,2316.60009765625,105,105.61000061035156,214.55999755859375,28.836999893188477,12.84000015258789,5469.2998046875,,,,,,,0.135294418093947,0,0,0,0,0,0,0
2024-06-26,2307.89990234375,2314.39990234375,2298.0,2299.199951171875,986,106.05000305175781,212.5800018310547,28.909000396728516,12.550000190734863,5477.89990234375,,,,,,,-0.409934471742046,0,0,0,0,0,0,0
2024-06-27,2296.800048828125,2329.0,2295.0,2324.5,1532,105.91000366210938,214.99000549316406,28.917999267578125,12.239999771118164,5482.8701171875,,,,,,,-0.29183299216726694,0,0,0,0,0,1,0
2024-06-28,2325.39990234375,2338.300048828125,2319.0,2327.699951171875,92,105.87000274658203,215.00999450683594,29.23699951171875,12.4399995803833,5460.47998046875,,,,,,,-0.6826526397619959,0,0,0,1,1,0,0
2024-07-01,2323.800048828125,2329.699951171875,2321.699951171875,2327.60009765625,237,105.9000015258789,215.57000732421875,29.299999237060547,12.220000267028809,5475.08984375,,,,,,,0.1889174240726724,0,0,0,0,0,0,1
2024-07-02,2330.699951171875,2334.60009765625,2323.0,2323.0,30,105.72000122070312,215.55999755859375,29.35300064086914,12.029999732971191,5509.009765625,,,,,,,0.8893772889393545,0,0,0,0,0,0,0
2024-07-03,2330.89990234375,2361.60009765625,2330.89990234375,2359.800048828125,59,105.4000015258789,217.99000549316406,30.54800033569336,12.09000015258789,5537.02001953125,,,,,,,-0.6352524899778869,0,0,0,0,0,1,0
2024-07-05,2354.89990234375,2388.5,2354.89990234375,2388.5,72,104.87999725341797,220.92999267578125,31.38800048828125,12.479999542236328,5567.18994140625,,,,,,,-0.19285486182909703,0,0,1,0,1,0,0
2024-07-08,2381.699951171875,2383.800048828125,2352.800048828125,2355.199951171875,64,105.01000213623047,218.19000244140625,30.618000030517578,12.369999885559082,5572.85009765625,,,,,,,0.3344299937373219,0,0,0,0,0,0,1
2024-07-09,2363.10009765625,2363.699951171875,2360.10009765625,2360.10009765625,9,105.12000274658203,218.55999755859375,30.77199935913086,12.510000228881836,5576.97998046875,,,,,,,0.21848682081457974,0,0,0,0,0,0,0
2024-07-10,2366.300048828125,2377.0,2365.800048828125,2372.199951171875,19,105.05000305175781,219.36000061035156,30.726999282836914,12.850000381469727,5633.91015625,,,,,,,-0.26563246420082354,0,0,0,0,0,1,0
2024-07-11,2378.699951171875,2416.699951171875,2378.699951171875,2415.0,72,104.44000244140625,223.25,31.393999099731445,12.920000076293945,5584.5400390625,,,,,,,-0.3649173399557732,0,1,0,0,1,0,0
2024-07-12,2399.800048828125,2414.0,2391.300048828125,2414.0,355,104.08999633789062,223.11000061035156,30.88599967956543,12.460000038146973,5615.35009765625,,,,,,,-0.41642905207202074,0,0,0,0,0,0,1
2024-07-15,2430.0,2436.0,2422.89990234375,2422.89990234375,540,104.19000244140625,223.8300018310547,30.672000885009766,13.119999885559082,5631.22021484375,,,,,,,-0.6291753305833201,0,0,0,0,0,0,0
2024-07-16,2427.39990234375,2462.39990234375,2427.39990234375,2462.39990234375,93,104.2699966430664,228.2899932861328,31.19499969482422,13.1899995803833,5667.2001953125,,,,,,,0.9042206584856416,0,0,0,0,0,0,0
2024-07-17,2472.89990234375,2473.10009765625,2454.800048828125,2454.800048828125,10,103.75,227.22999572753906,30.136999130249023,14.479999542236328,5588.27001953125,,,,,,,0.21596623170003484,0,0,0,0,0,0,0
2024-07-18,2466.0,2466.0,2451.800048828125,2451.800048828125,2,104.16999816894531,225.77999877929688,29.9950008392334,15.930000305175781,5544.58984375,,,,,,,-1.947582236069098,0,0,0,0,0,0,0
2024-07-19,2418.800048828125,2419.199951171875,2395.5,2395.5,15,104.4000015258789,221.72999572753906,29.08799934387207,16.520000457763672,5505.0,,,,,,,0.2197395855767475,0,0,0,0,0,0,0
2024-07-22,2402.10009765625,2402.10009765625,2392.0,2392.0,18,104.30999755859375,221.8000030517578,29.124000549316406,14.90999984741211,5564.41015625,,,,,,,0.9476659055367321,0,0,0,0,0,0,0
2024-07-23,2395.800048828125,2404.60009765625,2388.699951171875,2404.60009765625,41,104.44999694824219,222.5800018310547,29.131999969482422,14.720000267028809,5555.740234375,,,,,,,0.18637406171640308,0,0,0,0,0,0,0
2024-07-24,2421.0,2421.0,2411.60009765625,2413.300048828125,6,104.38999938964844,221.8000030517578,29.115999221801758,18.040000915527344,5427.1298828125,,,,,,,-2.6771377668304774,0,0,0,0,0,0,0
2024-07-25,2365.5,2365.5,2351.89990234375,2351.89990234375,31,104.36000061035156,218.3300018310547,27.80699920654297,18.459999084472656,5399.22021484375,,,,,,,1.3348130621182797,0,0,0,0,0,1,0
2024-07-26,2368.699951171875,2386.89990234375,2368.699951171875,2380.0,95,104.31999969482422,220.6300048828125,27.860000610351562,16.389999389648438,5459.10009765625,,,,,,,0.7681320731880182,0,0,0,1,1,0,0
2024-07-29,2377.300048828125,2377.300048828125,2377.300048828125,2377.300048828125,126409,104.55999755859375,220.32000732421875,27.702999114990234,16.600000381469727,5463.5400390625,,,,,,,0.6703092754944023,0,0,0,0,0,0,1
2024-07-30,2380.89990234375,2409.300048828125,2373.800048828125,2405.0,25944,104.55000305175781,222.52000427246094,28.364999771118164,17.690000534057617,5436.43994140625,,,,,,,-0.022169509990414095,0,0,0,0,0,1,0
2024-07-31,2407.10009765625,2447.60009765625,2402.800048828125,2426.5,1313,104.0999984741211,226.5500030517578,28.777999877929688,16.360000610351562,5522.2998046875,,,,,,,3.3200755091765406,1,0,0,0,1,0,0
2024-08-01,2446.699951171875,2455.10009765625,2430.39990234375,2435.0,690,104.41999816894531,225.77000427246094,28.33099937438965,18.59000015258789,5446.68017578125,,,,,,,0.738078892290405,0,0,0,0,0,1,1
2024-08-02,2444.0,2477.0,2416.0,2425.699951171875,550,103.20999908447266,225.33999633789062,28.246000289916992,23.389999389648438,5346.56005859375,,,,,,,1.4388224569297123,0,0,1,0,1,0,0
2024-08-05,2442.0,2449.800048828125,2367.39990234375,2401.699951171875,334,102.69000244140625,222.47999572753906,27.076000213623047,38.56999969482422,5186.330078125,,,,,,,0.3725655854078563,0,0,0,0,0,0,1
2024-08-06,2414.5,2421.800048828125,2380.0,2389.10009765625,163,102.97000122070312,220.6999969482422,27.09600067138672,27.709999084472656,5240.02978515625,,,,,,,-0.6483964811921763,0,0,0,0,0,0,0
2024-08-07,2392.199951171875,2401.0,2384.5,2390.5,130,103.19999694824219,220.5500030517578,26.829999923706055,27.850000381469727,5199.5,,,,,,,-1.094919209252578,0,0,0,0,0,0,0
2024-08-08,2384.300048828125,2422.800048828125,2384.300048828125,2422.199951171875,201,103.20999908447266,224.00999450683594,27.5,23.790000915527344,5319.31005859375,,,,,,,-0.21856199372843169,0,0,0,0,0,0,0
2024-08-09,2422.300048828125,2432.10009765625,2418.5,2432.10009765625,611,103.13999938964844,224.55999755859375,27.48699951171875,20.3700008392334,5344.16015625,,,,,,,-0.8040069591142072,0,0,0,0,0,0,0
2024-08-12,2432.699951171875,2469.800048828125,2432.0,2462.39990234375,566,103.13999938964844,228.41000366210938,27.91699981689453,20.709999084472656,5344.39013671875,,,,,,,0.9444759453720429,0,0,0,0,0,0,0
2024-08-13,2461.0,2470.0,2456.5,2466.699951171875,510,102.55999755859375,228.05999755859375,27.69499969482422,18.1200008392334,5434.43017578125,,,,,,,-0.3043544405982214,0,0,0,0,0,1,0
2024-08-14,2468.0,2472.10009765625,2439.39990234375,2439.39990234375,274,102.56999969482422,226.1999969482422,27.253999710083008,16.190000534057617,5455.2099609375,,,,,,,0.8159158657762542,0,1,0,0,1,0,0
2024-08-15,2451.800048828125,2467.699951171875,2431.199951171875,2453.10009765625,285,102.9800033569336,226.91000366210938,28.341999053955078,15.229999542236328,5543.22021484375,,,,,,,-0.12844516147485183,0,0,0,0,0,0,1
2024-08-16,2453.5,2508.0,2451.39990234375,2498.60009765625,197,102.45999908447266,231.99000549316406,28.777999877929688,14.800000190734863,5554.25,,,,,,,1.268865595925814,0,0,0,0,0,0,0
2024-08-19,2508.5,2508.5,2487.199951171875,2501.800048828125,88,101.88999938964844,231.61000061035156,29.239999771118164,14.649999618530273,5608.25,,,,,,,0.1755840537106997,0,0,0,0,0,0,0
2024-08-20,2503.5,2527.300048828125,2500.699951171875,2511.300048828125,187,101.44000244140625,232.4600067138672,29.454999923706055,15.880000114440918,5597.1201171875,,,,,,,0.1089817440594452,0,0,0,0,0,0,0
2024-08-21,2511.0,2515.39990234375,2503.89990234375,2508.39990234375,96,101.04000091552734,232.14999389648438,29.47599983215332,16.270000457763672,5620.85009765625,,,,,,,0.043295241008054604,0,0,0,0,0,0,0
2024-08-22,2504.10009765625,2504.10009765625,2471.10009765625,2478.89990234375,210,101.51000213623047,229.3699951171875,29.006000518798828,17.549999237060547,5570.64013671875,,,,,,,-0.06784684189698542,0,0,0,0,0,0,0
2024-08-23,2486.5,2508.39990234375,2486.5,2508.39990234375,94,100.72000122070312,232.02000427246094,29.785999298095703,15.859999656677246,5634.60986328125,,,,,,,-0.21059504725353595,0,0,0,0,0,0,0
2024-08-26,2509.89990234375,2523.10009765625,2509.10009765625,2517.699951171875,290,100.8499984741211,232.75999450683594,29.976999282836914,16.149999618530273,5616.83984375,,,,,,,-0.40506792478309217,0,0,0,0,0,0,0
2024-08-27,2515.199951171875,2523.10009765625,2506.89990234375,2516.0,100,100.55000305175781,233.38999938964844,29.951000213623047,15.430000305175781,5625.7998046875,,,,,,,0.9109243428163778,0,0,0,0,0,0,0
2024-08-28,2501.0,2501.0,2501.0,2501.0,2353,101.08999633789062,231.75,29.176000595092773,17.110000610351562,5592.18017578125,,,,,,,0.4724231442941423,0,0,0,0,0,0,0
2024-08-29,2504.10009765625,2525.699951171875,2503.89990234375,2525.699951171875,3966,101.33999633789062,232.9499969482422,29.55699920654297,15.649999618530273,5591.9599609375,,,,,,,-1.3238893748345555,0,0,0,0,0,1,0
2024-08-30,2519.5,2525.39990234375,2493.800048828125,2493.800048828125,208,101.69999694824219,231.2899932861328,28.731000900268555,15.0,5648.39990234375,,,,,,,0.8214153853061195,0,0,0,1,1,0,0
2024-09-03,2501.60009765625,2501.800048828125,2476.300048828125,2489.89990234375,206,101.83000183105469,230.2899932861328,27.951000213623047,20.719999313354492,5528.93017578125,,,,,,,-0.2430264693482652,0,0,0,0,0,0,1
2024-09-04,2490.89990234375,2493.39990234375,2483.5,2493.39990234375,470,101.36000061035156,230.42999267578125,28.16699981689453,21.31999969482422,5520.06982421875,,,,,,,-0.5389549215348137,0,0,0,0,0,0,0
2024-09-05,2493.699951171875,2513.300048828125,2493.39990234375,2511.39990234375,54,101.11000061035156,232.35000610351562,28.719999313354492,19.899999618530273,5503.41015625,,,,,,,-0.11322324211205621,0,0,0,0,0,1,0
2024-09-06,2510.300048828125,2517.89990234375,2483.699951171875,2493.5,96,101.18000030517578,230.6300048828125,27.808000564575195,22.3799991607666,5408.419921875,,,,,,,-0.21443235498056518,0,0,1,0,1,0,0
2024-09-09,2491.300048828125,2504.699951171875,2491.300048828125,2501.800048828125,96,101.55000305175781,231.60000610351562,28.291000366210938,19.450000762939453,5471.0498046875,,,,,,,0.07684052884494068,0,0,0,0,0,0,1
2024-09-10,2512.300048828125,2512.300048828125,2512.300048828125,2512.300048828125,5,101.62999725341797,232.6199951171875,28.256999969482422,19.079999923706055,5495.52001953125,,,,,,,0.15926392582583251,0,0,0,0,0,1,0
2024-09-11,2525.800048828125,2525.800048828125,2502.300048828125,2512.10009765625,90,101.68000030517578,232.25,28.562999725341797,17.690000534057617,5554.1298828125,,,,,,,-0.4543447446950258,0,1,0,0,1,0,0
2024-09-12,2529.10009765625,2557.0,2523.39990234375,2551.199951171875,132,101.37000274658203,236.3300018310547,29.743000030517578,17.06999969482422,5595.759765625,,,,,,,0.3533986422144686,0,0,0,0,0,0,1
2024-09-13,2568.800048828125,2581.800048828125,2565.0,2581.300048828125,31,101.11000061035156,238.67999267578125,30.698999404907227,16.559999465942383,5626.02001953125,,,,,,,-0.47295431921874687,0,0,0,0,0,0,0
2024-09-16,2580.39990234375,2580.39990234375,2580.39990234375,2580.39990234375,28,100.76000213623047,238.66000366210938,30.770999908447266,17.139999389648438,5633.08984375,,,,,,,-0.34875418419835286,0,0,0,0,0,0,0
2024-09-17,2581.199951171875,2581.800048828125,2564.300048828125,2564.300048828125,22,100.88999938964844,237.33999633789062,30.618999481201172,17.610000610351562,5634.580078125,,,,,,,-0.005043690810307984,0,0,0,0,0,1,0
2024-09-18,2570.699951171875,2570.699951171875,2549.199951171875,2570.699951171875,25,100.5999984741211,235.50999450683594,30.340999603271484,18.229999542236328,5618.259765625,,,,,,,-3.9864553222614547,1,0,0,0,1,0,0
2024-09-19,2566.0,2588.0,2566.0,2588.0,99,100.61000061035156,239.1699981689453,31.0939998626709,16.329999923706055,5713.64013671875,,,,,,,-0.5309900562881906,0,0,0,0,0,0,1
2024-09-20,2590.39990234375,2621.800048828125,2590.39990234375,2619.89990234375,17,100.72000122070312,242.2100067138672,31.176000595092773,16.149999618530273,5702.5498046875,,,,,,,-0.36333419345199275,0,0,0,0,0,0,0
2024-09-23,2626.5,2626.5,2626.5,2626.5,9,100.91999816894531,242.67999267578125,30.767000198364258,15.890000343322754,5718.56982421875,,,,,,,-0.5814907015638782,0,0,0,0,0,0,0
2024-09-24,2636.800048828125,2662.300048828125,2625.5,2651.199951171875,35,100.37000274658203,246.07000732421875,32.111000061035156,15.390000343322754,5732.93017578125,,,,,,,1.1873835193841684,0,0,0,0,0,0,0
2024-09-25,2656.300048828125,2664.199951171875,2649.300048828125,2659.199951171875,175,100.91999816894531,245.72999572753906,31.697999954223633,15.40999984741211,5722.259765625,,,,,,,-0.5386087917839681,0,0,0,0,0,0,0
2024-09-26,2662.300048828125,2669.89990234375,2660.800048828125,2669.89990234375,17216,100.55999755859375,246.97999572753906,32.025001525878906,15.369999885559082,5745.3701171875,,,,,,,-0.12449806096324037,0,0,0,0,0,1,0
2024-09-27,2670.0,2672.10009765625,2641.699951171875,2644.300048828125,4228,100.41999816894531,245.02000427246094,31.518999099731445,16.959999084472656,5738.169921875,,,,,,,0.5120788436707695,0,0,0,1,1,0,0
2024-09-30,2660.89990234375,2662.10009765625,2623.199951171875,2636.10009765625,973,100.77999877929688,243.05999755859375,31.163999557495117,16.729999542236328,5762.47998046875,,,,,,,-1.3757114220209559,0,0,0,0,0,0,1
2024-10-01,2631.39990234375,2670.89990234375,2631.39990234375,2667.300048828125,153,101.19000244140625,245.61000061035156,31.44499969482422,19.260000228881836,5708.75,,,,,,,-1.8093676485134114,0,0,0,0,0,0,0
2024-10-02,2650.60009765625,2657.199951171875,2640.0,2647.10009765625,72,101.68000030517578,245.66000366210938,31.628000259399414,18.899999618530273,5709.5400390625,,,,,,,1.1243227999162346,0,0,0,0,0,0,0
2024-10-03,2642.800048828125,2657.10009765625,2640.0,2657.10009765625,354,101.98999786376953,245.49000549316406,32.18899917602539,20.489999771118164,5699.93994140625,,,,,,,-0.5556051963810478,0,0,0,0,0,1,0
2024-10-04,2656.0,2667.0,2639.0,2645.800048828125,114,102.5199966430664,245.0,32.12799835205078,19.209999084472656,5751.06982421875,,,,,,,0.30081394879047607,0,0,1,0,1,0,0
2024-10-07,2648.699951171875,2657.39990234375,2639.0,2644.800048828125,284,102.54000091552734,244.1699981689453,31.7450008392334,22.639999389648438,5695.93994140625,,,,,,,-0.8144607096014564,0,0,0,0,0,0,1
2024-10-08,2639.0,2639.0,2609.300048828125,2615.0,687,102.55000305175781,242.3699951171875,30.354999542236328,21.420000076293945,5751.1298828125,,,,,,,0.6469510942581549,0,0,0,0,0,0,0
2024-10-09,2603.0,2607.699951171875,2603.0,2606.0,152,102.93000030517578,241.0500030517578,30.424999237060547,20.860000610351562,5792.0400390625,,,,,,,-0.11144322073507527,0,0,0,0,0,1,0
2024-10-10,2602.5,2628.300048828125,2602.5,2620.60009765625,320,102.98999786376953,242.82000732421875,31.0049991607666,20.93000030517578,5780.0498046875,,,,,,,0.5216638017904166,0,1,0,0,1,0,0
2024-10-11,2638.300048828125,2658.10009765625,2638.199951171875,2657.60009765625,12,102.88999938964844,245.47000122070312,31.520000457763672,20.459999084472656,5815.02978515625,,,,,,,-0.6626061288681211,0,0,0,0,0,0,1
2024-10-14,2655.0,2655.300048828125,2647.800048828125,2647.800048828125,40,103.30000305175781,245.07000732421875,31.08300018310547,19.700000762939453,5859.85009765625,,,,,,,0.11974566699960633,0,0,0,0,0,0,0
2024-10-15,2661.39990234375,2661.39990234375,2661.39990234375,2661.39990234375,39,103.26000213623047,245.9199981689453,31.527000427246094,20.639999389648438,5815.259765625,,,,,,,-0.4929270284786461,0,0,0,0,0,0,0
2024-10-16,2674.0,2674.0,2674.0,2674.0,6,103.58999633789062,247.14999389648438,31.760000228881836,19.579999923706055,5842.47021484375,,,,,,,-0.4255764485684186,0,0,0,0,0,0,0
2024-10-17,2677.39990234375,2691.699951171875,2677.199951171875,2691.0,30,103.83000183105469,248.6300048828125,31.572999954223633,19.110000610351562,5841.47021484375,,,,,,,-0.5541773109206751,0,0,0,0,0,0,0
2024-10-18,2713.699951171875,2719.60009765625,2713.699951171875,2713.699951171875,29,103.48999786376953,251.27000427246094,33.03200149536133,18.030000686645508,5864.669921875,,,,,,,0.2855485820682986,0,0,0,0,0,0,0
2024-10-21,2721.89990234375,2738.39990234375,2719.5,2723.10009765625,52,104.01000213623047,251.22000122070312,33.86899948120117,18.3700008392334,5853.97998046875,,,,,,,-1.0924845171352904,0,0,0,0,0,0,0
2024-10-22,2731.699951171875,2746.0,2728.60009765625,2744.199951171875,93,104.08000183105469,253.92999267578125,34.83100128173828,18.200000762939453,5851.2001953125,,,,,,,0.01598964889098165,0,0,0,0,0,0,0
2024-10-23,2742.5,2742.5,2714.199951171875,2714.39990234375,18,104.43000030517578,250.8699951171875,33.63999938964844,19.239999771118164,5797.419921875,,,,,,,-0.44764476902999245,0,0,0,0,0,0,0
2024-10-24,2729.0,2736.10009765625,2729.0,2734.89990234375,27,104.05999755859375,252.8000030517578,33.611000061035156,19.079999923706055,5809.85986328125,,,,,,,-0.37326317437098344,0,0,0,0,0,0,0
2024-10-25,2725.5,2742.39990234375,2725.5,2740.89990234375,29,104.26000213623047,253.32000732421875,33.60300064086914,20.329999923706055,5808.1201171875,,,,,,,-0.41245488090572585,0,0,0,0,0,0,0
2024-10-28,2736.10009765625,2742.89990234375,2729.5,2742.89990234375,56,104.31999969482422,253.3300018310547,33.83000183105469,19.799999237060547,5823.52001953125,,,,,,,-0.6817891119028652,0,0,0,0,0,0,0
2024-10-29,2768.39990234375,2768.39990234375,2768.39990234375,2768.39990234375,848,104.27999877929688,256.0899963378906,34.26900100708008,19.34000015258789,5832.919921875,,,,,,,0.030755728239313104,0,0,0,0,0,0,0
2024-10-30,2774.60009765625,2789.0,2774.60009765625,2788.5,231,103.98999786376953,257.5,33.91400146484375,20.350000381469727,5813.669921875,,,,,,,-0.7593876184763696,0,0,0,0,0,1,0
2024-10-31,2787.39990234375,2787.5,2733.5,2738.300048828125,849,103.9800033569336,253.50999450683594,32.65299987792969,23.15999984741211,5705.4501953125,,,,,,,0.48319718056505734,0,0,0,1,1,1,0
2024-11-01,2745.5,2756.0,2734.199951171875,2738.60009765625,109,104.27999877929688,252.47000122070312,32.54199981689453,21.8799991607666,5728.7998046875,,,,,,,-1.5123918686009115,0,0,1,0,1,0,1
2024-11-04,2736.5,2737.10009765625,2736.10009765625,2736.10009765625,16,103.88999938964844,252.8300018310547,32.47999954223633,21.979999542236328,5712.68994140625,,,,,,,-0.3939628550665879,0,0,0,0,0,0,1
2024-11-05,2743.0,2743.89990234375,2740.300048828125,2740.300048828125,23,103.41999816894531,253.39999389648438,32.654998779296875,20.489999771118164,5782.759765625,,,,,,,-0.06687265616044154,0,0,0,0,0,0,0
2024-11-06,2734.5,2734.5,2659.39990234375,2667.60009765625,427,105.08999633789062,245.6999969482422,31.22100067138672,16.270000457763672,5929.0400390625,,,,,,,-1.9023295743707447,0,0,0,0,0,1,0
2024-11-07,2662.5,2699.10009765625,2662.5,2698.39990234375,676,104.51000213623047,249.64999389648438,31.764999389648438,15.199999809265137,5973.10009765625,,,,,,,0.18676446551897416,1,0,0,0,1,0,0
2024-11-08,2688.5,2694.60009765625,2682.89990234375,2687.5,1038,105.0,247.9600067138672,31.358999252319336,14.9399995803833,5995.5400390625,,,,,,,-1.0793894374716584,0,0,0,0,0,0,1
2024-11-11,2671.699951171875,2671.699951171875,2611.199951171875,2611.199951171875,20,105.54000091552734,242.13999938964844,30.540000915527344,14.970000267028809,6001.35009765625,,,,,,,1.2895232264910126,0,0,0,0,0,0,0
2024-11-12,2605.5,2605.5,2592.800048828125,2600.0,118,106.0199966430664,240.0500030517578,30.68600082397461,14.710000038146973,5983.990234375,,,,,,,-0.7419658234629193,0,0,0,0,0,1,0
2024-11-13,2611.10009765625,2611.800048828125,2580.800048828125,2580.800048828125,53,106.4800033569336,237.6300048828125,30.59000015258789,14.020000457763672,5985.3798828125,,,,,,,-1.9331865305806293,0,1,0,0,1,0,0
2024-11-14,2555.10009765625,2576.199951171875,2554.199951171875,2568.199951171875,27,106.66999816894531,237.00999450683594,30.507999420166016,14.3100004196167,5949.169921875,,,,,,,-0.8636379083021136,0,0,0,0,0,0,1
2024-11-15,2565.699951171875,2565.699951171875,2565.699951171875,2565.699951171875,20,106.69000244140625,236.58999633789062,30.371000289916992,16.139999389648438,5870.6201171875,,,,,,,-1.199620306289165,0,0,0,0,0,0,0
2024-11-18,2591.699951171875,2610.699951171875,2589.39990234375,2610.60009765625,136,106.27999877929688,241.08999633789062,31.163000106811523,15.579999923706055,5893.6201171875,,,,,,,-0.48666600167711277,0,0,0,0,0,0,0
2024-11-19,2621.89990234375,2627.699951171875,2619.300048828125,2627.10009765625,87,106.20999908447266,243.25,31.20800018310547,16.350000381469727,5916.97998046875,,,,,,,0.7329855376784413,0,0,0,0,0,0,0
2024-11-20,2638.5,2648.199951171875,2638.5,2648.199951171875,27,106.68000030517578,244.6199951171875,30.95599937438965,17.15999984741211,5917.10986328125,,,,,,,-0.3667969830950369,0,0,0,0,0,0,0
2024-11-21,2659.300048828125,2672.10009765625,2655.699951171875,2672.10009765625,33,106.97000122070312,246.66000366210938,30.91200065612793,16.8700008392334,5948.7099609375,,,,,,,-0.666480642205587,0,0,0,0,0,0,0
2024-11-22,2687.5,2710.5,2685.60009765625,2709.89990234375,41,107.48999786376953,249.83999633789062,31.30900001525879,15.239999771118164,5969.33984375,,,,,,,-1.2058822323084948,0,0,0,0,0,0,0
2024-11-25,2689.39990234375,2689.39990234375,2616.800048828125,2616.800048828125,94,106.81999969482422,242.47999572753906,30.209999084472656,14.600000381469727,5987.3701171875,,,,,,,1.138843935600986,0,0,0,0,0,0,0
2024-11-26,2625.60009765625,2625.60009765625,2620.300048828125,2620.300048828125,177858,107.01000213623047,242.9499969482422,30.38800048828125,14.100000381469727,6021.6298828125,,,,,,,1.4058638164229367,0,0,0,0,0,1,0
2024-11-27,2633.5,2657.89990234375,2627.199951171875,2639.89990234375,61653,106.08000183105469,243.49000549316406,30.111000061035156,14.100000381469727,5998.740234375,,,,,,,-1.0129794934905945,0,0,0,1,1,0,0
2024-11-29,2636.39990234375,2664.300048828125,2620.699951171875,2657.0,3861,105.73999786376953,245.58999633789062,30.684999465942383,13.510000228881836,6032.3798828125,,,,,,,-0.004412904327762849,0,0,0,0,0,0,1
2024-12-02,2649.0,2649.800048828125,2621.699951171875,2634.89990234375,695,106.44999694824219,243.44000244140625,30.448999404907227,13.34000015258789,6047.14990234375,,,,,,,-0.2040711839673321,0,0,0,0,0,0,0
2024-12-03,2639.0,2654.699951171875,2636.0,2644.699951171875,1062,106.37000274658203,243.92999267578125,31.07699966430664,13.300000190734863,6049.8798828125,,,,,,,-0.9829225862012665,0,0,0,0,0,0,0
2024-12-04,2639.199951171875,2658.300048828125,2637.0,2653.800048828125,249,106.33999633789062,244.6699981689453,31.5049991607666,13.449999809265137,6086.490234375,,,,,,,-1.1362613023290118,0,0,0,0,0,0,0
2024-12-05,2652.39990234375,2655.0,2625.699951171875,2626.60009765625,573,105.70999908447266,242.86000061035156,31.134000778198242,13.539999961853027,6075.10986328125,,,,,,,0.19891609878409394,0,0,0,0,0,1,0
2024-12-06,2620.199951171875,2643.10009765625,2617.5,2638.60009765625,571,105.97000122070312,242.9499969482422,31.18600082397461,12.770000457763672,6090.27001953125,,,,,,,-1.6696820670368195,0,0,1,0,1,0,0
2024-12-09,2632.10009765625,2677.10009765625,2630.800048828125,2664.89990234375,935,106.1500015258789,245.36000061035156,32.215999603271484,14.1899995803833,6052.85009765625,,,,,,,-1.6244910626493607,0,0,0,0,0,0,1
2024-12-10,2662.300048828125,2698.199951171875,2661.0,2697.60009765625,437,106.4000015258789,248.58999633789062,32.362998962402344,14.180000305175781,6034.91015625,,,,,,,-1.1934793516982662,0,0,0,0,0,1,0
2024-12-11,2701.800048828125,2733.800048828125,2693.10009765625,2733.800048828125,3387,106.70999908447266,250.9600067138672,32.5620002746582,13.579999923706055,6084.18994140625,,,,,,,-2.6803824785460484,0,1,0,0,1,0,0
2024-12-12,2725.10009765625,2725.10009765625,2677.39990234375,2687.5,2365,106.95999908447266,247.27999877929688,31.22800064086914,13.920000076293945,6051.25,,,,,,,-1.6457272734077046,0,0,0,0,0,0,1
2024-12-13,2688.199951171875,2689.300048828125,2647.89990234375,2656.0,1125,107.0,244.2899932861328,30.655000686645508,13.8100004196167,6051.08984375,,,,,,,-1.7230472329530846,0,0,0,0,0,0,0
2024-12-16,2658.300048828125,2663.300048828125,2651.0,2651.39990234375,877,106.86000061035156,244.8800048828125,30.69700050354004,14.6899995803833,6074.080078125,,,,,,,-0.046668000438418816,0,0,0,0,0,0,0
2024-12-17,2651.800048828125,2652.300048828125,2632.5,2644.39990234375,705,106.95999908447266,243.94000244140625,30.572999954223633,15.869999885559082,6050.60986328125,,,,,,,-0.6340871837951408,0,0,0,0,0,1,0
2024-12-18,2644.300048828125,2647.10009765625,2590.199951171875,2636.5,566,108.02999877929688,239.25999450683594,30.40999984741211,27.6200008392334,5872.16015625,,,,,,,-5.491857587985905,1,0,0,0,1,0,0
2024-12-19,2582.10009765625,2610.300048828125,2582.10009765625,2592.199951171875,238,108.41000366210938,239.60000610351562,29.0939998626709,24.09000015258789,5867.080078125,,,,,,,0.26848116613037915,0,0,0,0,0,1,1
2024-12-20,2605.300048828125,2631.60009765625,2604.89990234375,2628.699951171875,592,107.62000274658203,242.10000610351562,29.65999984741211,18.360000610351562,5930.85009765625,,,,,,,-0.8488408992422499,0,0,0,1,1,0,0
2024-12-23,2620.0,2627.699951171875,2611.10009765625,2612.300048828125,451,108.04000091552734,240.9600067138672,29.88800048828125,16.780000686645508,5974.06982421875,,,,,,,-0.3417723751594154,0,0,0,0,0,0,1
2024-12-24,2613.0,2620.0,2609.5,2620.0,35,108.26000213623047,241.44000244140625,29.974000930786133,14.270000457763672,6040.0400390625,,,,,,,-0.6313093445120063,0,0,0,0,0,0,0
2024-12-26,2628.5,2638.800048828125,2627.89990234375,2638.800048828125,84,108.12999725341797,243.07000732421875,30.047000885009766,14.729999542236328,6037.58984375,,,,,,,-0.7430812385693122,0,0,0,0,0,0,0
2024-12-27,2617.699951171875,2617.699951171875,2616.39990234375,2617.199951171875,642,108.0,241.39999389648438,29.655000686645508,15.949999809265137,5970.83984375,,,,,,,-0.3003514627693777,0,0,0,0,0,0,0
2024-12-30,2620.699951171875,2626.89990234375,2597.0,2606.10009765625,794,108.12999725341797,240.6300048828125,29.106000900268555,17.399999618530273,5906.93994140625,,,,,,,0.032867691567205384,0,0,0,0,0,0,0
2024-12-31,2608.39990234375,2629.199951171875,2604.89990234375,2629.199951171875,401,108.48999786376953,242.1300048828125,28.940000534057617,17.350000381469727,5881.6298828125,,,,,,,-0.8104429436180953,0,0,0,0,0,0,0
2025-01-02,2633.0,2663.10009765625,2633.0,2658.89990234375,1728,109.38999938964844,245.4199981689453,29.621999740600586,17.93000030517578,5868.5498046875,,,,,,,-0.05322266934865298,0,0,0,0,0,0,0
2025-01-03,2658.699951171875,2658.699951171875,2641.800048828125,2645.0,591,108.94999694824219,243.49000549316406,29.805999755859375,16.1299991607666,5942.47021484375,,,,,,,-0.9054705405127025,0,0,0,0,0,0,0
2025-01-06,2645.5,2647.0,2617.300048828125,2638.39990234375,960,108.26000213623047,243.19000244140625,30.341999053955078,16.040000915527344,5975.3798828125,,,,,,,-0.4693061034761101,0,0,0,0,0,0,0
2025-01-07,2653.39990234375,2657.5,2653.0,2656.699951171875,643,108.54000091552734,244.55999755859375,30.44700050354004,17.81999969482422,5909.02978515625,,,,,,,-0.8763129134539059,0,0,0,0,0,0,0
2025-01-08,2655.5,2676.89990234375,2653.5,2664.5,999,109.08999633789062,245.86000061035156,30.45199966430664,17.700000762939453,5918.25,,,,,,,-0.07557349652602552,0,0,0,0,0,0,0
2025-01-09,2669.699951171875,2686.300048828125,2667.89990234375,2683.800048828125,1139,109.18000030517578,,30.791000366210938,,,,,,,,,,0,0,0,0,0,1,0
2025-01-10,2686.10009765625,2720.10009765625,2683.699951171875,2708.5,403,109.6500015258789,248.2100067138672,31.090999603271484,19.540000915527344,5827.0400390625,,,,,,,-2.2263745336055556,0,0,1,0,1,0,0
2025-01-13,2711.10009765625,2711.199951171875,2673.5,2673.5,765,109.95999908447266,245.74000549316406,30.090999603271484,19.190000534057617,5836.22021484375,,,,,,,-1.2261715203412655,0,0,0,0,0,0,1
2025-01-14,2673.60009765625,2688.300048828125,2670.800048828125,2677.5,794,109.2699966430664,247.02999877929688,30.131999969482422,18.709999084472656,5842.91015625,,,,,,,-0.01710029273899519,0,0,0,0,0,1,0
2025-01-15,2690.800048828125,2712.5,2690.800048828125,2712.5,930,109.08999633789062,248.8800048828125,31.319000244140625,16.1200008392334,5949.91015625,,,,,,,-1.7218101866806754,0,1,0,0,1,0,0
2025-01-16,2731.699951171875,2749.800048828125,2731.699951171875,2746.39990234375,1721,108.95999908447266,250.60000610351562,31.523000717163086,16.600000381469727,5937.33984375,,,,,,,-3.1231911892719966,0,0,0,0,0,0,1
2025-01-17,2736.0,2751.60009765625,2725.5,2744.300048828125,1214,109.3499984741211,249.27000427246094,30.951000213623047,15.970000267028809,5996.66015625,,,,,,,-3.811747892587595,0,0,0,0,0,0,0
2025-01-21,2746.0,2755.0,2724.800048828125,2755.0,1439,108.05999755859375,253.1300048828125,31.31100082397461,15.0600004196167,6049.240234375,,,,,,,-0.8855894735156434,0,0,0,0,0,0,0
2025-01-22,2754.5,2768.800048828125,2753.5,2767.60009765625,2079,108.16999816894531,254.42999267578125,31.23900032043457,15.100000381469727,6086.3701171875,,,,,,,-0.7189194695578165,0,0,0,0,0,0,0
2025-01-23,2760.0,2765.0,2745.39990234375,2763.10009765625,2201,108.05000305175781,254.07000732421875,30.67300033569336,15.020000457763672,6118.7099609375,,,,,,,-0.6496440029683951,0,0,0,0,0,0,0
2025-01-24,2759.800048828125,2792.0,2759.800048828125,2777.300048828125,1593,107.44000244140625,255.64999389648438,31.023000717163086,14.850000381469727,6101.240234375,,,,,,,-0.358209632550867,0,0,0,0,0,0,0
2025-01-27,2761.10009765625,2762.199951171875,2737.5,2737.5,984,107.33999633789062,252.99000549316406,30.253999710083008,17.899999618530273,6012.27978515625,,,,,,,0.6606060601116789,0,0,0,0,0,0,0
2025-01-28,2738.0,2766.800048828125,2738.0,2766.800048828125,2307,107.87000274658203,255.17999267578125,30.726999282836914,16.40999984741211,6067.7001953125,,,,,,,0.15025812164113514,0,0,0,0,0,1,0
2025-01-29,2769.10009765625,2769.10009765625,2769.10009765625,2769.10009765625,125692,108.0,254.1999969482422,31.238000869750977,16.559999465942383,6039.31005859375,,,,,,,-1.018320125928682,1,0,0,0,1,0,0
2025-01-30,2772.5,2829.5,2770.0,2823.0,40141,107.80000305175781,258.04998779296875,32.36399841308594,15.84000015258789,6071.169921875,,,,,,,-1.9930455222465093,0,0,0,0,0,1,1
2025-01-31,2829.0,2838.0,2804.0,2812.5,3443,108.37000274658203,258.55999755859375,32.12799835205078,16.43000030517578,6040.52978515625,,,,,,,-0.565019494178021,0,0,0,1,1,0,0
2025-02-03,2818.199951171875,2848.39990234375,2780.89990234375,2833.89990234375,2649,108.98999786376953,259.94000244140625,32.391998291015625,18.6200008392334,5994.56982421875,,,,,,,-1.0908411191925131,0,0,0,0,0,0,1
2025-02-04,2827.60009765625,2853.300048828125,2816.10009765625,2853.300048828125,2187,107.95999908447266,262.5,32.88800048828125,17.209999084472656,6037.8798828125,,,,,,,-0.3355136457363144,0,0,0,0,0,0,0
2025-02-05,2850.0,2880.5,2848.0,2871.60009765625,4519,107.58000183105469,264.1300048828125,32.856998443603516,15.770000457763672,6061.47998046875,,,,,,,-0.3767959303923415,0,0,0,0,0,0,0
2025-02-06,2865.199951171875,2871.699951171875,2836.300048828125,2856.0,3116,107.69000244140625,263.42999267578125,32.518001556396484,15.5,6083.56982421875,,,,,,,0.32952250411196254,0,0,0,0,0,1,0
2025-02-07,2859.89990234375,2889.5,2857.800048828125,2867.300048828125,1822,108.04000091552734,263.8999938964844,32.334999084472656,16.540000915527344,6025.990234375,,,,,,,-0.19661627203808796,0,0,1,0,1,0,0
2025-02-10,2864.199951171875,2916.10009765625,2863.800048828125,2914.300048828125,2237,108.31999969482422,268.3699951171875,32.391998291015625,15.8100004196167,6066.43994140625,,,,,,,-0.06008478563284713,0,0,0,0,0,0,1
2025-02-11,2925.5,2945.39990234375,2890.0,2912.5,2554,107.95999908447266,267.3900146484375,32.23099899291992,16.020000457763672,6068.5,,,,,,,-0.8000747387983914,0,0,0,0,0,1,0
2025-02-12,2902.0,2912.300048828125,2868.60009765625,2909.0,2504,107.94000244140625,267.6700134277344,32.69499969482422,15.890000343322754,6051.97021484375,,,,,,,-0.21952572923493288,0,1,0,0,1,0,0
2025-02-13,2911.300048828125,2937.699951171875,2910.60009765625,2925.89990234375,4670,107.30999755859375,270.30999755859375,32.650001525878906,15.100000381469727,6115.06982421875,,,,,,,0.8361101501241067,0,0,0,0,0,0,1
2025-02-14,2937.300048828125,2944.39990234375,2874.800048828125,2883.60009765625,1992,106.56999969482422,266.2900085449219,32.80099868774414,14.770000457763672,6114.6298828125,,,,,,,0.725261839399944,0,0,0,0,0,0,0
2025-02-18,2879.199951171875,2936.39990234375,2873.800048828125,2931.60009765625,4010,107.05000305175781,270.70001220703125,33.31700134277344,15.350000381469727,6129.580078125,,,,,,,0.6891116499899724,0,0,0,0,0,0,0
2025-02-19,2938.699951171875,2946.0,2917.10009765625,2919.39990234375,2630,107.16999816894531,270.8500061035156,32.99300003051758,15.270000457763672,6144.14990234375,,,,,,,1.844548657829293,0,0,0,0,0,0,0
2025-02-20,2949.10009765625,2955.800048828125,2924.199951171875,2940.0,656,106.33999633789062,270.989990234375,33.444000244140625,15.65999984741211,6117.52001953125,,,,,,,0.2005344188712122,0,0,0,0,0,0,0
2025-02-21,2938.800048828125,2940.0,2917.300048828125,2937.60009765625,570,106.61000061035156,270.739990234375,32.97600173950195,18.209999084472656,6013.1298828125,,,,,,,0.18249986474613678,0,0,0,0,0,0,0
2025-02-24,2933.10009765625,2957.89990234375,2933.10009765625,2947.89990234375,415,106.5999984741211,272.2099914550781,32.57500076293945,18.979999542236328,5983.25,,,,,,,0.6858320456406936,0,0,0,0,0,0,0
2025-02-25,2938.699951171875,2943.199951171875,2890.0,2904.5,1854,106.30999755859375,268.6199951171875,31.801000595092773,19.43000030517578,5955.25,,,,,,,1.0748075441867935,0,0,0,0,0,0,0
2025-02-26,2913.5,2917.0,2913.0,2916.800048828125,2050,106.41999816894531,269.0299987792969,32.25299835205078,19.100000381469727,5956.06005859375,,,,,,,0.38984235779856646,0,0,0,0,0,0,0
2025-02-27,2918.5,2922.800048828125,2870.39990234375,2883.199951171875,3215,107.23999786376953,264.92999267578125,31.801000595092773,21.1299991607666,5861.56982421875,,,,,,,-0.555914403241688,0,0,0,0,0,1,0
2025-02-28,2877.10009765625,2877.10009765625,2834.10009765625,2836.800048828125,990,107.61000061035156,263.2699890136719,31.2189998626709,19.6299991607666,5954.5,,,,,,,1.9500096956250408,0,0,0,1,1,0,0
2025-03-03,2872.699951171875,2891.800048828125,2863.39990234375,2890.199951171875,423,106.75,266.739990234375,32.03200149536133,22.780000686645508,5849.72021484375,,,,,,,0.5773802001144689,0,0,0,0,0,0,1
2025-03-04,2886.10009765625,2927.89990234375,2886.10009765625,2909.60009765625,885,105.73999786376953,269.05999755859375,32.108001708984375,23.510000228881836,5778.14990234375,,,,,,,1.0662228336055677,0,0,0,0,0,0,0
2025-03-05,2916.699951171875,2922.0,2893.0,2915.300048828125,551,105.73999786376953,269.6199951171875,32.858001708984375,21.93000030517578,5842.6298828125,,,,,,,1.0924877067228984,0,0,0,0,0,0,0
2025-03-06,2904.0,2918.60009765625,2903.800048828125,2916.60009765625,870,104.05999755859375,268.25,33.0629997253418,24.8700008392334,5738.52001953125,,,,,,,-0.30198254050471857,0,0,0,0,0,1,0
2025-03-07,2900.89990234375,2927.300048828125,2900.5,2904.699951171875,531,103.83999633789062,268.3900146484375,32.54800033569336,23.3700008392334,5770.2001953125,,,,,,,0.8663631999324689,0,0,1,0,1,0,0
2025-03-10,2910.10009765625,2915.10009765625,2880.199951171875,2891.0,55,103.91000366210938,266.0400085449219,32.275001525878906,27.860000610351562,5614.56005859375,,,,,,,-0.16218835495096384,0,0,0,0,0,0,1
2025-03-11,2884.39990234375,2916.699951171875,2880.39990234375,2912.89990234375,197,103.44000244140625,269.1600036621094,32.88800048828125,26.920000076293945,5572.06982421875,,,,,,,0.8909746914612535,0,0,0,0,0,1,0
2025-03-12,2912.0,2939.10009765625,2910.0,2939.10009765625,213,103.61000061035156,270.3299865722656,33.48400115966797,24.229999542236328,5599.2998046875,,,,,,,-0.28407816897481275,0,1,0,0,1,0,0
2025-03-13,2937.10009765625,2988.0,2935.199951171875,2984.300048828125,2366,103.83000183105469,275.1300048828125,34.05099868774414,24.65999984741211,5521.52001953125,,,,,,,0.30673834072338996,0,0,0,0,0,0,1
2025-03-14,2994.39990234375,3004.800048828125,2986.0,2994.5,1800,103.72000122070312,275.239990234375,34.1870002746582,21.770000457763672,5638.93994140625,,,,,,,-0.4496222834365239,0,0,0,0,0,0,0
2025-03-17,2991.0,3001.5,2989.0,3000.0,214,103.37000274658203,276.7300109863281,34.07400131225586,20.510000228881836,5675.1201171875,,,,,,,0.43924992405417995,0,0,0,0,0,0,0
2025-03-18,3006.39990234375,3039.199951171875,3004.39990234375,3035.10009765625,428,103.23999786376953,279.9599914550781,34.57899856567383,21.700000762939453,5614.66015625,,,,,,,0.4215753365396994,0,0,0,0,0,1,0
2025-03-19,3035.199951171875,3050.89990234375,3030.89990234375,3035.89990234375,175,103.43000030517578,281.1099853515625,33.974998474121094,19.899999618530273,5675.2900390625,,,,,,,1.3563858593935028,1,0,0,0,1,0,0
2025-03-20,3047.300048828125,3047.300048828125,3034.39990234375,3040.0,185,103.8499984741211,280.75,33.7859992980957,19.799999237060547,5662.89013671875,,,,,,,0.692672599378084,0,0,0,0,0,0,1
2025-03-21,3034.5,3037.5,3000.89990234375,3018.199951171875,151,104.08999633789062,278.489990234375,33.290000915527344,19.280000686645508,5667.56005859375,,,,,,,0.4682973205012397,0,0,0,0,0,0,0
2025-03-24,3024.300048828125,3024.300048828125,3006.0,3013.10009765625,137,104.26000213623047,277.25,33.26499938964844,17.479999542236328,5767.56982421875,,,,,,,-0.3211514545151388,0,0,0,0,0,0,0
2025-03-25,3026.39990234375,3028.800048828125,3023.699951171875,3023.699951171875,74,104.18000030517578,278.4700012207031,34.00199890136719,17.149999618530273,5776.64990234375,,,,,,,-0.054916531362185585,0,0,0,0,0,0,0
2025-03-26,3033.199951171875,3033.199951171875,3019.5,3020.89990234375,83,104.55000305175781,278.239990234375,34.03300094604492,18.329999923706055,5712.2001953125,,,,,,,-0.026486870130118544,0,0,0,0,0,0,0
2025-03-27,3025.5,3065.0,3025.5,3060.199951171875,124359,104.06999969482422,281.9700012207031,34.89699935913086,18.690000534057617,5693.31005859375,,,,,,,0.09083744779818233,0,0,0,0,0,1,0
2025-03-28,3069.699951171875,3094.89990234375,3066.800048828125,3086.5,31206,104.04000091552734,284.05999755859375,34.64400100708008,21.649999618530273,5580.93994140625,,,,,,,-0.24007265953986565,0,0,0,1,1,0,0
2025-03-31,3091.0,3132.5,3086.0,3122.800048828125,3438,104.20999908447266,288.1400146484375,34.457000732421875,22.280000686645508,5611.85009765625,,,,,,,0.48950172723716073,0,0,0,0,0,0,1
2025-04-01,3129.699951171875,3149.5,3104.0,3118.89990234375,1721,104.26000213623047,287.57000732421875,34.15800094604492,21.770000457763672,5633.06982421875,,,,,,,0.2816000606379443,0,0,0,0,0,0,0
2025-04-02,3120.699951171875,3168.60009765625,3117.39990234375,3139.89990234375,5946,103.80999755859375,288.1600036621094,34.499000549316406,21.510000228881836,5670.97021484375,,,,,,,-1.0212223209264153,0,0,0,0,0,0,0
2025-04-03,3150.0,3166.89990234375,3052.0,3097.0,5516,102.06999969482422,286.4200134277344,31.8439998626709,30.020000457763672,5396.52001953125,,,,,,,1.146082453212079,0,0,0,0,0,1,0
2025-04-04,3110.5,3127.699951171875,3011.0,3012.0,3247,103.0199966430664,279.7200012207031,29.115999221801758,45.310001373291016,5074.080078125,,,,,,,2.2125162811557963,0,0,1,0,1,0,0
2025-04-07,3016.39990234375,3050.800048828125,2949.699951171875,2951.300048828125,4424,103.26000213623047,273.7099914550781,29.510000228881836,46.97999954223633,5062.25,,,,,,,1.7617160493927428,0,0,0,0,0,0,1
2025-04-08,2994.0,3014.5,2968.39990234375,2968.39990234375,3213,102.95999908447266,275.20001220703125,29.591999053955078,52.33000183105469,4982.77001953125,,,,,,,1.6093662984342485,0,0,0,0,0,0,0
2025-04-09,2965.800048828125,3090.39990234375,2965.800048828125,3056.5,2175,102.9000015258789,285.3800048828125,30.322999954223633,33.619998931884766,5456.89990234375,,,,,,,3.120478227317368,0,0,0,0,0,1,0
2025-04-10,3073.89990234375,3167.0,3072.10009765625,3155.199951171875,3456,100.87000274658203,292.3500061035156,30.67099952697754,40.720001220703125,5268.0498046875,,,,,,,1.2534199463965812,0,1,0,0,1,0,0
2025-04-11,3182.10009765625,3235.0,3182.10009765625,3222.199951171875,862,99.77999877929688,297.92999267578125,31.823999404907227,37.560001373291016,5363.35986328125,,,,,,,0.7312064669364928,0,0,0,0,0,0,1
2025-04-14,3215.5,3228.800048828125,3194.5,3204.800048828125,263,99.63999938964844,296.2300109863281,32.09199905395508,30.889999389648438,5405.97021484375,,,,,,,0.6371120834325865,0,0,0,0,0,0,0
2025-04-15,3216.0,3218.699951171875,3214.0,3218.699951171875,390,100.22000122070312,297.7799987792969,32.22700119018555,30.1200008392334,5396.6298828125,,,,,,,0.8343657979171487,0,0,0,0,0,0,0
2025-04-16,3238.300048828125,3334.89990234375,3238.300048828125,3326.60009765625,1874,99.37999725341797,307.4700012207031,32.92599868774414,32.63999938964844,5275.7001953125,,,,,,,0.586148503534828,0,0,0,0,0,0,0
2025-04-17,3345.0,3345.0,3287.800048828125,3308.699951171875,824,99.37999725341797,306.1199951171875,32.41999816894531,29.649999618530273,5282.7001953125,,,,,,,0.8085602557686973,0,0,0,0,0,0,0
2025-04-21,3342.199951171875,3418.5,3342.199951171875,3406.199951171875,78,98.27999877929688,315.5899963378906,32.49599838256836,33.81999969482422,5158.2001953125,,,,,,,1.224769811136965,0,0,0,0,0,0,0
2025-04-22,3422.199951171875,3485.60009765625,3361.699951171875,3400.800048828125,785,98.91999816894531,311.1099853515625,32.880001068115234,30.56999969482422,5287.759765625,,,,,,,-2.2470488717048998,0,0,0,0,0,0,0
2025-04-23,3321.199951171875,3370.300048828125,3256.199951171875,3276.300048828125,331,99.83999633789062,303.6499938964844,33.518001556396484,28.450000762939453,5375.85986328125,,,,,,,1.2474447267439168,0,0,0,0,0,0,0
2025-04-24,3305.39990234375,3353.89990234375,3304.89990234375,3332.0,560,99.29000091552734,308.07000732421875,33.481998443603516,26.469999313354492,5484.77001953125,,,,,,,0.5729625613154509,0,0,0,0,0,0,0
2025-04-25,3355.5,3355.5,3266.10009765625,3282.39990234375,162,99.47000122070312,304.7300109863281,32.98899841308594,24.84000015258789,5525.2099609375,,,,,,,1.6224469660865095,0,0,0,0,0,0,0
2025-04-28,3284.5,3332.5,3284.5,3332.5,1300,99.01000213623047,309.07000732421875,32.9900016784668,25.149999618530273,5528.75,,,,,,,1.3202800700289148,0,0,0,0,0,0,0
2025-04-29,3340.0,3340.0,3299.89990234375,3318.800048828125,1278,99.23999786376953,306.05999755859375,33.275001525878906,24.170000076293945,5560.830078125,,,,,,,-0.17323200779032585,0,0,0,0,0,1,0
2025-04-30,3318.699951171875,3318.699951171875,3268.0,3305.0,207,99.47000122070312,303.7699890136719,32.53099822998047,24.700000762939453,5569.06005859375,,,,,,,-1.0624994142254018,0,0,0,1,1,0,0
2025-05-01,3272.89990234375,3275.0,3198.60009765625,3210.0,2131,100.25,297.4599914550781,32.18899917602539,24.600000381469727,5604.14013671875,,,,,,,1.0916329955746495,0,0,0,0,0,1,1
2025-05-02,3239.89990234375,3257.0,3225.0,3231.89990234375,1349,100.0,297.9800109863281,31.98900032043457,22.68000030517578,5686.669921875,,,,,,,-0.3244754103673937,0,0,1,0,1,0,0
2025-05-05,3242.699951171875,3315.699951171875,3239.699951171875,3311.300048828125,244,99.83000183105469,306.8800048828125,32.20500183105469,23.639999389648438,5650.3798828125,,,,,,,1.0909248860742404,0,0,0,0,0,0,1
2025-05-06,3365.5,3430.89990234375,3356.800048828125,3411.39990234375,2357,99.23999786376953,315.4800109863281,33.112998962402344,24.760000228881836,5606.91015625,,,,,,,0.4600848065417373,0,0,0,0,0,1,0
2025-05-07,3418.699951171875,3418.699951171875,3364.699951171875,3381.39990234375,1080,99.61000061035156,310.75,32.53099822998047,23.549999237060547,5631.27978515625,,,,,,,-1.320192272578603,1,0,0,0,1,0,0
2025-05-08,3390.0,3390.0,3288.699951171875,3296.60009765625,200,100.63999938964844,304.6300048828125,32.37799835205078,22.479999542236328,5663.93994140625,,,,,,,0.2352730594945688,0,0,0,0,0,0,1
2025-05-09,3299.0,3335.5,3299.0,3335.39990234375,216,100.33999633789062,306.8399963378906,32.67599868774414,21.899999618530273,5659.91015625,,,,,,,-1.031288229752699,0,0,0,0,0,0,0
2025-05-12,3300.699951171875,3300.699951171875,3205.0,3220.0,886,101.79000091552734,298.19000244140625,32.38800048828125,18.389999389648438,5844.18994140625,,,,,,,0.8205330779227337,0,0,0,0,0,1,0
2025-05-13,3232.0,3251.39990234375,3223.5,3240.300048828125,2424,101.0,299.4599914550781,32.86800003051758,18.219999313354492,5886.5498046875,,,,,,,0.2171904570146827,0,1,0,0,1,0,0
2025-05-14,3233.0,3233.0,3171.699951171875,3181.39990234375,3518,101.04000091552734,293.1600036621094,32.22600173950195,18.6200008392334,5892.580078125,,,,,,,-0.6386949162284989,0,0,0,0,0,0,1
2025-05-15,3151.0,3228.10009765625,3125.0,3220.699951171875,652,100.87999725341797,297.8399963378906,32.48099899291992,17.829999923706055,5916.93017578125,,,,,,,0.3943827931329506,0,0,0,0,0,0,0
2025-05-16,3227.699951171875,3228.10009765625,3173.89990234375,3182.0,199,101.08999633789062,294.239990234375,32.15800094604492,17.239999771118164,5958.3798828125,,,,,,,0.36680268020888374,0,0,0,0,0,0,0
2025-05-19,3234.39990234375,3241.0,3228.300048828125,3228.89990234375,266,100.43000030517578,298.0299987792969,32.3129997253418,18.139999389648438,5963.60009765625,,,,,,,-0.16496564584620876,0,0,0,0,0,0,0
2025-05-20,3219.0,3293.199951171875,3207.5,3280.300048828125,356,100.12000274658203,303.5799865722656,32.97999954223633,18.09000015258789,5940.4599609375,,,,,,,0.6275783765885127,0,0,0,0,0,0,0
2025-05-21,3293.39990234375,3317.5,3290.199951171875,3309.300048828125,979,99.55999755859375,305.82000732421875,33.4630012512207,20.8700008392334,5844.60986328125,,,,,,,0.18847974791107833,0,0,0,0,0,0,0
2025-05-22,3327.300048828125,3328.0,3282.699951171875,3292.300048828125,1210,99.95999908447266,303.1099853515625,33.047000885009766,20.280000686645508,5842.009765625,,,,,,,-0.908317268488784,0,0,0,0,0,0,0
2025-05-23,3328.0,3363.60009765625,3323.5,3363.60009765625,47,99.11000061035156,309.75,33.44200134277344,22.290000915527344,5802.81982421875,,,,,,,-0.8194713713196715,0,0,0,0,0,0,0
2025-05-27,3332.5,3341.0,3296.300048828125,3299.10009765625,189,99.5199966430664,304.5,33.145999908447266,18.959999084472656,5921.5400390625,,,,,,,-0.14864572379941707,0,0,0,0,0,0,0
2025-05-28,3293.60009765625,3293.60009765625,3293.60009765625,3293.60009765625,127758,99.87999725341797,303.80999755859375,33.0,19.309999465942383,5888.5498046875,,,,,,,-0.32456071461383673,0,0,0,0,0,0,0
2025-05-29,3283.699951171875,3328.800048828125,3242.39990234375,3317.10009765625,24370,99.27999877929688,305.6099853515625,33.28300094604492,19.18000030517578,5912.169921875,,,,,,,-0.6975787653957471,0,0,0,0,0,1,0
2025-05-30,3315.10009765625,3318.0,3270.89990234375,3288.89990234375,2213,99.33000183105469,303.6000061035156,32.891998291015625,18.56999969482422,5911.68994140625,,,,,,,-0.09957435352637968,0,0,0,1,1,0,0
2025-06-02,3296.89990234375,3380.800048828125,3296.89990234375,3370.60009765625,976,98.69999694824219,311.6700134277344,34.5629997253418,18.360000610351562,5935.93994140625,,,,,,,0.4033945865411148,0,0,0,0,0,0,1
2025-06-03,3385.10009765625,3390.0,3331.300048828125,3350.199951171875,6410,99.25,308.9100036621094,34.50299835205078,17.690000534057617,5970.3701171875,,,,,,,-0.43470520167931126,0,0,0,0,0,0,0
2025-06-04,3355.0,3380.0,3344.0,3373.5,207,98.79000091552734,310.8999938964844,34.51900100708008,17.610000610351562,5970.81005859375,,,,,,,-0.5707860976919706,0,0,0,0,0,0,0
2025-06-05,3371.5,3400.0,3343.699951171875,3350.699951171875,731,98.73999786376953,309.3299865722656,35.68899917602539,18.479999542236328,5939.2998046875,,,,,,,-0.07196595109317656,0,0,0,0,0,1,0
2025-06-06,3364.300048828125,3364.300048828125,3306.0,3322.699951171875,81,99.19000244140625,305.17999267578125,36.025001525878906,16.770000457763672,6000.35986328125,,,,,,,-1.5662401473776915,0,0,1,0,1,0,0
2025-06-09,3315.60009765625,3334.60009765625,3290.0,3332.10009765625,1887,98.94000244140625,306.6199951171875,36.6879997253418,17.15999984741211,6005.8798828125,,,,,,,-1.005959129816562,0,0,0,0,0,0,1
2025-06-10,3302.0,3344.300048828125,3302.0,3320.89990234375,65,99.05000305175781,306.7099914550781,36.54199981689453,16.950000762939453,6038.81005859375,,,,,,,0.08803846542413152,0,0,0,0,0,1,0
2025-06-11,3328.0,3356.0,3321.300048828125,3321.300048828125,2106,98.62999725341797,308.3699951171875,36.16600036621094,17.260000228881836,6022.240234375,,,,,,,1.607376717346321,0,1,0,0,1,0,0
2025-06-12,3363.0,3395.89990234375,3353.39990234375,3380.89990234375,1818,97.91999816894531,312.20001220703125,36.2130012512207,18.020000457763672,6045.259765625,,,,,,,-0.013405943546990547,0,0,0,0,0,0,1
2025-06-13,3407.300048828125,3444.0,3407.300048828125,3431.199951171875,499,98.18000030517578,316.2900085449219,36.28099822998047,20.81999969482422,5976.97021484375,,,,,,,-0.552955880928386,0,0,0,0,0,0,0
2025-06-16,3442.0,3442.0,3385.39990234375,3396.39990234375,480,98.0,311.7799987792969,36.37900161743164,19.110000610351562,6033.10986328125,,,,,,,-1.733706922492468,0,0,0,0,0,0,0
2025-06-17,3398.300048828125,3398.300048828125,3376.10009765625,3386.60009765625,1477,98.81999969482422,311.94000244140625,37.09000015258789,21.600000381469727,5982.72021484375,,,,,,,-0.7317657832087903,0,0,0,0,0,1,0
2025-06-18,3385.300048828125,3391.89990234375,3365.10009765625,3389.800048828125,0,98.91000366210938,310.260009765625,36.86600112915039,20.139999389648438,5980.8701171875,,,,,,,-2.4099122540407745,1,0,0,0,1,0,0
2025-06-20,3350.0,3372.89990234375,3341.0,3368.10009765625,709,98.70999908447266,310.1300048828125,35.97600173950195,20.6200008392334,5967.83984375,,,,,,,-0.7273952043237687,0,0,0,0,0,0,1
2025-06-23,3365.89990234375,3387.89990234375,3350.0,3377.699951171875,30,98.41999816894531,311.0799865722656,36.15299987792969,19.829999923706055,6025.169921875,,,,,,,-0.6580851035971654,0,0,0,0,0,0,0
2025-06-24,3358.0,3358.0,3301.0,3317.39990234375,538,97.86000061035156,306.19000244140625,35.70100021362305,17.479999542236328,6092.18017578125,,,,,,,-0.07191971728878865,0,0,0,0,0,0,0
2025-06-25,3321.60009765625,3331.199951171875,3310.60009765625,3327.10009765625,373,97.68000030517578,307.1199951171875,36.084999084472656,16.760000228881836,6092.16015625,,,,,,,-0.05082947747683187,0,0,0,0,0,0,0
2025-06-26,3332.39990234375,3333.5,3332.39990234375,3333.5,2058,97.1500015258789,306.7799987792969,36.58599853515625,16.59000015258789,6141.02001953125,,,,,,,-0.891300066501488,0,0,0,0,0,1,0
2025-06-27,3318.699951171875,3318.699951171875,3253.800048828125,3273.699951171875,284,97.4000015258789,301.2200012207031,36.0369987487793,16.31999969482422,6173.06982421875,,,,,,,-0.9330564001025904,0,0,0,1,1,0,0
2025-06-30,3265.89990234375,3306.89990234375,3262.0,3294.39990234375,1242,96.87999725341797,304.8299865722656,35.85200119018555,16.729999542236328,6204.9501953125,,,,,,,0.6030687296091186,0,0,0,0,0,0,1
2025-07-01,3310.10009765625,3354.10009765625,3310.10009765625,3336.699951171875,371,96.81999969482422,307.54998779296875,36.082000732421875,16.829999923706055,6198.009765625,,,,,,,-0.471962515331551,0,0,0,0,0,0,0
2025-07-02,3329.0,3357.5,3329.0,3348.0,39,96.77999877929688,309.25,36.42599868774414,16.639999389648438,6227.419921875,,,,,,,0.11311454221729872,0,0,0,0,0,1,0
2025-07-03,3362.0,3362.0,3322.300048828125,3331.60009765625,0,97.18000030517578,307.1400146484375,36.784000396728516,16.3799991607666,6279.35009765625,,,,,,,-0.4558838034804823,0,0,1,0,1,0,0
2025-07-04,3342.0,3342.0,3332.5,3332.5,0,,,36.775001525878906,,,,,,,,,,0,0,0,0,0,0,1
2025-07-07,3305.5,3333.300048828125,3299.199951171875,3332.199951171875,254,97.4800033569336,307.3699951171875,36.6150016784668,17.790000915527344,6229.97998046875,,,,,,,-0.2826466364374061,0,0,0,0,0,0,0
2025-07-08,3330.39990234375,3334.5,3287.60009765625,3307.0,909,97.51000213623047,304.1600036621094,36.47200012207031,16.809999465942383,6225.52001953125,,,,,,,-1.0799128404357192,0,0,0,0,0,0,0
2025-07-09,3289.39990234375,3314.0,3282.0,3311.60009765625,114,97.47000122070312,305.5199890136719,36.35100173950195,15.9399995803833,6263.259765625,,,,,,,-0.17296922062805103,0,0,0,0,0,0,0
2025-07-10,3323.60009765625,3330.5,3311.60009765625,3317.39990234375,209,97.6500015258789,306.20001220703125,37.03799819946289,15.779999732971191,6280.4599609375,,,,,,,-0.013862516558116315,0,0,0,0,0,0,0
2025-07-11,3330.5,3370.0,3330.5,3356.0,776,97.8499984741211,309.1400146484375,38.67599868774414,16.399999618530273,6259.75,,,,,,,-0.606380020368192,0,0,0,0,0,0,0
2025-07-14,3367.0,3375.5,3350.0,3351.5,583,98.08000183105469,308.010009765625,38.46200180053711,17.200000762939453,6268.56005859375,,,,,,,-1.3250205505066233,0,0,0,0,0,1,0
2025-07-15,3341.0,3341.0,3329.800048828125,3329.800048828125,210,98.62000274658203,306.7300109863281,37.83399963378906,17.3799991607666,6243.759765625,,,,,,,-0.5411463809375152,0,1,0,0,1,0,0
2025-07-16,3341.199951171875,3352.89990234375,3329.5,3352.5,10,98.38999938964844,308.260009765625,37.85300064086914,17.15999984741211,6263.7001953125,,,,,,,-1.1033430107857742,0,0,0,0,0,0,1
2025-07-17,3313.800048828125,3340.800048828125,3313.800048828125,3340.10009765625,667,98.7300033569336,307.5899963378906,38.055999755859375,16.520000457763672,6297.35986328125,,,,,,,-0.582651841837491,0,0,0,0,0,0,0
2025-07-18,3338.199951171875,3353.0,3338.199951171875,3353.0,602,98.4800033569336,308.3900146484375,38.222999572753906,16.40999984741211,6296.7900390625,,,,,,,-0.9644798115431422,0,0,0,0,0,0,0
2025-07-21,3350.300048828125,3411.699951171875,3350.300048828125,3401.89990234375,53,97.8499984741211,313.1300048828125,39.10100173950195,16.649999618530273,6305.60009765625,,,,,,,-0.6879188104681985,0,0,0,0,0,0,0
2025-07-22,3411.0,3441.0,3395.60009765625,3439.199951171875,39,97.38999938964844,316.1000061035156,39.31999969482422,16.5,6309.6201171875,,,,,,,-1.1335502899143568,0,0,0,0,0,0,0
2025-07-23,3430.300048828125,3433.89990234375,3388.10009765625,3394.10009765625,63,97.20999908447266,312.17999267578125,39.27799987792969,15.369999885559082,6358.91015625,,,,,,,-0.9757002672859035,0,0,0,0,0,0,0
2025-07-24,3367.0,3371.0,3367.0,3371.0,1175,97.37999725341797,310.2699890136719,39.020999908447266,15.390000343322754,6363.35009765625,,,,,,,-0.7101858586834848,0,0,0,0,0,0,0
2025-07-25,3344.0,3345.0,3326.5,3334.0,67,97.6500015258789,307.3999938964844,38.16699981689453,14.930000305175781,6388.64013671875,,,,,,,-0.07517161186747441,0,0,0,0,0,0,0
2025-07-28,3326.60009765625,3326.800048828125,3309.10009765625,3309.10009765625,533,98.66000366210938,305.4100036621094,38.0260009765625,15.029999732971191,6389.77001953125,,,,,,,0.3330879022800248,0,0,0,0,0,0,0
2025-07-29,3323.39990234375,3323.39990234375,3323.39990234375,3323.39990234375,113144,98.91000366210938,306.25,38.08399963378906,15.979999542236328,6370.85986328125,,,,,,,-0.22584384695339899,0,0,0,0,0,1,0
2025-07-30,3325.800048828125,3331.800048828125,3263.89990234375,3295.800048828125,19252,99.94000244140625,300.9599914550781,37.566001892089844,15.479999542236328,6362.89990234375,,,,,,,-3.344348312566621,1,0,0,0,1,1,0
2025-07-31,3272.89990234375,3312.0,3272.89990234375,3293.199951171875,3704,100.02999877929688,302.9599914550781,36.551998138427734,16.719999313354492,6339.39013671875,,,,,,,-0.7480329767822971,0,0,0,1,1,1,1
2025-08-01,3286.199951171875,3360.60009765625,3281.0,3347.699951171875,3420,98.69000244140625,309.1099853515625,36.7869987487793,20.3799991607666,6238.009765625,,,,,,,0.5946242811070497,0,0,1,0,1,0,1
2025-08-04,3367.60009765625,3386.5,3347.39990234375,3374.39990234375,351,98.77999877929688,310.9100036621094,37.19200134277344,17.520000457763672,6329.93994140625,,,,,,,-0.18058729435240684,0,0,0,0,0,0,1
2025-08-05,3378.5,3387.199951171875,3351.199951171875,3381.89990234375,915,98.77999877929688,311.1600036621094,37.6870002746582,17.850000381469727,6299.18994140625,,,,,,,-0.6726514980317184,0,0,0,0,0,0,0
2025-08-06,3380.699951171875,3383.300048828125,3361.300048828125,3380.0,1492,98.18000030517578,310.5,37.76599884033203,16.770000457763672,6345.06005859375,,,,,,,-1.2170521997069275,0,0,0,0,0,0,0
2025-08-07,3384.89990234375,3422.89990234375,3384.89990234375,3400.300048828125,5464,98.4000015258789,313.1199951171875,38.15800094604492,16.56999969482422,6340.0,,,,,,,-0.3288156202172946,0,0,0,0,0,0,0
2025-08-08,3438.800048828125,3477.0,3402.5,3439.10009765625,7657,98.18000030517578,313.04998779296875,38.41699981689453,15.149999618530273,6389.4501953125,,,,,,,-3.9769886511799,0,0,0,0,0,0,0
2025-08-11,3383.89990234375,3383.89990234375,3349.199951171875,3353.10009765625,1488,98.5199966430664,308.54998779296875,37.6619987487793,16.25,6373.4501953125,,,,,,,-0.4462596074565741,0,0,0,0,0,1,0
2025-08-12,3356.199951171875,3356.199951171875,3330.10009765625,3348.89990234375,1611,98.0999984741211,308.2699890136719,37.89899826049805,14.729999542236328,6445.759765625,,,,,,,-0.3083166408355841,0,1,0,0,1,0,0
2025-08-13,3358.800048828125,3363.39990234375,3358.699951171875,3358.699951171875,1011,97.83999633789062,309.2099914550781,38.499000549316406,14.489999771118164,6466.580078125,,,,,,,-0.2487670265188574,0,0,0,0,0,0,1
2025-08-14,3346.800048828125,3356.0,3328.89990234375,3335.199951171875,592,98.25,307.25,37.981998443603516,14.829999923706055,6468.5400390625,,,,,,,-0.02345670444628518,0,0,0,0,0,0,0
2025-08-15,3346.800048828125,3346.800048828125,3335.89990234375,3336.0,1185,97.8499984741211,307.42999267578125,37.89400100708008,15.09000015258789,6449.7998046875,,,,,,,0.11369999634047262,0,0,0,0,0,0,0
2025-08-18,3333.5,3347.800048828125,3331.699951171875,3331.699951171875,646,98.16999816894531,306.95001220703125,37.95100021362305,14.989999771118164,6449.14990234375,,,,,,,0.04088740200903203,0,0,0,0,0,0,0
2025-08-19,3330.199951171875,3343.5,3313.39990234375,3313.39990234375,1655,98.2699966430664,305.2699890136719,37.26100158691406,15.569999694824219,6411.3701171875,,,,,,,0.05799827581081904,0,0,0,0,0,0,0
2025-08-20,3310.60009765625,3343.5,3310.10009765625,3343.39990234375,1213,98.22000122070312,308.3599853515625,37.70500183105469,15.6899995803833,6395.77978515625,,,,,,,0.4553379025799444,0,0,0,0,0,0,0
2025-08-21,3349.39990234375,3349.39990234375,3326.5,3336.89990234375,142,98.62000274658203,307.2900085449219,38.027000427246094,16.600000381469727,6370.169921875,,,,,,,-0.07024528441644141,0,0,0,0,0,0,0
2025-08-22,3349.39990234375,3377.699951171875,3349.39990234375,3374.39990234375,1240,97.72000122070312,310.5799865722656,39.00299835205078,14.220000267028809,6466.91015625,,,,,,,-0.2576132010555118,0,0,0,0,0,0,0
2025-08-25,3366.0,3378.0,3366.0,3373.800048828125,1044,98.43000030517578,309.8299865722656,38.676998138427734,14.789999961853027,6439.31982421875,,,,,,,-1.0367776503405535,0,0,0,0,0,0,0
2025-08-26,3378.89990234375,3396.5,3371.10009765625,3388.60009765625,905,98.2300033569336,312.0799865722656,38.582000732421875,14.619999885559082,6465.93994140625,,,,,,,-0.006923999533958102,0,0,0,0,0,0,0
2025-08-27,3397.0,3404.60009765625,3382.0,3404.60009765625,3222,98.2300033569336,312.7099914550781,38.68899917602539,14.850000381469727,6481.39990234375,,,,,,,-0.9416979298854856,0,0,0,0,0,0,0
2025-08-28,3409.0,3434.60009765625,3400.0,3431.800048828125,1035,97.80999755859375,315.0299987792969,39.189998626708984,14.430000305175781,6501.85986328125,,,,,,,-1.1110309072224656,0,0,0,0,0,1,0
2025-08-29,3432.5,3475.60009765625,3426.60009765625,3473.699951171875,0,97.7699966430664,318.07000732421875,40.20000076293945,15.359999656677246,6460.259765625,,,,,,,-1.9073992440124037,0,0,0,1,1,0,0
2025-09-02,3485.699951171875,3559.199951171875,3485.699951171875,3549.39990234375,658,98.4000015258789,325.5899963378906,41.07099914550781,17.170000076293945,6415.5400390625,,,,,,,-1.2500242209589862,0,0,0,0,0,0,1
2025-09-03,3554.800048828125,3593.699951171875,3553.199951171875,3593.199951171875,72,98.13999938964844,328.1400146484375,41.54199981689453,16.350000381469727,6448.259765625,,,,,,,-2.584189206297363,0,0,0,0,0,0,0
2025-09-04,3549.89990234375,3573.60009765625,3549.89990234375,3565.800048828125,237,98.3499984741211,326.69000244140625,40.9109992980957,15.300000190734863,6502.080078125,,,,,,,-1.4796098846284924,0,0,0,0,0,1,0
2025-09-05,3567.800048828125,3613.199951171875,3567.800048828125,3613.199951171875,925,97.7699966430664,331.04998779296875,41.07400131225586,15.180000305175781,6481.5,,,,,,,-1.4117021879160505,0,0,1,0,1,0,0
2025-09-08,3594.5,3641.0,3590.0,3638.10009765625,97,97.44999694824219,334.82000732421875,41.42599868774414,15.109999656677246,6495.14990234375,,,,,,,-0.005002989771737225,0,0,0,0,0,0,1
2025-09-09,3647.10009765625,3670.39990234375,3627.800048828125,3643.300048828125,535,97.79000091552734,334.05999755859375,40.87799835205078,15.039999961853027,6512.60986328125,,,,,,,-1.1551529175202762,0,0,0,0,0,1,0
2025-09-10,3625.0,3655.39990234375,3620.800048828125,3643.60009765625,136,97.77999877929688,335.260009765625,41.132999420166016,15.350000381469727,6532.0400390625,,,,,,,-0.03099646899347812,0,1,0,0,1,0,0
2025-09-11,3632.89990234375,3636.89990234375,3618.39990234375,3636.89990234375,307,97.54000091552734,334.760009765625,41.696998596191406,14.710000038146973,6587.47021484375,,,,,,,0.13366276574050995,0,0,0,0,0,0,1
2025-09-12,3655.5,3656.800048828125,3643.0,3649.39990234375,1300,97.55000305175781,335.4200134277344,42.387001037597656,14.760000228881836,6584.2900390625,,,,,,,-0.34646742167952066,0,0,0,0,0,0,0
2025-09-15,3640.0,3686.39990234375,3635.10009765625,3682.199951171875,210,97.30000305175781,338.9100036621094,42.516998291015625,15.6899995803833,6615.27978515625,,,,,,,0.14987734261150282,0,0,0,0,0,0,0
2025-09-16,3681.39990234375,3698.60009765625,3681.39990234375,3688.89990234375,373,96.62999725341797,339.5899963378906,42.47100067138672,16.360000610351562,6606.759765625,,,,,,,0.20019743500786816,0,0,0,0,0,1,0
2025-09-17,3669.0,3685.199951171875,3661.60009765625,3681.800048828125,183,96.87000274658203,336.9700012207031,41.72200012207031,15.720000267028809,6600.35009765625,,,,,,,-1.7537853614893657,1,0,0,0,1,0,0
2025-09-18,3654.60009765625,3667.39990234375,3637.0,3643.699951171875,80,97.3499984741211,335.6199951171875,41.707000732421875,15.699999809265137,6631.9599609375,,,,,,,0.3998110438795445,0,0,0,0,0,0,1
2025-09-19,3659.0,3685.89990234375,3658.199951171875,3671.5,211,97.63999938964844,339.17999267578125,42.5359992980957,15.449999809265137,6664.35986328125,,,,,,,1.3952184275483113,0,0,0,0,0,0,0
2025-09-22,3688.199951171875,3748.199951171875,3688.0,3740.699951171875,410,97.33000183105469,345.04998779296875,43.79899978637695,16.100000381469727,6693.75,,,,,,,0.8586488774444121,0,0,0,0,0,0,0
2025-09-23,3747.0,3786.0,3740.0,3780.60009765625,627,97.26000213623047,346.4599914550781,44.19200134277344,16.639999389648438,6656.919921875,,,,,,,-1.3334082606250095,0,0,0,0,0,0,0
2025-09-24,3769.800048828125,3772.5,3732.10009765625,3732.10009765625,588,97.87000274658203,343.32000732421875,43.777000427246094,16.18000030517578,6637.97021484375,,,,,,,-0.019170333376036575,0,0,0,0,0,0,0
2025-09-25,3742.800048828125,3756.0,3724.699951171875,3736.89990234375,1899,98.55000305175781,344.75,44.696998596191406,16.739999771118164,6604.72021484375,,,,,,,0.9514280728201063,0,0,0,0,0,1,0
2025-09-26,3775.300048828125,3775.300048828125,3775.300048828125,3775.300048828125,19308,98.1500015258789,346.739990234375,46.22100067138672,15.289999961853027,6643.7001953125,,,,,,,-0.5668123623415218,0,0,0,1,1,0,0
2025-09-29,3754.800048828125,3827.60009765625,3754.800048828125,3820.89990234375,8860,97.91000366210938,352.4599914550781,46.61199951171875,16.1200008392334,6661.2099609375,,,,,,,0.9613679618630999,0,0,0,0,0,0,1
2025-09-30,3827.5,3865.5,3793.39990234375,3840.800048828125,1611,97.7699966430664,355.4700012207031,46.25299835205078,16.280000686645508,6688.4599609375,,,,,,,2.0369415608522514,0,0,0,0,0,0,0
2025-10-01,3863.5,3891.89990234375,3853.300048828125,3867.5,1778,97.70999908447266,356.0299987792969,47.290000915527344,16.290000915527344,6711.2001953125,,,,,,,0.23651091958257175,0,0,0,0,0,0,0
2025-10-02,3856.199951171875,3888.60009765625,3823.699951171875,3839.699951171875,3418,97.8499984741211,354.7900085449219,46.0,16.6299991607666,6715.35009765625,,,,,,,1.4890250096667106,0,0,0,0,0,1,0
2025-10-03,3855.199951171875,3886.800048828125,3853.699951171875,3880.800048828125,392,97.72000122070312,357.6400146484375,47.59700012207031,16.649999618530273,6715.7900390625,,,,,,,0.5950139866312978,0,0,1,0,1,0,0
2025-10-06,3931.300048828125,3960.0,3926.800048828125,3948.5,1267,98.11000061035156,364.3800048828125,48.082000732421875,16.3700008392334,6740.27978515625,,,,,,,1.037803976933545,0,0,0,0,0,0,1
2025-10-07,3959.39990234375,3981.5,3940.0,3976.60009765625,2903,98.58000183105469,366.260009765625,47.17900085449219,17.239999771118164,6714.58984375,,,,,,,0.3904764919495739,0,0,0,0,0,0,0
2025-10-08,3987.199951171875,4049.199951171875,3987.199951171875,4043.300048828125,2179,98.8499984741211,372.29998779296875,48.65599822998047,16.299999237060547,6753.72021484375,,,,,,,0.3120868882146499,0,0,0,0,0,0,0
2025-10-09,4011.199951171875,4046.199951171875,3940.0,3946.300048828125,3130,99.54000091552734,365.42999267578125,46.849998474121094,16.43000030517578,6735.10986328125,,,,,,,2.149757149878367,0,0,0,0,0,0,0
2025-10-10,3957.0,4012.0,3945.5,3975.89990234375,1697,98.9800033569336,369.1199951171875,46.9379997253418,21.65999984741211,6552.509765625,,,,,,,2.7654967009454756,0,0,0,0,0,0,0
2025-10-13,4016.0,4111.0,4016.0,4108.60009765625,1697,99.2699966430664,378.0899963378906,50.130001068115234,19.030000686645508,6654.72021484375,,,,,,,0.0280824996604807,0,0,0,0,0,0,0
2025-10-14,4131.7001953125,4160.10009765625,4085.800048828125,4138.7001953125,2424,99.05000305175781,380.7900085449219,50.31399917602539,20.809999465942383,6644.31005859375,,,,,,,-0.03189944384296368,0,0,0,0,0,1,0
2025-10-15,4145.0,4210.60009765625,4145.0,4176.89990234375,3287,98.79000091552734,387.3900146484375,51.073001861572266,20.639999389648438,6671.06005859375,,,,,,,2.313447699222484,0,1,0,0,1,0,0
2025-10-16,4198.7998046875,4307.0,4196.60009765625,4280.2001953125,4705,98.38999938964844,396.45001220703125,53.02299880981445,25.309999465942383,6629.06982421875,,,,,,,1.8362320102946321,0,0,0,0,0,0,1
2025-10-17,4354.7001953125,4358.0,4182.2001953125,4189.89990234375,4060,98.43000030517578,388.989990234375,49.86399841308594,20.780000686645508,6664.009765625,,,,,,,2.356701744597728,0,0,0,0,0,0,0
2025-10-20,4244.10009765625,4356.60009765625,4214.60009765625,4336.39990234375,1750,98.58999633789062,403.1499938964844,51.11899948120117,18.229999542236328,6735.1298828125,,,,,,,2.5475888005008898,0,0,0,0,0,0,0
2025-10-21,4332.7001953125,4332.7001953125,4087.699951171875,4087.699951171875,2943,98.93000030517578,377.239990234375,47.45000076293945,17.8700008392334,6735.35009765625,,,,,,,0.605563928777321,0,0,0,0,0,0,0
2025-10-22,4109.7001953125,4148.5,4006.0,4044.39990234375,1237,98.9000015258789,377.2799987792969,47.46099853515625,18.600000381469727,6699.39990234375,,,,,,,3.0876756558704397,0,0,0,0,0,0,0
2025-10-23,4078.39990234375,4136.7998046875,4070.699951171875,4125.5,354,98.94000244140625,378.7900085449219,48.481998443603516,17.299999237060547,6738.43994140625,,,,,,,-0.6926507617275454,0,0,0,0,0,0,0
2025-10-24,4117.5,4120.60009765625,4074.89990234375,4118.39990234375,123,98.94999694824219,377.5199890136719,48.37699890136719,16.3700008392334,6791.68994140625,,,,,,,-1.0470680329663198,0,0,0,0,0,0,0
2025-10-27,4060.0,4078.60009765625,3971.300048828125,4001.89990234375,220,98.77999877929688,367.010009765625,46.5620002746582,15.789999961853027,6875.16015625,,,,,,,-0.9147614452266353,0,0,0,0,0,0,0
2025-10-28,3929.699951171875,3966.199951171875,3923.60009765625,3966.199951171875,219,98.69000244140625,364.3800048828125,47.125,16.420000076293945,6890.89013671875,,,,,,,-0.5390939518883077,0,0,0,0,0,1,0
2025-10-29,3983.699951171875,3983.699951171875,3983.699951171875,3983.699951171875,1344,99.22000122070312,363.0,47.72100067138672,16.920000076293945,6890.58984375,,,,,,,-2.3533165724288554,1,0,0,0,1,0,0
2025-10-30,3960.0,4027.199951171875,3913.699951171875,4001.300048828125,935,99.52999877929688,370.1300048828125,48.428001403808594,16.90999984741211,6822.33984375,,,,,,,1.0841072281187225,0,0,0,0,0,1,1
2025-10-31,4034.5,4034.5,3976.60009765625,3982.199951171875,559,99.80000305175781,368.1199951171875,47.99399948120117,17.440000534057617,6840.2001953125,,,,,,,0.9143750466776094,0,0,0,1,1,0,0
2025-11-03,3976.199951171875,4020.0,3959.0,4000.300048828125,0,99.87000274658203,368.7799987792969,47.88800048828125,17.170000076293945,6851.97021484375,,,,,,,0.28229647165976807,0,0,0,0,0,0,1
2025-11-04,3994.199951171875,3995.39990234375,3927.39990234375,3947.699951171875,657,100.22000122070312,362.32000732421875,47.130001068115234,19.0,6771.5498046875,,,,,,,-0.7192168358026613,0,0,0,0,0,0,0
2025-11-05,3929.89990234375,3983.5,3929.89990234375,3980.300048828125,559,100.19999694824219,366.510009765625,47.862998962402344,18.010000228881836,6796.2900390625,,,,,,,0.021658200282543935,0,0,0,0,0,0,0
2025-11-06,4004.0,4007.5,3979.89990234375,3979.89990234375,650,99.7300033569336,366.07000732421875,47.79399871826172,19.5,6720.31982421875,,,,,,,-0.28033194756968843,0,0,0,0,0,1,0
2025-11-07,3980.800048828125,3999.39990234375,3980.800048828125,3999.39990234375,245,99.5999984741211,368.30999755859375,48.016998291015625,19.079999923706055,6728.7998046875,,,,,,,0.007415579544155625,0,0,1,0,1,0,0
2025-11-10,4060.0,4111.7998046875,4060.0,4111.7998046875,189,99.62000274658203,378.3800048828125,50.176998138427734,17.600000381469727,6832.43017578125,,,,,,,-0.1694759944327373,0,0,0,0,0,0,1
2025-11-11,4140.10009765625,4140.10009765625,4106.7998046875,4106.7998046875,569,99.45999908447266,379.8699951171875,50.61800003051758,17.280000686645508,6846.60986328125,,,,,,,1.040183850793615,0,0,0,0,0,0,0
2025-11-12,4115.60009765625,4204.39990234375,4102.89990234375,4204.39990234375,396,99.4800033569336,385.989990234375,53.332000732421875,17.510000228881836,6850.919921875,,,,,,,-0.7293008223968289,0,0,0,0,0,1,0
2025-11-13,4228.7001953125,4228.7001953125,4163.7001953125,4186.89990234375,167,99.18000030517578,382.8699951171875,53.07400131225586,20.0,6737.490234375,,,,,,,-1.5955266304705527,0,1,0,0,1,0,0
2025-11-14,4197.7001953125,4197.89990234375,4047.0,4087.60009765625,483,99.2699966430664,375.9599914550781,50.59000015258789,19.829999923706055,6734.10986328125,,,,,,,-0.2527245278326242,0,0,0,0,0,0,1
2025-11-17,4070.0,4099.5,4019.39990234375,4068.300048828125,1552,99.58999633789062,371.6499938964844,50.625,22.3799991607666,6672.41015625,,,,,,,-1.7444324088871863,0,0,0,0,0,0,0
2025-11-18,4037.39990234375,4063.39990234375,4035.60009765625,4061.300048828125,1375,99.55000305175781,374.3500061035156,50.45000076293945,24.690000534057617,6617.31982421875,,,,,,,0.27490245372748706,0,0,0,0,0,0,0
2025-11-19,4086.10009765625,4122.7001953125,4072.0,4077.699951171875,486,100.2300033569336,374.9599914550781,50.790000915527344,23.65999984741211,6642.16015625,,,,,,,-0.2625200146331683,0,0,0,0,0,0,0
2025-11-20,4045.0,4090.39990234375,4040.199951171875,4056.5,202,100.16000366210938,374.8500061035156,50.24700164794922,26.420000076293945,6538.759765625,,,,,,,0.8309908972770452,0,0,0,0,0,0,0
2025-11-21,4031.800048828125,4085.199951171875,4031.800048828125,4076.699951171875,171,100.18000030517578,374.2699890136719,49.87300109863281,23.43000030517578,6602.990234375,,,,,,,-0.6316932364805374,0,0,0,0,0,0,0
2025-11-24,4060.5,4091.89990234375,4060.5,4091.89990234375,591,100.13999938964844,380.20001220703125,50.29499816894531,20.520000457763672,6705.1201171875,,,,,,,1.972470131129502,0,0,0,0,0,0,0
2025-11-25,4139.2001953125,4139.2001953125,4139.2001953125,4139.2001953125,132704,99.66000366210938,380.0799865722656,50.933998107910156,18.559999465942383,6765.8798828125,,,,,,,-0.5995867543526183,0,0,0,0,0,1,0
2025-11-26,4128.60009765625,4171.0,4127.5,4165.2001953125,25088,99.5999984741211,383.1199951171875,52.91600036621094,17.190000534057617,6812.60986328125,,,,,,,-0.2378036627472327,0,0,0,1,1,0,0
2025-11-28,4163.39990234375,4223.89990234375,4140.0,4218.2998046875,3615,99.45999908447266,387.8800048828125,56.44599914550781,16.350000381469727,6849.08984375,,,,,,,-0.32566229558960474,0,0,0,0,0,0,1
2025-12-01,4218.5,4262.10009765625,4214.89990234375,4239.2998046875,913,99.41000366210938,389.75,58.417999267578125,17.239999771118164,6812.6298828125,,,,,,,-0.3697272757607578,0,0,0,0,0,0,0
2025-12-02,4230.5,4230.5,4167.0,4186.60009765625,366,99.36000061035156,387.239990234375,57.983001708984375,16.59000015258789,6829.3701171875,,,,,,,0.9466455492757465,0,0,0,0,0,0,0
2025-12-03,4215.7001953125,4234.10009765625,4195.7001953125,4199.2998046875,1897,98.8499984741211,386.8800048828125,57.92100143432617,16.079999923706055,6849.72021484375,,,,,,,0.029304673378957802,0,0,0,0,0,0,0
2025-12-04,4211.0,4211.7998046875,4175.0,4211.7998046875,616,98.98999786376953,387.1300048828125,56.84700012207031,15.779999732971191,6857.1201171875,,,,,,,-0.5199016296852129,0,0,0,0,0,1,0
2025-12-05,4204.10009765625,4255.7001953125,4194.5,4212.89990234375,533,98.98999786376953,386.44000244140625,58.422000885009766,15.40999984741211,6870.39990234375,,,,,,,-0.9723665755922896,0,0,1,0,1,0,0
2025-12-08,4205.5,4215.7998046875,4175.5,4187.2001953125,318,99.08999633789062,385.4200134277344,57.77899932861328,16.65999984741211,6846.509765625,,,,,,,-0.19162428389347302,0,0,0,0,0,0,1
2025-12-09,4190.7001953125,4219.7001953125,4177.7001953125,4206.7001953125,660,99.22000122070312,387.3999938964844,60.16899871826172,16.93000030517578,6840.509765625,,,,,,,-0.08407307794951259,0,0,0,0,0,1,0
2025-12-10,4209.0,4234.5,4183.60009765625,4196.39990234375,692,98.79000091552734,389.04998779296875,60.37900161743164,15.770000457763672,6886.68017578125,,,,,,,1.4247226777262978,1,1,0,0,1,0,0
2025-12-11,4224.0,4286.89990234375,4214.2998046875,4285.5,528,98.3499984741211,393.239990234375,63.92900085449219,14.850000381469727,6901.0,,,,,,,-0.9175864000777455,0,0,0,0,0,0,1
2025-12-12,4276.39990234375,4355.0,4260.0,4300.10009765625,1531,98.4000015258789,395.44000244140625,61.36199951171875,15.739999771118164,6827.41015625,,,,,,,-0.4207637449335364,0,0,0,0,0,0,0
2025-12-15,4308.2998046875,4349.2001953125,4292.89990234375,4306.7001953125,854,98.1500015258789,395.79998779296875,62.939998626708984,16.5,6816.509765625,,,,,,,-0.5547365365393914,0,0,0,0,0,0,0
2025-12-16,4270.5,4321.39990234375,4270.5,4304.5,1796,98.1500015258789,395.8900146484375,62.70000076293945,16.479999542236328,6800.259765625,,,,,,,-0.41236688666913623,0,0,0,0,0,0,0
2025-12-17,4308.5,4351.39990234375,4308.5,4347.5,2169,98.37000274658203,399.2900085449219,66.23699951171875,17.6200008392334,6721.43017578125,,,,,,,-0.7177933245466703,0,0,0,0,0,0,0
2025-12-18,4331.0,4348.10009765625,4328.2001953125,4339.5,705,98.43000030517578,398.57000732421875,64.59200286865234,16.8700008392334,6774.759765625,,,,,,,-0.6877103635366316,0,0,0,0,0,1,0
2025-12-19,4350.10009765625,4361.39990234375,4350.10009765625,4361.39990234375,1065,98.5999984741211,399.0199890136719,66.84500122070312,14.90999984741211,6834.5,,,,,,,-1.5200920271569376,0,0,0,1,1,0,0
2025-12-22,4371.10009765625,4447.60009765625,4371.10009765625,4444.60009765625,449,98.29000091552734,408.2300109863281,67.90599822998047,14.079999923706055,6878.490234375,,,,,,,-0.6549165326099371,0,0,0,0,0,0,1
2025-12-23,4503.2998046875,4503.7998046875,4450.39990234375,4482.7998046875,694,97.94000244140625,413.6400146484375,70.48500061035156,14.0,6909.7900390625,,,,,,,0.3773536073186184,0,0,0,0,0,0,0
2025-12-24,4500.7001953125,4503.39990234375,4468.39990234375,4480.60009765625,500,97.9800033569336,411.92999267578125,71.03099822998047,13.470000267028809,6932.0498046875,,,,,,,-0.4369775589206284,0,0,0,0,0,0,0
2025-12-26,4512.0,4556.2998046875,4502.0,4529.10009765625,263,98.0199966430664,416.739990234375,76.48600006103516,13.600000381469727,6929.93994140625,,,,,,,-0.2538813401151987,0,0,0,0,0,0,0
2025-12-29,4371.5,4379.0,4325.10009765625,4325.10009765625,2044,98.04000091552734,398.6000061035156,69.85600280761719,14.199999809265137,6905.740234375,,,,,,,0.10907929395110157,0,0,0,0,0,0,0
2025-12-30,4346.39990234375,4403.60009765625,4338.0,4370.10009765625,1837,98.23999786376953,398.8900146484375,77.3740005493164,14.329999923706055,6896.240234375,,,,,,,-1.9716685058830214,0,0,0,0,0,0,0
2025-12-31,4333.5,4363.7998046875,4285.0,4325.60009765625,785,98.27999877929688,396.30999755859375,70.13400268554688,14.949999809265137,6845.5,,,,,,,-1.1178771112489185,0,0,0,0,0,0,0
2026-01-02,4350.60009765625,4350.60009765625,4314.39990234375,4314.39990234375,589,98.41999816894531,398.2799987792969,70.55599975585938,14.510000228881836,6858.47021484375,,,,,,,0.5429400649425308,0,0,0,0,0,0,0
2026-01-05,4386.7001953125,4443.5,4384.7998046875,4436.89990234375,618,98.2699966430664,408.760009765625,76.16400146484375,14.899999618530273,6902.0498046875,,,,,,,0.09773301464099564,0,0,0,0,0,0,0
2026-01-06,4449.7001953125,4482.2001953125,4449.0,4482.2001953125,459,98.58000183105469,413.17999267578125,80.52999877929688,14.75,6944.81982421875,,,,,,,0.2333931293213284,0,0,0,0,0,0,0
2026-01-07,4450.0,4450.0,4449.2998046875,4449.2998046875,972,98.68000030517578,409.2300109863281,77.13500213623047,15.380000114440918,6920.93017578125,,,,,,,-0.25508760292309535,0,0,0,0,0,0,0
2026-01-08,4460.2001953125,4461.2998046875,4418.0,4449.7001953125,2423,98.93000030517578,411.489990234375,74.71600341796875,15.449999809265137,6921.4599609375,,,,,,,0.918803861551829,0,0,0,0,0,1,0
2026-01-09,4473.0,4490.2998046875,4473.0,4490.2998046875,237,99.12999725341797,414.4700012207031,78.88400268554688,14.489999771118164,6966.27978515625,,,,,,,0.525420062110145,0,0,1,0,1,0,0
2026-01-12,4579.10009765625,4620.0,4577.7998046875,4604.2998046875,156,98.86000061035156,422.2300109863281,84.61000061035156,15.119999885559082,6977.27001953125,,,,,,,-0.8898322245277133,0,0,0,0,0,0,1
2026-01-13,4578.60009765625,4617.10009765625,4578.60009765625,4589.2001953125,239,99.12999725341797,421.6300048828125,85.87699890136719,15.979999542236328,6963.740234375,,,,,,,-0.4641310380257784,0,0,0,0,0,1,0
2026-01-14,4610.2998046875,4635.0,4608.2001953125,4626.2998046875,1313,99.12999725341797,425.94000244140625,90.86900329589844,16.75,6926.60009765625,,,,,,,0.010284314103905103,0,1,0,0,1,0,0
2026-01-15,4612.89990234375,4616.2998046875,4612.89990234375,4616.2998046875,4358,99.31999969482422,423.3299865722656,91.8759994506836,15.84000015258789,6944.47021484375,,,,,,,-0.8594751584491058,0,0,0,0,0,0,1
2026-01-16,4608.0,4608.0,4588.39990234375,4588.39990234375,352,99.38999938964844,421.2900085449219,88.09100341796875,15.859999656677246,6940.009765625,,,,,,,-0.5542081903400174,0,0,0,0,0,0,0
2026-01-20,4662.2001953125,4764.0,4661.7998046875,4759.60009765625,175,98.63999938964844,437.2300109863281,94.20600128173828,20.09000015258789,6796.85986328125,,,,,,,-0.41130445606831173,0,0,0,0,0,0,0
2026-01-21,4863.5,4872.2998046875,4771.5,4831.7998046875,1706,98.76000213623047,443.6000061035156,92.20999908447266,16.899999618530273,6875.6201171875,,,,,,,-0.5314067270704242,0,0,0,0,0,0,0
2026-01-22,4791.89990234375,4908.7998046875,4791.89990234375,4908.7998046875,1175,98.36000061035156,451.7900085449219,95.97599792480469,15.640000343322754,6913.35009765625,,,,,,,0.1076376569035193,0,0,0,0,0,0,0
2026-01-23,4949.60009765625,4976.2001953125,4936.0,4976.2001953125,169,97.5999984741211,458.0,100.92500305175781,16.09000015258789,6915.60986328125,,,,,,,0.18637014378501035,0,0,0,0,0,0,0
2026-01-26,5081.5,5095.60009765625,5052.2001953125,5079.7001953125,180,97.04000091552734,464.70001220703125,115.08000183105469,16.149999618530273,6950.22998046875,,,,,,,-1.497397789080374,0,0,0,0,0,0,0
2026-01-27,5079.89990234375,5079.89990234375,5079.89990234375,5079.89990234375,34,96.22000122070312,476.1000061035156,105.52300262451172,16.350000381469727,6978.60009765625,,,,,,,4.371593069007146,0,0,0,0,0,1,0
2026-01-28,5301.60009765625,5301.60009765625,5301.60009765625,5301.60009765625,112054,96.44999694824219,494.55999755859375,113.11100006103516,16.350000381469727,6978.02978515625,,,,,,,2.968736021310351,1,0,0,0,1,0,0
2026-01-29,5415.7001953125,5586.2001953125,5097.5,5318.39990234375,23709,96.27999877929688,495.8999938964844,114.03700256347656,16.8799991607666,6969.009765625,,,,,,,2.6519851282131093,0,0,0,0,0,1,1
2026-01-30,5376.39990234375,5440.5,4700.0,4713.89990234375,8374,96.98999786376953,444.95001220703125,78.29000091552734,17.440000534057617,6939.02978515625,,,,,,,4.3775605307243985,0,0,0,1,1,0,0
2026-02-02,4807.7001953125,4855.7998046875,4400.0,4622.5,3588,97.61000061035156,427.1300048828125,76.77799987792969,16.34000015258789,6976.43994140625,,,,,,,0.5753459049443288,0,0,0,0,0,0,1
2026-02-03,4680.0,4984.60009765625,4674.2998046875,4903.7001953125,1213,97.44000244140625,454.2900085449219,83.04199981689453,18.0,6917.81005859375,,,,,,,1.0240454038409734,0,0,0,0,0,0,0
2026-02-04,4923.2998046875,5082.2001953125,4897.89990234375,4920.39990234375,3886,97.62000274658203,453.9700012207031,84.16500091552734,18.639999389648438,6882.72021484375,,,,,,,0.2975793481824724,0,0,0,0,0,0,0
2026-02-05,5008.7001953125,5012.2998046875,4786.0,4861.39990234375,793,97.81999969482422,441.8800048828125,76.52899932861328,21.770000457763672,6798.39990234375,,,,,,,-2.1977882852148802,0,0,0,0,0,1,0
2026-02-06,4762.0,4958.5,4655.0,4951.2001953125,1386,97.62999725341797,455.4599914550781,76.73500061035156,20.3700008392334,6932.2998046875,,,,,,,-0.186267139032091,0,0,1,0,1,0,0
2026-02-09,5017.39990234375,5065.7001953125,4979.10009765625,5050.89990234375,170,96.81999969482422,467.0299987792969,82.06500244140625,17.360000610351562,6964.81982421875,,,,,,,0.6689813767729685,0,0,0,0,0,0,1
2026-02-10,5013.5,5029.0,5002.7001953125,5003.7998046875,281,96.80000305175781,462.3999938964844,80.21800231933594,17.790000915527344,6941.81005859375,,,,,,,0.557808235840356,0,0,0,0,0,1,0
2026-02-11,5049.89990234375,5111.2998046875,5041.2998046875,5071.60009765625,2681,96.83000183105469,467.6300048828125,83.75399780273438,17.649999618530273,6941.47021484375,,,,,,,0.1799994597545526,0,1,0,0,1,0,0
2026-02-12,5060.39990234375,5078.10009765625,4892.0,4923.7001953125,484,96.93000030517578,451.3900146484375,75.5459976196289,20.81999969482422,6832.759765625,,,,,,,-0.7602385056248303,0,0,0,0,0,0,1
2026-02-13,4953.0,5043.89990234375,4946.2001953125,5022.0,232,96.87999725341797,462.6199951171875,77.85099792480469,20.600000381469727,6836.169921875,,,,,,,0.03616819116064162,0,0,0,0,0,0,0
2026-02-17,5020.0,5020.0,4847.7998046875,4882.89990234375,540,97.16000366210938,448.20001220703125,73.4469985961914,20.290000915527344,6843.22021484375,,,,,,,-0.580255955004294,0,0,0,0,0,0,0
2026-02-18,4872.2001953125,4987.0,4869.5,4986.5,544,97.69999694824219,458.2799987792969,77.50900268554688,19.6200008392334,6881.31005859375,,,,,,,-0.3669108969522064,0,0,0,0,0,0,0
2026-02-19,5014.7001953125,5014.7001953125,4975.89990234375,4975.89990234375,37,97.93000030517578,459.55999755859375,77.56500244140625,20.229999542236328,6861.89013671875,,,,,,,0.44493942487310834,0,0,0,0,0,0,0
2026-02-20,5039.5,5072.7001953125,5039.5,5059.2998046875,134,97.80000305175781,468.6199951171875,82.28299713134766,19.09000015258789,6909.509765625,,,,,,,0.9266653858299049,0,0,0,0,0,0,0
2026-02-23,5120.2998046875,5211.60009765625,5120.2998046875,5204.7001953125,779,97.69999694824219,481.2799987792969,86.52300262451172,21.010000228881836,6837.75,,,,,,,0.6218578686184238,0,0,0,0,0,0,0
2026-02-24,5158.7998046875,5159.0,5112.7001953125,5155.7998046875,88,97.87999725341797,474.6099853515625,87.45700073242188,19.549999237060547,6890.06982421875,,,,,,,-0.13973139172183033,0,0,0,0,0,0,0
2026-02-25,5166.0,5206.39990234375,5166.0,5206.39990234375,1772,97.69999694824219,473.4200134277344,90.93900299072266,17.93000030517578,6946.1298828125,,,,,,,-2.121875090527922,0,0,0,0,0,0,0
2026-02-26,5177.2001953125,5199.2001953125,5143.89990234375,5176.5,1520,97.79000091552734,477.4800109863281,86.99800109863281,18.6299991607666,6908.85986328125,,,,,,,0.2470765064919932,0,0,0,0,0,1,0
2026-02-27,5186.7001953125,5280.0,5176.7001953125,5230.5,354,97.61000061035156,483.75,92.68199920654297,19.860000610351562,6878.8798828125,,,,,,,0.675686436952138,0,0,0,1,1,0,0
2026-03-02,5346.60009765625,5405.0,5266.2998046875,5294.39990234375,72,98.37999725341797,490.0,88.28399658203125,21.440000534057617,6881.6201171875,,,,,,,0.7726330601759932,0,0,0,0,0,0,1
2026-03-03,5298.7001953125,5303.7998046875,5023.0,5107.39990234375,1776,99.05000305175781,468.1400146484375,82.9229965209961,23.56999969482422,6816.6298828125,,,,,,,-0.828692680339316,0,0,0,0,0,0,0
2026-03-04,5130.7001953125,5180.2001953125,5117.2001953125,5120.2001953125,679,98.7699966430664,471.79998779296875,82.63300323486328,21.149999618530273,6869.5,,,,,,,0.04032986694608094,0,0,0,0,0,0,0
2026-03-05,5169.5,5169.5,5054.7001953125,5065.2998046875,1701,99.31999969482422,466.1300048828125,81.68699645996094,23.75,6830.7099609375,,,,,,,-0.1643264669883296,0,0,0,0,0,1,0
2026-03-06,5121.0,5146.10009765625,5076.10009765625,5146.10009765625,148,98.98999786376953,473.510009765625,83.81600189208984,29.489999771118164,6740.02001953125,,,,,,,-0.18047983709619533,0,0,1,0,1,0,0
2026-03-09,5155.0,5160.60009765625,5077.7001953125,5091.5,639,99.18000030517578,472.5299987792969,84.03199768066406,25.5,6795.990234375,,,,,,,1.2168622731382517,0,0,0,0,0,0,1
2026-03-10,5138.2001953125,5229.7001953125,5137.60009765625,5229.7001953125,4300,98.83000183105469,477.8599853515625,89.08300018310547,24.93000030517578,6781.47998046875,,,,,,,-1.323137342018573,0,0,0,0,0,1,0
2026-03-11,5190.7998046875,5191.2998046875,5167.39990234375,5167.39990234375,633,99.2300033569336,476.239990234375,85.06500244140625,24.229999542236328,6775.7998046875,,,,,,,0.0688381415296942,0,1,0,0,1,0,0
2026-03-12,5137.2001953125,5137.2001953125,5115.7998046875,5115.7998046875,410,99.73999786376953,466.8800048828125,84.66999816894531,27.290000915527344,6672.6201171875,,,,,,,-1.4743714299860466,0,0,0,0,0,0,1
2026-03-13,5089.60009765625,5117.0,5009.5,5052.5,479,100.36000061035156,460.8399963378906,80.91400146484375,27.190000534057617,6632.18994140625,,,,,,,-1.508355173857757,0,0,0,0,0,0,0
2026-03-16,5001.60009765625,5010.60009765625,4994.0,4994.0,130,99.70999908447266,460.42999267578125,80.26300048828125,23.510000228881836,6699.3798828125,,,,,,,0.17798832168481482,0,0,0,0,0,0,0
2026-03-17,5017.60009765625,5017.60009765625,4994.2001953125,5001.0,239,99.58000183105469,459.2699890136719,79.52999877929688,22.3700008392334,6716.08984375,,,,,,,-0.4409360571494396,0,0,0,0,0,1,0
2026-03-18,4949.60009765625,4949.60009765625,4821.7001953125,4889.89990234375,1461,100.08999633789062,444.739990234375,77.23799896240234,25.09000015258789,6624.7001953125,,,,,,,-1.8842090007361403,1,0,0,0,1,0,0
2026-03-19,4830.2998046875,4830.2998046875,4554.0,4600.7001953125,627,99.2300033569336,426.4100036621094,70.9020004272461,24.059999465942383,6606.490234375,,,,,,,0.9899216593332373,0,0,0,0,0,0,1
2026-03-20,4686.89990234375,4686.89990234375,4570.39990234375,4570.39990234375,235,99.6500015258789,413.3800048828125,69.36000061035156,26.780000686645508,6506.47998046875,,,,,,,-2.5445336437619925,0,0,0,0,0,0,0
2026-03-23,4353.0,4480.39990234375,4100.7998046875,4404.10009765625,544,98.94999694824219,404.0400085449219,69.04900360107422,26.149999618530273,6581.0,,,,,,,-0.5058210553678272,0,0,0,0,0,0,0
2026-03-24,4338.7001953125,4399.2998046875,4325.2001953125,4399.2998046875,378,99.43000030517578,404.1300048828125,69.27400207519531,26.950000762939453,6556.3701171875,,,,,,,-0.3276879291714187,0,0,0,0,0,0,0
2026-03-25,4549.0,4551.89990234375,4541.7998046875,4549.7998046875,388,99.5999984741211,416.2900085449219,72.36100006103516,25.329999923706055,6591.89990234375,,,,,,,-0.8921011656961064,0,0,0,0,0,0,0
2026-03-26,4441.5,4443.10009765625,4375.5,4375.5,1070,99.9000015258789,400.6400146484375,67.6709976196289,27.440000534057617,6477.16015625,,,,,,,-0.7645010710250985,0,0,0,0,0,1,0
2026-03-27,4492.0,4492.0,4492.0,4492.0,1070,100.1500015258789,414.70001220703125,69.54499816894531,31.049999237060547,6368.85009765625,,,,,,,0.40745029535367,0,0,0,1,1,0,0
2026-03-30,4520.0,4611.39990234375,4444.7001953125,4565.89990234375,101551,100.45999908447266,416.1300048828125,70.56500244140625,30.329999923706055,6379.169921875,,,,,,,-1.3942567068662477,0,0,0,0,0,0,1
